# Frielingen-9 mudstone (Lower Cretaceous, eastern Lower Saxony Basin)
# Source: Thoele et al. 2019, PANGAEA 897615 (CC-BY 4.0); discrete WD-XRF + CaCO3 + TOC.
# https://doi.pangaea.de/10.1594/PANGAEA.897615  | paper: https://doi.org/10.1002/dep2.83
# Complete-suite samples only (rows with SiO2/Al2O3/Rb/Zr/CaCO3/TOC). Rb,Zr in mg/kg.
depth_m,SiO2_pct,Al2O3_pct,Rb_mgkg,Zr_mgkg,CaCO3_pct,TOC_pct
15.39,42.67,20.06,150,113,19.92,0.31
16.00,40.06,18.83,142,112,25.25,0.47
17.21,23.61,10.87,83,71,42.83,6.06
19.25,36.22,16.40,130,113,6.50,5.51
20.20,48.36,20.29,154,164,0.33,5.11
22.14,51.84,22.11,171,167,1.17,1.48
23.30,48.89,21.14,163,156,0.67,2.68
24.15,50.18,21.64,168,161,1.17,2.15
25.03,50.52,21.46,168,164,0.58,2.45
26.20,44.88,19.37,150,152,0.50,4.16
27.20,52.89,22.99,179,165,1.83,0.87
28.20,51.38,21.05,167,169,3.92,1.32
29.20,48.46,20.59,167,157,7.25,1.25
30.44,51.66,21.20,170,165,3.08,1.07
31.77,51.04,21.11,166,161,3.75,0.94
32.55,51.96,21.15,173,171,2.08,0.90
33.75,47.74,19.79,165,145,10.25,1.41
34.75,48.18,19.55,166,152,11.00,1.18
35.65,50.78,20.00,167,155,3.92,0.82
36.75,52.80,21.46,172,165,2.33,1.52
37.75,49.63,19.48,172,150,8.08,1.01
38.71,51.64,20.27,173,154,7.08,0.82
39.76,54.71,21.95,172,167,0.58,1.37
40.75,48.88,19.04,162,151,12.50,0.86
41.75,54.09,21.14,166,177,0.83,1.52
42.75,52.66,20.97,173,163,3.58,1.39
43.75,53.57,20.86,175,173,1.83,1.69
44.75,49.19,20.71,164,148,10.25,0.87
45.64,44.69,18.33,143,130,18.67,0.98
45.72,49.01,20.98,169,145,2.00,1.79
46.75,41.32,17.15,132,125,23.25,0.82
47.76,47.43,19.20,157,142,10.83,1.50
48.75,46.75,19.66,157,150,11.42,1.41
49.75,45.32,18.96,146,135,15.83,1.29
50.75,52.25,21.54,172,159,1.00,1.24
51.75,48.20,19.89,154,141,12.00,0.83
52.75,49.98,21.01,168,148,6.25,1.04
53.75,49.54,19.99,163,147,4.25,2.16
55.75,50.10,20.34,165,153,5.58,1.72
56.75,53.94,20.92,170,164,4.17,0.81
57.75,50.73,20.53,163,150,4.25,1.23
58.75,50.23,19.38,161,155,3.00,1.81
59.75,47.63,19.20,155,147,2.33,1.83
60.76,52.42,20.64,171,159,3.00,1.30
61.75,51.90,20.73,171,158,4.83,1.56
62.75,49.92,20.86,172,147,7.08,0.88
63.75,49.21,20.10,162,150,6.92,0.74
64.75,44.48,18.53,151,134,9.50,1.88
65.75,49.35,19.91,161,153,11.17,0.76
66.75,46.29,19.05,157,138,10.08,1.47
67.75,47.75,20.10,158,148,11.08,1.52
68.75,36.74,15.56,101,108,32.08,0.78
69.75,19.97,8.91,52,64,45.58,3.22
70.75,29.57,12.85,86,93,27.75,2.65
71.75,48.72,19.87,161,155,10.58,0.84
72.75,50.44,21.58,177,155,5.67,0.86
73.75,49.19,20.57,161,146,9.50,0.79
74.75,46.91,20.11,158,150,12.08,0.75
75.64,47.76,19.94,154,145,11.17,0.75
76.75,43.38,17.97,143,131,16.92,0.59
77.75,43.97,18.14,141,131,17.58,0.69
78.75,47.83,19.40,153,148,11.58,0.73
79.72,45.02,19.40,157,137,14.58,0.67
80.75,35.04,14.47,92,108,31.33,0.71
81.76,46.65,19.18,147,142,13.67,0.74
82.75,47.94,18.73,152,160,12.33,0.89
83.75,45.16,18.11,151,142,12.92,0.82
84.75,48.90,19.28,158,153,11.58,0.63
85.75,45.01,18.47,153,134,16.50,0.73
86.75,48.00,18.77,145,157,11.17,0.88
87.75,48.62,19.51,153,151,10.50,0.82
88.75,41.67,17.02,122,130,22.83,0.64
89.75,41.64,17.41,125,124,22.33,0.65
90.75,42.71,17.59,141,138,12.25,0.78
91.75,48.97,20.16,158,151,9.08,0.87
92.75,42.26,17.21,133,127,21.17,0.61
93.65,33.50,13.59,75,104,37.33,0.52
95.75,48.42,19.53,155,150,11.75,0.77
96.75,50.91,20.79,166,163,6.58,0.77
97.75,46.17,18.83,150,144,15.00,0.78
98.75,35.36,14.37,105,101,33.08,0.59
99.75,50.09,21.35,168,156,5.92,0.96
100.75,49.22,20.06,153,158,7.75,1.09
101.76,49.06,19.69,156,154,8.92,0.93
102.75,49.92,19.84,155,160,8.92,0.88
103.75,46.61,19.15,147,143,11.92,0.93
104.75,50.56,21.25,160,153,5.50,1.10
105.25,47.71,20.37,160,141,9.17,1.18
105.73,47.20,19.05,152,138,12.25,1.01
105.74,45.92,18.62,150,133,14.33,0.99
107.75,43.12,17.28,127,125,20.83,0.80
108.75,47.81,20.15,147,160,6.08,2.18
109.75,50.54,21.46,160,169,4.42,1.19
110.75,48.47,20.79,155,154,8.75,0.79
111.75,41.61,17.29,116,131,22.75,0.62
113.75,46.27,18.35,139,145,14.75,0.92
114.75,50.07,19.94,150,167,6.08,1.18
115.75,48.12,19.10,143,155,11.58,0.83
118.75,41.99,16.98,113,136,21.00,0.77
119.75,50.14,19.75,154,160,6.42,1.30
120.79,45.78,19.52,146,219,12.42,0.85
121.75,40.14,16.43,100,138,25.17,0.61
123.69,47.38,18.94,146,149,13.50,0.92
124.75,45.64,18.51,149,138,14.25,1.02
125.75,45.90,18.83,149,141,10.08,1.95
126.78,43.45,17.76,132,131,21.17,0.50
127.71,45.92,17.97,137,147,16.67,0.71
128.75,52.26,19.06,146,182,7.25,0.76
129.75,47.03,17.67,144,155,14.83,0.67
130.75,53.15,19.49,148,180,5.58,0.72
131.74,52.82,19.98,161,187,4.33,0.73
132.75,54.19,20.38,164,183,2.17,0.73
133.73,39.81,15.73,127,124,26.08,0.43
134.64,39.80,16.28,132,127,23.42,0.45
136.75,52.55,20.23,157,185,5.25,0.73
137.75,49.20,19.76,159,158,10.67,0.64
138.75,45.14,18.45,155,144,16.42,0.44
139.75,54.13,20.87,165,181,3.17,0.76
140.76,32.77,12.79,104,115,29.00,0.45
142.75,53.84,19.64,153,189,4.83,0.76
143.70,52.84,19.38,157,187,5.58,0.74
145.75,52.10,19.74,162,178,7.75,0.62
146.75,49.65,19.92,167,156,8.42,0.72
147.75,51.28,19.79,158,167,6.50,0.84
148.75,55.28,21.10,168,184,1.75,0.78
149.73,53.26,21.36,175,164,0.92,1.34
150.75,54.58,21.76,173,166,0.67,0.91
151.74,53.37,20.82,164,175,3.08,0.98
152.75,54.83,21.46,174,172,2.00,0.82
153.74,54.20,21.15,163,178,1.92,0.95
155.75,53.71,20.29,161,180,4.25,0.80
156.74,48.32,18.03,146,158,13.33,0.59
157.76,54.77,20.41,160,190,2.67,0.83
158.75,50.93,19.29,155,167,7.42,0.82
159.76,54.22,20.87,172,181,1.67,0.97
161.11,53.98,20.47,165,195,1.75,0.89
162.29,54.06,20.50,169,181,2.33,0.91
163.24,53.69,20.29,167,178,4.83,0.75
163.65,54.75,20.51,170,180,2.25,0.97
166.13,46.70,17.03,142,153,17.17,0.55
168.40,54.55,19.80,164,181,3.42,0.83
172.25,43.50,16.09,124,137,23.08,0.50
172.75,51.26,18.99,151,166,8.92,0.61
173.76,53.08,18.31,154,178,6.92,0.86
174.74,50.48,18.30,154,163,11.17,0.70
175.75,50.67,18.57,147,160,11.75,0.54
176.75,57.78,18.78,151,211,3.00,0.82
177.75,53.91,17.90,143,204,7.42,0.61
178.25,50.55,17.74,150,177,12.50,0.49
179.25,49.08,19.70,164,182,9.75,0.45
180.33,52.84,18.37,156,190,8.08,0.56
181.25,45.13,15.73,128,166,12.75,0.65
182.25,51.64,17.90,149,183,10.42,0.58
182.76,52.45,19.07,157,178,7.25,0.56
183.75,52.72,19.39,170,165,6.92,0.50
184.80,46.99,18.74,155,147,6.42,0.56
185.25,46.19,17.17,142,144,18.42,0.47
185.75,53.59,20.10,170,174,5.75,0.55
186.25,45.05,16.85,143,144,19.92,0.39
186.74,51.03,20.21,168,163,7.58,0.67
187.75,50.66,19.19,161,158,8.75,0.82
188.73,50.22,18.44,151,165,11.50,0.63
189.74,46.66,17.08,144,153,17.92,0.57
190.75,47.98,17.96,144,160,15.08,0.69
191.76,43.76,15.99,119,158,21.17,0.62
192.75,55.26,18.73,152,200,4.92,0.76
194.75,53.18,17.64,141,187,8.58,0.78
195.86,52.90,17.93,145,181,8.92,0.73
196.75,56.56,18.04,144,207,4.75,0.83
197.75,52.78,18.01,146,185,9.67,0.56
198.88,53.89,19.51,160,181,4.83,0.69
199.92,52.68,18.05,144,187,8.75,0.70
200.92,53.82,17.55,138,206,7.67,0.73
201.92,53.51,18.62,143,187,6.25,0.75
202.91,57.17,17.88,140,232,4.75,0.67
203.94,56.31,17.57,143,218,5.50,0.87
204.91,57.14,17.31,142,211,5.75,0.75
205.89,51.40,17.63,143,183,10.92,0.73
206.85,53.03,18.40,148,194,8.25,0.59
207.75,54.92,16.77,139,213,9.58,0.60
208.75,54.13,17.75,141,197,7.83,0.72
209.76,45.98,17.10,142,154,18.50,0.48
210.38,50.71,18.85,148,174,11.00,0.60
211.76,54.77,18.42,148,207,6.75,0.70
212.75,48.78,17.83,136,180,13.08,0.74
213.74,52.72,17.00,131,203,11.33,0.76
214.75,46.33,16.34,119,167,18.83,0.68
216.75,50.32,19.06,149,183,10.67,0.68
217.75,49.50,17.30,139,192,13.50,0.68
218.75,53.73,18.47,147,272,7.17,0.68
219.75,56.34,18.19,144,205,5.67,0.64
220.75,51.06,18.07,145,172,10.58,0.67
221.75,52.44,18.59,164,172,7.83,0.68
222.78,48.97,19.60,178,149,9.25,0.62
223.75,47.85,16.98,141,158,16.00,0.60
224.75,52.76,17.49,139,196,10.92,0.58
225.75,54.38,17.01,132,215,9.58,0.62
226.89,50.93,18.94,166,163,8.42,0.58
227.73,52.55,17.97,145,173,9.42,0.54
228.92,53.14,20.43,171,164,5.17,0.60
229.91,54.33,20.80,187,172,2.92,0.66
230.92,35.94,12.62,94,133,34.83,0.36
231.92,50.37,18.14,144,169,9.75,0.80
232.92,54.94,20.39,178,181,1.75,0.73
233.92,46.62,18.01,155,140,13.50,0.62
234.92,44.34,14.85,99,164,22.58,0.63
235.90,53.69,16.78,123,210,10.42,0.60
237.75,46.09,17.33,134,153,16.17,0.68
238.91,48.11,17.08,135,167,15.58,0.63
241.40,55.89,19.81,160,205,2.58,0.77
242.42,52.46,20.04,156,182,5.42,0.76
243.25,53.56,20.45,167,176,4.50,0.62
244.25,56.45,19.86,160,204,3.25,0.64
244.75,53.03,19.48,152,185,6.58,0.74
245.18,55.04,19.61,146,197,4.92,0.83
246.74,53.69,18.94,155,182,7.00,0.86
247.74,53.91,18.74,136,198,6.75,0.78
248.75,55.45,19.03,147,187,5.25,0.84
249.75,52.65,17.79,141,182,10.08,0.71
