depth_m,x_SiO2,x_Al2O3,x_Rb,x_Zr,clr_SiO2,clr_Al2O3,clr_Rb,clr_Zr,aitchison_step,helmsman,regime,Keff,cnq_radial,bary_x,bary_y,logSiAl,logZrRb,CaCO3_pct,TOC_pct,alpha_SiO2,alpha_Al2O3,alpha_Rb,alpha_Zr
15.39,0.679932,0.319649,0.000239,0.00018,4.2361,3.4813,-3.7171,-4.0003,0.0,,0,1.8784,7.7385,-0.3115,-0.0543,0.7548,-0.2832,19.92,0.31,,,,
16.0,0.679958,0.319611,0.000241,0.00019,4.2205,3.4656,-3.7244,-3.9617,0.0451,Zr,0,1.8785,7.7064,-0.2747,-0.0428,0.7549,-0.2373,25.25,0.47,0.18,0.38,109.32,4069.66
17.21,0.684439,0.315114,0.000241,0.000206,4.2095,3.4339,-3.7436,-3.8998,0.073,Zr,0,1.8723,7.6639,-0.2072,-0.0274,0.7757,-0.1562,42.83,6.06,0.03,0.59,288.2,3783.95
19.25,0.688014,0.311525,0.000247,0.000215,4.1993,3.407,-3.7331,-3.8732,0.0405,Al2O3,0,1.8673,7.6276,-0.1825,0.0024,0.7923,-0.1401,6.5,5.51,0.09,1.4,280.52,2086.21
20.2,0.704117,0.29542,0.000224,0.000239,4.2274,3.3589,-3.8246,-3.7617,0.1547,Zr,0,1.8425,7.6113,-0.0299,-0.023,0.8685,0.0629,0.33,5.11,0.05,0.31,1418.58,2422.19
22.14,0.700694,0.298849,0.000231,0.000226,4.2274,3.3752,-3.7895,-3.8131,0.0644,Zr,0,1.8478,7.6265,-0.0924,-0.0141,0.8521,-0.0237,1.17,1.48,0.0,0.22,1329.28,2670.1
23.3,0.697812,0.301733,0.000233,0.000223,4.2237,3.3853,-3.7825,-3.8264,0.0184,Zr,0,1.8523,7.632,-0.1105,-0.0168,0.8384,-0.0439,0.67,2.68,0.06,0.99,619.82,2304.29
24.15,0.698371,0.301171,0.000234,0.000224,4.2219,3.3808,-3.7801,-3.8226,0.0065,Al2O3,0,1.8515,7.626,-0.1073,-0.0114,0.8411,-0.0426,1.17,2.15,0.1,1.52,590.16,1488.63
25.03,0.701538,0.298001,0.000233,0.000228,4.2244,3.3683,-3.7843,-3.8084,0.0196,Zr,0,1.8466,7.6168,-0.0888,-0.0048,0.8562,-0.0241,0.58,2.45,0.02,1.36,197.33,2352.79
26.2,0.698193,0.301337,0.000233,0.000236,4.2086,3.3683,-3.7951,-3.7818,0.0327,Zr,0,1.8519,7.6002,-0.0662,-0.0078,0.8403,0.0132,0.5,4.16,0.33,0.0,466.06,2886.35
27.2,0.696706,0.302841,0.000236,0.000217,4.2242,3.3911,-3.7669,-3.8484,0.0773,Zr,0,1.854,7.6383,-0.1369,-0.0119,0.8332,-0.0814,1.83,0.87,0.06,0.29,568.36,3129.85
28.2,0.709046,0.290491,0.00023,0.000233,4.2359,3.3436,-3.7957,-3.7838,0.086,Zr,0,1.8345,7.6057,-0.0525,0.0047,0.8923,0.0119,3.92,1.32,0.03,1.01,474.07,2596.46
29.2,0.701481,0.29805,0.000242,0.000227,4.216,3.36,-3.7571,-3.8189,0.0582,Rb,0,1.8467,7.6003,-0.1075,0.0203,0.8559,-0.0617,7.25,1.25,0.17,0.28,1904.79,1559.05
30.44,0.708705,0.290835,0.000233,0.000226,4.2397,3.3491,-3.7795,-3.8093,0.0357,SiO2,0,1.835,7.6149,-0.0812,0.0095,0.8907,-0.0299,3.08,1.07,0.63,0.32,1619.1,314.91
31.77,0.707095,0.292452,0.00023,0.000223,4.2438,3.361,-3.7871,-3.8177,0.0169,Al2O3,0,1.8375,7.6304,-0.0883,-0.0055,0.8829,-0.0306,3.75,0.94,0.08,1.7,875.47,1073.71
32.55,0.710376,0.289154,0.000237,0.000234,4.2314,3.3325,-3.7761,-3.7878,0.0445,Zr,0,1.8324,7.5906,-0.0609,0.0264,0.8988,-0.0116,2.08,0.9,0.11,1.4,265.73,2025.55
33.75,0.706621,0.29292,0.000244,0.000215,4.2375,3.3569,-3.7326,-3.8618,0.0895,Zr,0,1.8384,7.6205,-0.1468,0.0327,0.8806,-0.1292,10.25,1.41,0.01,0.26,998.7,2928.89
34.75,0.71102,0.288511,0.000245,0.000224,4.2342,3.3322,-3.7391,-3.8272,0.0432,Zr,0,1.8313,7.5935,-0.1077,0.0487,0.902,-0.0881,11.0,1.18,0.01,1.12,92.21,2994.44
35.65,0.717108,0.282437,0.000236,0.000219,4.2615,3.3297,-3.7583,-3.8329,0.034,SiO2,0,1.821,7.62,-0.0974,0.0324,0.9318,-0.0746,3.92,0.82,0.91,0.02,1303.46,124.75
36.75,0.710693,0.288854,0.000232,0.000222,4.2501,3.3498,-3.7792,-3.8208,0.0334,Rb,0,1.8317,7.6266,-0.0886,0.0066,0.9003,-0.0415,2.33,1.52,0.16,1.28,1657.43,603.6
37.75,0.717796,0.281738,0.000249,0.000217,4.2517,3.3165,-3.7157,-3.8526,0.0785,Rb,0,1.8199,7.5977,-0.1285,0.0712,0.9352,-0.1369,8.08,1.01,0.0,0.62,2830.02,740.16
38.71,0.717793,0.281752,0.00024,0.000214,4.2635,3.3284,-3.7378,-3.8541,0.0278,Rb,0,1.8198,7.6211,-0.1223,0.0456,0.9352,-0.1163,7.08,0.82,0.25,0.65,2547.2,14.59
39.76,0.713355,0.286203,0.000224,0.000218,4.2681,3.3549,-3.7968,-3.8263,0.0705,Rb,0,1.8271,7.6503,-0.0836,-0.0124,0.9133,-0.0295,0.58,1.37,0.01,0.5,2905.06,730.35
40.75,0.719339,0.280201,0.000238,0.000222,4.2593,3.3165,-3.7528,-3.8231,0.0591,Rb,0,1.8172,7.6053,-0.0874,0.0466,0.9428,-0.0703,12.5,0.86,0.03,1.47,2469.85,13.17
41.75,0.718667,0.280877,0.000221,0.000235,4.2633,3.3238,-3.8257,-3.7615,0.0958,Rb,0,1.8183,7.6163,-0.0087,-0.0049,0.9395,0.0642,0.83,1.52,0.0,0.02,2429.52,1859.3
42.75,0.714871,0.284672,0.000235,0.000221,4.2555,3.3348,-3.7654,-3.8249,0.0885,Zr,0,1.8247,7.6183,-0.0911,0.0256,0.9208,-0.0595,3.58,1.39,0.01,0.05,2103.32,2181.81
43.75,0.7194,0.280132,0.000235,0.000232,4.2519,3.3088,-3.7746,-3.7861,0.0477,Zr,0,1.8172,7.5901,-0.047,0.041,0.9432,-0.0115,1.83,1.69,0.01,1.04,158.98,2985.5
44.75,0.703406,0.296148,0.000235,0.000212,4.245,3.3799,-3.7612,-3.8638,0.1064,Zr,0,1.8434,7.6498,-0.1432,-0.0045,0.8651,-0.1027,10.25,0.87,0.01,1.6,68.1,2293.3
45.64,0.708833,0.290734,0.000227,0.000206,4.2703,3.379,-3.777,-3.8723,0.031,SiO2,0,1.8345,7.6755,-0.1376,-0.0195,0.8912,-0.0953,18.67,0.98,0.94,0.0,1113.82,356.13
45.72,0.699929,0.299623,0.000241,0.000207,4.2366,3.3882,-3.7358,-3.889,0.0565,Rb,0,1.8489,7.6492,-0.1791,0.0066,0.8485,-0.1532,2.0,1.79,0.5,0.09,2344.36,423.17
46.75,0.706377,0.293184,0.000226,0.000214,4.2579,3.3786,-3.791,-3.8455,0.074,Rb,0,1.8385,7.6618,-0.1125,-0.0248,0.8793,-0.0545,23.25,0.82,0.12,0.06,2299.24,1669.02
47.76,0.711522,0.288029,0.000236,0.000213,4.2579,3.3535,-3.7555,-3.8559,0.0447,Rb,0,1.8302,7.6385,-0.1267,0.0165,0.9043,-0.1004,10.83,1.5,0.0,1.07,2797.91,255.17
48.75,0.703635,0.295903,0.000236,0.000226,4.2274,3.3612,-3.7715,-3.8171,0.0524,Zr,0,1.8432,7.6133,-0.098,0.0079,0.8662,-0.0456,11.42,1.41,0.47,0.07,395.76,2572.46
49.75,0.704732,0.294831,0.000227,0.00021,4.2577,3.3863,-3.7828,-3.8611,0.0601,Zr,0,1.8411,7.6689,-0.1315,-0.0258,0.8714,-0.0783,15.83,1.29,0.36,0.59,149.91,2377.76
50.75,0.707773,0.291779,0.000233,0.000215,4.2506,3.3645,-3.7683,-3.8469,0.0306,Al2O3,0,1.8364,7.6411,-0.1196,0.0018,0.8861,-0.0786,1.0,1.24,0.08,1.71,993.49,1032.95
51.75,0.70758,0.291987,0.000226,0.000207,4.2677,3.3826,-3.781,-3.8692,0.0358,Zr,0,1.8365,7.6761,-0.1353,-0.0242,0.8851,-0.0882,12.0,0.83,0.32,0.87,547.32,1811.61
52.75,0.70373,0.295825,0.000237,0.000208,4.2473,3.3807,-3.7507,-3.8774,0.0375,Rb,0,1.8429,7.6532,-0.1584,0.0008,0.8666,-0.1268,6.25,1.04,0.42,0.01,2900.44,229.03
53.75,0.712181,0.287374,0.000234,0.000211,4.2624,3.3549,-3.757,-3.8603,0.0351,Al2O3,0,1.8291,7.6446,-0.1292,0.0135,0.9075,-0.1033,4.25,2.16,0.26,1.84,137.04,1145.27
55.75,0.710923,0.288626,0.000234,0.000217,4.2534,3.352,-3.765,-3.8405,0.0233,Zr,0,1.8313,7.6323,-0.1106,0.0129,0.9014,-0.0755,5.58,1.72,0.21,0.05,501.87,3407.73
56.75,0.720224,0.27933,0.000227,0.000219,4.277,3.3298,-3.7854,-3.8214,0.0428,SiO2,0,1.8155,7.6363,-0.0733,0.012,0.9472,-0.0359,4.17,0.81,0.43,0.93,977.16,919.47
57.75,0.711588,0.287973,0.000229,0.00021,4.2685,3.3639,-3.7746,-3.8577,0.0517,Zr,0,1.83,7.6593,-0.1217,-0.0058,0.9046,-0.0831,4.25,1.23,0.04,1.55,193.03,2262.47
58.75,0.721264,0.278282,0.000231,0.000223,4.2704,3.318,-3.7752,-3.8132,0.064,Al2O3,0,1.8138,7.6182,-0.0681,0.0291,0.9524,-0.038,3.0,1.81,0.0,1.78,0.37,2307.09
59.75,0.712382,0.287166,0.000232,0.00022,4.2556,3.347,-3.7748,-3.8278,0.0357,Al2O3,0,1.8288,7.6298,-0.0939,0.0102,0.9086,-0.053,2.33,1.83,0.24,2.37,0.57,755.5
60.76,0.717169,0.28238,0.000234,0.000218,4.2652,3.3331,-3.7628,-3.8355,0.0221,Al2O3,0,1.8208,7.627,-0.0981,0.0262,0.9321,-0.0728,3.0,1.3,0.26,1.37,1272.3,556.18
61.75,0.714257,0.28529,0.000235,0.000217,4.2582,3.3405,-3.7598,-3.8389,0.0111,Al2O3,0,1.8257,7.6265,-0.1062,0.0239,0.9177,-0.0791,4.83,1.56,0.55,1.56,307.48,415.44
62.75,0.704966,0.294583,0.000243,0.000208,4.244,3.3715,-3.7292,-3.8863,0.0659,Zr,0,1.8409,7.6413,-0.1719,0.0219,0.8726,-0.1571,7.08,0.88,0.06,0.77,915.24,2380.02
63.75,0.709679,0.289871,0.000234,0.000216,4.2525,3.3571,-3.7663,-3.8433,0.0592,Zr,0,1.8333,7.6361,-0.1144,0.0083,0.8954,-0.077,6.92,0.74,0.03,0.2,1619.24,2541.68
64.75,0.705601,0.293947,0.00024,0.000213,4.2428,3.3672,-3.7453,-3.8647,0.0331,Zr,0,1.8399,7.6356,-0.1464,0.0157,0.8756,-0.1194,9.5,1.88,0.12,0.32,1730.91,1932.7
65.75,0.71221,0.287337,0.000232,0.000221,4.2536,3.3459,-3.7743,-3.8252,0.0545,Zr,0,1.8292,7.6266,-0.0921,0.0119,0.9077,-0.051,11.17,0.76,0.06,0.52,1182.57,2470.44
66.75,0.708128,0.29142,0.00024,0.000211,4.2487,3.3609,-3.7403,-3.8693,0.0578,Zr,0,1.8358,7.636,-0.1486,0.0223,0.8879,-0.129,10.08,1.47,0.01,0.23,1485.35,2629.74
67.75,0.703441,0.296108,0.000233,0.000218,4.2395,3.3743,-3.7742,-3.8396,0.0479,Rb,0,1.8434,7.6385,-0.1172,-0.0068,0.8653,-0.0654,11.08,1.52,0.05,0.27,2084.56,1820.07
68.75,0.702205,0.297395,0.000193,0.000206,4.2976,3.4384,-3.9015,-3.8345,0.154,Rb,0,1.8447,7.76,-0.0706,-0.1488,0.8592,0.067,32.08,0.78,0.2,0.59,2935.53,5.02
69.75,0.691204,0.308394,0.00018,0.000222,4.2765,3.4695,-3.9768,-3.7692,0.1065,Rb,0,1.8617,7.7684,-0.002,-0.2143,0.8071,0.2076,45.58,3.22,0.06,0.29,2589.58,1821.99
70.75,0.696783,0.302795,0.000203,0.000219,4.2602,3.4268,-3.8826,-3.8043,0.1105,Rb,0,1.8535,7.7097,-0.0579,-0.1192,0.8334,0.0783,27.75,2.65,0.03,0.48,4041.29,457.74
71.75,0.709981,0.289559,0.000235,0.000226,4.2412,3.3443,-3.7738,-3.8118,0.138,Rb,0,1.8329,7.6121,-0.0835,0.0163,0.8969,-0.038,10.58,0.84,0.03,1.18,3066.94,13.19
72.75,0.700038,0.299501,0.000246,0.000215,4.2229,3.3739,-3.7321,-3.8648,0.0759,Zr,0,1.8489,7.6211,-0.1588,0.0233,0.849,-0.1327,5.67,0.86,0.08,0.52,1289.22,2159.11
73.75,0.704822,0.294738,0.000231,0.000209,4.2547,3.3829,-3.7699,-3.8677,0.0503,Rb,0,1.841,7.6627,-0.1417,-0.0145,0.8719,-0.0978,9.5,0.79,0.57,0.11,2302.42,15.61
74.75,0.699619,0.299922,0.000236,0.000224,4.2227,3.3757,-3.7732,-3.8252,0.0538,Zr,0,1.8495,7.6221,-0.1101,-0.0034,0.847,-0.052,12.08,0.75,0.5,0.06,16.81,2984.78
75.64,0.705154,0.294405,0.000227,0.000214,4.2532,3.3797,-3.7864,-3.8466,0.0397,SiO2,0,1.8405,7.658,-0.1168,-0.0218,0.8735,-0.0602,11.17,0.75,0.84,0.03,465.26,1296.32
76.75,0.706775,0.292779,0.000233,0.000213,4.251,3.3697,-3.7665,-3.8542,0.0236,Rb,0,1.838,7.6464,-0.1281,-0.0013,0.8813,-0.0876,16.92,0.59,0.01,0.61,3108.76,483.19
77.75,0.707628,0.291935,0.000227,0.000211,4.2623,3.3769,-3.7828,-3.8564,0.0212,Rb,0,1.8365,7.665,-0.1232,-0.0195,0.8854,-0.0736,17.58,0.69,0.4,0.39,2530.88,51.39
78.75,0.71112,0.288433,0.000227,0.00022,4.2577,3.3553,-3.7899,-3.8231,0.0405,Zr,0,1.8309,7.6397,-0.0864,-0.006,0.9024,-0.0332,11.58,0.73,0.02,0.97,133.77,3192.75
79.72,0.698532,0.301011,0.000244,0.000213,4.2251,3.3833,-3.7361,-3.8723,0.0846,Rb,0,1.8512,7.6323,-0.1662,0.013,0.8418,-0.1363,14.58,0.67,0.21,0.38,1775.92,1538.44
80.75,0.70745,0.292146,0.000186,0.000218,4.3035,3.4191,-3.9415,-3.7812,0.2407,Rb,1,1.8363,7.7488,-0.0022,-0.1597,0.8844,0.1603,31.33,0.71,0.15,0.07,2989.55,674.98
81.76,0.708333,0.291229,0.000223,0.000216,4.2621,3.3733,-3.8004,-3.835,0.1631,Rb,0,1.8353,7.6613,-0.0973,-0.0276,0.8888,-0.0346,13.67,0.74,0.09,0.27,4025.48,500.5
82.75,0.718728,0.280805,0.000228,0.00024,4.2503,3.3105,-3.8061,-3.7548,0.1028,Zr,0,1.8184,7.5901,-0.0094,0.0206,0.9398,0.0513,12.33,0.89,0.02,1.28,13.46,2829.54
83.75,0.713436,0.286101,0.000239,0.000224,4.2454,3.3317,-3.7578,-3.8193,0.0834,Zr,0,1.8272,7.6047,-0.0908,0.035,0.9137,-0.0615,12.92,0.82,0.0,0.23,1466.9,2492.42
84.75,0.716892,0.282652,0.000232,0.000224,4.2595,3.3288,-3.778,-3.8102,0.0264,Rb,0,1.8213,7.6168,-0.0708,0.0215,0.9307,-0.0322,11.58,0.63,0.4,0.04,2458.23,527.47
85.75,0.708722,0.290826,0.000241,0.000211,4.2492,3.3585,-3.7376,-3.8702,0.0789,Zr,0,1.8349,7.6343,-0.1495,0.0257,0.8907,-0.1326,16.5,0.73,0.02,0.5,1137.43,2575.66
86.75,0.718561,0.280987,0.000217,0.000235,4.2673,3.3283,-3.8375,-3.758,0.1543,Zr,0,1.8184,7.6248,-0.0017,-0.0166,0.9389,0.0795,11.17,0.88,0.02,0.13,1742.75,2503.61
87.75,0.713317,0.286237,0.000224,0.000222,4.2635,3.3504,-3.8004,-3.8136,0.0705,Zr,0,1.8272,7.6413,-0.0712,-0.0101,0.9131,-0.0132,10.5,0.82,0.0,0.35,1279.41,2642.07
88.75,0.709697,0.289874,0.000208,0.000221,4.276,3.3806,-3.8601,-3.7966,0.0701,Rb,0,1.833,7.6829,-0.0407,-0.0732,0.8954,0.0635,22.83,0.64,0.04,0.65,3226.03,264.89
89.75,0.704868,0.294711,0.000212,0.00021,4.2756,3.4035,-3.8355,-3.8436,0.0578,Zr,0,1.8407,7.7038,-0.0976,-0.0758,0.872,-0.008,22.33,0.65,0.0,0.54,870.45,2989.7
90.75,0.707964,0.291573,0.000234,0.000229,4.2352,3.3481,-3.7809,-3.8024,0.0969,Al2O3,0,1.8363,7.6091,-0.0756,0.0105,0.8871,-0.0215,12.25,0.78,0.25,1.11,1502.27,861.66
91.75,0.708059,0.291494,0.000228,0.000218,4.2527,3.3652,-3.7863,-3.8316,0.0385,Zr,0,1.8359,7.6437,-0.0995,-0.0103,0.8875,-0.0453,9.08,0.87,0.29,0.68,84.54,2517.0
92.75,0.7103,0.289263,0.000224,0.000213,4.268,3.3697,-3.7958,-3.842,0.0213,SiO2,0,1.8321,7.6642,-0.1022,-0.0233,0.8984,-0.0462,21.17,0.61,0.73,0.15,873.98,1081.07
93.65,0.711133,0.288487,0.000159,0.000221,4.346,3.4438,-4.0584,-3.7315,0.3045,Rb,1,1.83,7.8193,0.0873,-0.2609,0.9022,0.3269,37.33,0.52,0.09,0.2,3326.24,616.66
95.75,0.712263,0.287288,0.000228,0.000221,4.2586,3.3506,-3.7882,-3.821,0.312,Rb,1,1.829,7.6363,-0.0835,-0.0016,0.908,-0.0328,11.75,0.77,0.11,0.31,4709.94,373.26
96.75,0.709716,0.289825,0.000231,0.000227,4.2427,3.3471,-3.7857,-3.804,0.0237,Zr,0,1.8333,7.6161,-0.0729,0.0065,0.8956,-0.0182,6.58,0.77,0.63,0.08,46.88,2337.52
97.75,0.709987,0.289561,0.000231,0.000221,4.2504,3.3536,-3.7816,-3.8224,0.0214,Zr,0,1.8328,7.6305,-0.0902,0.0022,0.8969,-0.0408,15.0,0.78,0.19,0.32,162.23,3252.0
98.75,0.710745,0.288841,0.000211,0.000203,4.2958,3.3954,-3.8262,-3.865,0.0872,SiO2,0,1.8311,7.7175,-0.1115,-0.0685,0.9004,-0.0388,33.08,0.59,0.38,0.79,1131.74,1077.77
99.75,0.70083,0.298717,0.000235,0.000218,4.2318,3.379,-3.7684,-3.8425,0.0906,SiO2,0,1.8476,7.6349,-0.1254,-0.0052,0.8528,-0.0741,5.92,0.96,0.7,0.11,1927.81,304.51
100.75,0.710132,0.28942,0.000221,0.000228,4.2545,3.3569,-3.8217,-3.7896,0.0815,Rb,0,1.8325,7.6378,-0.0471,-0.0261,0.8976,0.0322,7.75,1.09,0.11,0.25,1822.93,1927.1
101.76,0.713278,0.286271,0.000227,0.000224,4.2582,3.3453,-3.7953,-3.8082,0.0346,Rb,0,1.8273,7.6309,-0.0683,-0.0017,0.9129,-0.0129,8.92,0.93,0.02,0.39,2652.79,1272.74
102.75,0.715273,0.284275,0.000222,0.000229,4.2614,3.3387,-3.8159,-3.7842,0.0325,Zr,0,1.824,7.6281,-0.037,-0.01,0.9227,0.0317,8.92,0.88,0.01,0.14,1776.22,2440.0
103.75,0.708477,0.291082,0.000223,0.000217,4.2601,3.3706,-3.8016,-3.8292,0.057,Zr,0,1.8351,7.6567,-0.0915,-0.0257,0.8895,-0.0276,11.92,0.93,0.0,1.1,284.48,2715.89
104.75,0.703773,0.295791,0.000223,0.000213,4.257,3.3902,-3.8013,-3.846,0.026,Al2O3,0,1.8427,7.6719,-0.1131,-0.0401,0.8668,-0.0447,5.5,1.1,0.02,1.95,0.59,1922.7
105.25,0.700483,0.299075,0.000235,0.000207,4.2445,3.3934,-3.7558,-3.8822,0.0595,Rb,0,1.848,7.6622,-0.1654,-0.0116,0.8511,-0.1264,9.17,1.18,0.06,0.01,2621.29,1733.03
105.73,0.712141,0.287421,0.000229,0.000208,4.2714,3.3641,-3.7694,-3.8661,0.0451,Al2O3,0,1.8291,7.6627,-0.13,-0.0035,0.9073,-0.0966,12.25,1.01,0.51,1.42,390.69,617.84
105.74,0.711185,0.288377,0.000232,0.000206,4.269,3.3664,-3.7576,-3.8779,0.0171,Rb,0,1.8307,7.6625,-0.1459,0.0026,0.9027,-0.1203,14.33,0.99,0.03,0.06,2113.72,2295.42
107.75,0.71361,0.285973,0.00021,0.000207,4.2976,3.3832,-3.8325,-3.8484,0.0871,Rb,0,1.8263,7.708,-0.0905,-0.0634,0.9144,-0.0159,20.83,0.8,0.15,0.13,3185.84,557.19
108.75,0.703184,0.296364,0.000216,0.000235,4.2384,3.3744,-3.8487,-3.764,0.1047,Zr,0,1.8438,7.6375,-0.025,-0.0525,0.864,0.0847,6.08,2.18,0.45,0.02,114.57,3135.81
109.75,0.701624,0.297919,0.000222,0.000235,4.2294,3.3729,-3.8285,-3.7738,0.0242,Rb,0,1.8464,7.6265,-0.0428,-0.0368,0.8566,0.0547,4.42,1.19,0.19,0.01,3223.82,689.73
110.75,0.699515,0.300039,0.000224,0.000222,4.2372,3.3907,-3.8107,-3.8172,0.0508,Zr,0,1.8495,7.6513,-0.0903,-0.0415,0.8465,-0.0065,8.75,0.79,0.03,0.41,553.19,3112.75
111.75,0.706155,0.293425,0.000197,0.000222,4.2817,3.4035,-3.9034,-3.7818,0.1095,Rb,0,1.8386,7.7107,-0.0177,-0.119,0.8782,0.1216,22.75,0.62,0.24,0.05,3203.55,469.96
113.75,0.715718,0.283843,0.000215,0.000224,4.2758,3.351,-3.8345,-3.7923,0.0874,Rb,0,1.8231,7.6548,-0.0371,-0.0344,0.9249,0.0423,14.75,0.92,0.01,1.23,3151.5,64.77
114.75,0.71486,0.284688,0.000214,0.000238,4.2599,3.3392,-3.8532,-3.7459,0.0538,Zr,0,1.8247,7.6273,0.0092,-0.033,0.9207,0.1074,6.08,1.18,0.12,0.17,561.68,3315.75
115.75,0.715541,0.284016,0.000213,0.00023,4.2715,3.3474,-3.8497,-3.7692,0.0275,Zr,0,1.8234,7.6471,-0.0117,-0.0399,0.924,0.0806,11.58,0.83,0.25,0.32,75.08,3008.61
118.75,0.711756,0.287821,0.000192,0.000231,4.2902,3.3848,-3.9302,-3.7449,0.0938,Rb,0,1.8295,7.7028,0.0321,-0.1229,0.9054,0.1853,21.0,0.77,0.06,0.56,3453.89,290.52
119.75,0.717091,0.28246,0.00022,0.000229,4.2675,3.3358,-3.8207,-3.7825,0.1277,Rb,0,1.8209,7.6318,-0.0313,-0.0121,0.9317,0.0382,6.42,1.3,0.04,0.51,3832.33,376.57
120.79,0.70068,0.298761,0.000223,0.000335,4.137,3.2846,-3.9136,-3.5081,0.3218,Zr,1,1.8492,7.4516,0.2206,0.0014,0.8524,0.4055,12.42,0.85,0.23,0.09,377.69,3178.05
121.75,0.709265,0.290314,0.000177,0.000244,4.2916,3.3983,-4.006,-3.6839,0.2761,Zr,1,1.8336,7.7191,0.1088,-0.1804,0.8933,0.3221,25.17,0.61,0.45,0.57,501.14,1209.31
123.69,0.714097,0.285458,0.00022,0.000225,4.2666,3.3497,-3.8183,-3.798,0.2263,Rb,1,1.8259,7.6439,-0.0501,-0.0212,0.9169,0.0203,13.5,0.92,0.02,0.16,3891.26,1042.05
124.75,0.711139,0.288413,0.000232,0.000215,4.2584,3.3559,-3.7688,-3.8455,0.0694,Rb,0,1.8308,7.6412,-0.1135,0.0063,0.9025,-0.0767,14.25,1.02,0.02,0.03,2312.82,2088.32
125.75,0.708782,0.29077,0.00023,0.000218,4.253,3.362,-3.7799,-3.8351,0.0172,Rb,0,1.8347,7.6411,-0.1037,-0.0039,0.891,-0.0552,10.08,1.95,0.14,0.43,1777.87,1702.2
126.78,0.709546,0.290024,0.000216,0.000214,4.2751,3.3805,-3.824,-3.8316,0.0529,Rb,0,1.8332,7.6817,-0.0844,-0.0507,0.8947,-0.0076,21.17,0.5,0.25,0.42,3030.62,19.75
127.71,0.718416,0.28114,0.000214,0.00023,4.2756,3.3374,-3.8417,-3.7712,0.0763,Zr,0,1.8186,7.6419,-0.0122,-0.0281,0.9382,0.0705,16.67,0.71,0.0,1.1,249.2,2928.84
128.75,0.732417,0.267123,0.000205,0.000255,4.2885,3.2799,-3.8944,-3.674,0.1253,Zr,0,1.7942,7.6036,0.1127,-0.0189,1.0086,0.2204,7.25,0.76,0.01,0.75,826.17,2617.21
129.75,0.726558,0.27298,0.000222,0.000239,4.272,3.2931,-3.8193,-3.7457,0.106,Rb,0,1.8047,7.5968,0.0146,0.021,0.9789,0.0736,14.83,0.67,0.03,0.06,2454.5,1795.12
130.75,0.73136,0.268188,0.000204,0.000248,4.295,3.2918,-3.8913,-3.6955,0.0907,Rb,0,1.796,7.6211,0.091,-0.0277,1.0032,0.1957,5.58,0.72,0.09,0.0,2827.22,1279.96
131.74,0.725203,0.274319,0.000221,0.000257,4.2535,3.2814,-3.8423,-3.6926,0.0651,Rb,0,1.8073,7.5669,0.0676,0.0203,0.9722,0.1497,4.33,0.73,0.56,0.1,2780.77,8.07
132.75,0.726362,0.273173,0.00022,0.000245,4.2686,3.2906,-3.8344,-3.7248,0.0376,Zr,0,1.8051,7.5911,0.0381,0.0144,0.9779,0.1096,2.17,0.73,0.22,0.22,200.51,2861.76
133.73,0.716457,0.283091,0.000229,0.000223,4.2632,3.3347,-3.787,-3.8109,0.1079,Zr,0,1.822,7.6263,-0.069,0.0105,0.9285,-0.0239,26.08,0.43,0.0,0.61,877.14,2599.85
134.64,0.709373,0.290166,0.000235,0.000226,4.2388,3.3449,-3.7726,-3.8112,0.0302,SiO2,0,1.8339,7.6101,-0.0843,0.0172,0.8939,-0.0386,23.42,0.45,0.92,0.4,1005.49,0.29
136.75,0.7217,0.27783,0.000216,0.000254,4.2556,3.301,-3.8603,-3.6962,0.1521,Zr,0,1.8133,7.5875,0.0655,-0.0065,0.9546,0.1641,5.25,0.73,0.02,0.29,1414.59,2525.04
137.75,0.713129,0.286411,0.00023,0.000229,4.2483,3.3361,-3.789,-3.7953,0.1273,Zr,0,1.8277,7.6117,-0.0592,0.0117,0.9122,-0.0063,10.67,0.64,0.0,0.27,1454.47,2389.0
138.75,0.709526,0.290004,0.000244,0.000226,4.2304,3.3357,-3.7463,-3.8199,0.0524,Rb,0,1.8338,7.5927,-0.1008,0.0425,0.8947,-0.0736,16.42,0.44,0.16,0.0,2884.83,955.99
139.75,0.721401,0.278138,0.00022,0.000241,4.263,3.3099,-3.8328,-3.7402,0.1247,Rb,0,1.8137,7.6032,0.0166,0.0017,0.9531,0.0926,3.17,0.76,0.1,0.15,1973.83,1802.98
140.76,0.718926,0.280594,0.000228,0.000252,4.2378,3.297,-3.8177,-3.7171,0.0396,SiO2,0,1.8182,7.5644,0.0282,0.027,0.9408,0.1005,29.0,0.45,0.56,0.39,662.29,1412.42
142.75,0.732376,0.267159,0.000208,0.000257,4.2822,3.2738,-3.8837,-3.6724,0.0942,Rb,0,1.7943,7.5911,0.1104,-0.006,1.0084,0.2113,4.83,0.76,0.31,0.22,2153.43,894.52
143.7,0.731305,0.268219,0.000217,0.000259,4.2677,3.2647,-3.8536,-3.6788,0.0352,Rb,0,1.7964,7.5667,0.0927,0.0229,1.003,0.1749,5.58,0.74,0.23,0.25,3503.91,128.78
145.75,0.72488,0.274647,0.000225,0.000248,4.257,3.2865,-3.8189,-3.7247,0.0625,Zr,0,1.8078,7.575,0.0306,0.0299,0.9705,0.0942,7.75,0.62,0.04,0.46,1423.08,2084.55
146.75,0.713338,0.286197,0.00024,0.000224,4.244,3.3308,-3.7533,-3.8215,0.1256,Zr,0,1.8274,7.6024,-0.0944,0.0388,0.9133,-0.0681,8.42,0.72,0.01,0.45,1207.49,2395.27
147.75,0.721212,0.278331,0.000222,0.000235,4.2667,3.3146,-3.8183,-3.7629,0.0918,Rb,0,1.814,7.6112,-0.0088,0.0061,0.9521,0.0554,6.5,0.84,0.09,0.11,2091.0,1812.51
148.75,0.723416,0.276123,0.00022,0.000241,4.2674,3.3043,-3.8314,-3.7404,0.028,Zr,0,1.8102,7.6026,0.0189,0.0059,0.9631,0.091,1.75,0.78,0.0,0.48,969.66,2763.07
149.73,0.713426,0.28612,0.000234,0.00022,4.255,3.3414,-3.7657,-3.8306,0.1182,Zr,0,1.8271,7.6239,-0.0981,0.0203,0.9137,-0.0649,0.92,1.34,0.02,0.36,1401.7,2419.79
150.75,0.714642,0.284914,0.000227,0.000217,4.2686,3.349,-3.7881,-3.8294,0.0273,Rb,0,1.825,7.6453,-0.0876,-0.0026,0.9196,-0.0413,0.67,0.91,0.35,0.27,2871.43,8.83
151.74,0.719041,0.280503,0.000221,0.000236,4.263,3.3216,-3.8248,-3.7598,0.0835,Zr,0,1.8177,7.6139,-0.007,-0.0025,0.9413,0.0649,3.08,0.98,0.01,0.38,850.82,3199.36
152.75,0.718379,0.281168,0.000228,0.000225,4.2652,3.3271,-3.7904,-3.8019,0.0547,Zr,0,1.8188,7.6212,-0.0571,0.0139,0.938,-0.0116,2.0,0.82,0.0,0.04,1791.48,2512.97
153.74,0.718985,0.280563,0.000216,0.000236,4.2679,3.3268,-3.8414,-3.7534,0.0705,Rb,0,1.8177,7.6241,0.0044,-0.0179,0.941,0.088,1.92,0.95,0.0,0.0,2297.18,2106.99
155.75,0.725477,0.274063,0.000217,0.000243,4.2717,3.2983,-3.8408,-3.7292,0.0376,Al2O3,0,1.8066,7.6017,0.035,0.0038,0.9735,0.1116,4.25,0.8,0.01,2.06,1.13,1743.78
156.74,0.727926,0.271616,0.00022,0.000238,4.279,3.2932,-3.8256,-3.7466,0.0247,Zr,0,1.8022,7.6044,0.018,0.0154,0.9858,0.079,13.33,0.59,0.12,0.15,1736.73,2030.58
157.76,0.728179,0.271355,0.000213,0.000253,4.273,3.2859,-3.8653,-3.6935,0.067,Zr,0,1.8018,7.592,0.0791,-0.002,0.9871,0.1719,2.67,0.83,0.01,0.04,1599.62,2638.9
158.75,0.72496,0.274582,0.000221,0.000238,4.2728,3.3019,-3.8246,-3.75,0.0715,Zr,0,1.8074,7.6059,0.0102,0.0107,0.9709,0.0746,7.42,0.82,0.0,0.19,1524.36,2475.83
159.76,0.721728,0.277803,0.000229,0.000241,4.2539,3.2991,-3.802,-3.751,0.0296,Rb,0,1.8132,7.5832,-0.0031,0.0311,0.9547,0.051,1.67,0.97,0.56,0.03,2643.12,4.43
161.11,0.7247,0.274817,0.000222,0.000262,4.2472,3.2775,-3.8459,-3.6788,0.0875,Zr,0,1.8082,7.5568,0.0803,0.0226,0.9697,0.1671,1.75,0.89,0.01,0.22,1097.13,2829.2
162.29,0.724713,0.274817,0.000227,0.000243,4.2605,3.2909,-3.81,-3.7414,0.0746,Zr,0,1.808,7.5826,0.0125,0.0311,0.9697,0.0686,2.33,0.91,0.04,0.12,1043.52,2691.27
163.24,0.725398,0.274135,0.000226,0.00024,4.2651,3.292,-3.8105,-3.7467,0.0071,Zr,0,1.8068,7.5885,0.009,0.0289,0.9731,0.0638,4.83,0.75,0.58,0.1,19.82,2270.94
163.65,0.72714,0.272395,0.000226,0.000239,4.2698,3.288,-3.8075,-3.7503,0.0078,SiO2,0,1.8037,7.5897,0.0073,0.0327,0.9819,0.0572,2.25,0.97,0.5,0.98,647.86,908.91
166.13,0.73244,0.267097,0.000223,0.00024,4.2827,3.2739,-3.8156,-3.741,0.0227,Al2O3,0,1.7942,7.5903,0.0262,0.0357,1.0088,0.0746,17.17,0.55,0.44,1.41,565.39,707.05
168.4,0.733352,0.266184,0.00022,0.000243,4.2835,3.2701,-3.8261,-3.7275,0.0176,Zr,0,1.7925,7.5878,0.0432,0.032,1.0134,0.0986,3.42,0.83,0.0,0.18,1602.32,2470.86
172.25,0.729669,0.269894,0.000208,0.00023,4.3051,3.3106,-3.8577,-3.758,0.0636,Al2O3,0,1.7988,7.6484,0.0215,-0.0241,0.9946,0.0997,23.08,0.5,0.16,1.53,1121.03,948.77
172.75,0.729351,0.270198,0.000215,0.000236,4.2896,3.2966,-3.8404,-3.7457,0.0298,Rb,0,1.7996,7.6188,0.026,0.0011,0.993,0.0947,8.92,0.61,0.37,0.82,1615.27,741.09
173.76,0.743176,0.256359,0.000216,0.000249,4.3025,3.2381,-3.8427,-3.6979,0.0766,Al2O3,0,1.7743,7.5788,0.0899,0.0422,1.0644,0.1448,6.92,0.86,0.04,2.15,4.16,1648.5
174.74,0.733596,0.265943,0.000224,0.000237,4.287,3.2723,-3.808,-3.7512,0.0739,Zr,0,1.792,7.5933,0.0163,0.0406,1.0147,0.0568,11.17,0.7,0.06,0.83,1023.14,2091.92
175.75,0.731478,0.268079,0.000212,0.000231,4.3024,3.2986,-3.8429,-3.7581,0.0468,Rb,0,1.7957,7.6343,0.019,-0.005,1.0038,0.0847,11.75,0.54,0.15,1.19,2474.75,91.62
176.75,0.754346,0.245182,0.000197,0.000275,4.3222,3.1983,-3.9275,-3.593,0.2119,Zr,1,1.7529,7.5661,0.2295,0.0163,1.1239,0.3346,3.0,0.82,0.01,0.84,752.39,2630.55
177.75,0.750369,0.249149,0.000199,0.000284,4.3042,3.2017,-3.9306,-3.5753,0.0256,SiO2,0,1.7608,7.5505,0.2399,0.0161,1.1025,0.3553,7.42,0.61,0.65,0.07,73.33,1727.2
178.25,0.739871,0.25965,0.00022,0.000259,4.2817,3.2346,-3.8409,-3.6754,0.1402,Zr,0,1.7807,7.5536,0.1042,0.0509,1.0471,0.1655,12.5,0.49,0.03,0.22,2056.14,1796.02
179.25,0.713221,0.286276,0.000238,0.000264,4.2041,3.2913,-3.7998,-3.6956,0.1065,SiO2,0,1.8281,7.5235,0.0329,0.0503,0.9128,0.1041,9.75,0.45,0.72,1.09,679.16,139.12
180.33,0.74167,0.257844,0.000219,0.000267,4.2787,3.2222,-3.849,-3.6519,0.1212,SiO2,0,1.7774,7.5393,0.1306,0.0563,1.0565,0.1972,8.08,0.56,0.53,1.14,693.09,493.8
181.25,0.74118,0.258337,0.00021,0.000273,4.2824,3.2285,-3.8854,-3.6255,0.0455,Rb,0,1.7783,7.55,0.1658,0.0281,1.054,0.26,12.75,0.65,0.01,0.07,2915.03,1260.3
182.25,0.74224,0.257283,0.000214,0.000263,4.2888,3.2293,-3.8619,-3.6563,0.0394,Zr,0,1.7763,7.5568,0.1319,0.0404,1.0595,0.2055,10.42,0.58,0.04,0.0,1703.44,2255.19
182.76,0.733018,0.266514,0.000219,0.000249,4.2785,3.2668,-3.8354,-3.7099,0.0713,Zr,0,1.7932,7.5797,0.0615,0.03,1.0117,0.1255,7.25,0.56,0.03,1.07,643.39,2149.22
183.75,0.730766,0.26877,0.000236,0.000229,4.2773,3.2771,-3.7622,-3.7921,0.1105,Zr,0,1.7972,7.5874,-0.0399,0.0673,1.0002,-0.0299,6.92,0.5,0.0,0.03,1996.95,2223.3
184.8,0.714566,0.284975,0.000236,0.000224,4.2515,3.3322,-3.7654,-3.8184,0.0664,Al2O3,0,1.8253,7.6116,-0.0857,0.0285,0.9193,-0.053,6.42,0.56,0.21,2.57,9.4,683.29
185.25,0.72868,0.270869,0.000224,0.000227,4.2875,3.2979,-3.7997,-3.7857,0.0687,SiO2,0,1.8008,7.6177,-0.0245,0.0256,0.9896,0.014,18.42,0.47,0.39,0.87,1061.14,1007.45
185.75,0.726896,0.272637,0.000231,0.000236,4.2673,3.2867,-3.7886,-3.7653,0.0328,Zr,0,1.8041,7.5857,-0.0129,0.046,0.9806,0.0233,5.75,0.55,0.52,0.44,513.08,1700.86
186.25,0.727449,0.272087,0.000231,0.000233,4.2717,3.2883,-3.7835,-3.7766,0.0132,Zr,0,1.8031,7.592,-0.0237,0.0467,0.9834,0.007,19.92,0.39,0.16,0.06,643.86,3057.12
186.74,0.715978,0.283557,0.000236,0.000229,4.2485,3.3223,-3.7703,-3.8005,0.0494,Al2O3,0,1.823,7.5991,-0.0662,0.0339,0.9262,-0.0302,7.58,0.67,0.3,1.74,310.67,1010.39
187.75,0.724937,0.274606,0.00023,0.000226,4.2744,3.3037,-3.7796,-3.7985,0.0333,SiO2,0,1.8075,7.6091,-0.0482,0.0365,0.9707,-0.0188,8.75,0.82,0.85,1.1,334.65,16.44
188.73,0.731094,0.268446,0.00022,0.00024,4.283,3.2812,-3.8264,-3.7378,0.0803,Zr,0,1.7966,7.5976,0.0308,0.0233,1.0019,0.0887,11.5,0.63,0.02,0.29,1472.92,2523.44
189.74,0.731695,0.267839,0.000226,0.00024,4.2778,3.2728,-3.8056,-3.745,0.0241,Rb,0,1.7956,7.5841,0.0181,0.0438,1.005,0.0606,17.92,0.57,0.06,0.45,3383.3,371.23
190.75,0.727296,0.272243,0.000218,0.000243,4.275,3.2923,-3.8363,-3.731,0.0391,Rb,0,1.8034,7.5995,0.0346,0.0104,0.9826,0.1054,15.08,0.69,0.01,0.93,2732.61,534.22
191.76,0.732046,0.267491,0.000199,0.000264,4.2858,3.279,-3.9241,-3.6407,0.1271,Zr,0,1.7949,7.6009,0.1519,-0.0358,1.0068,0.2835,21.17,0.62,0.01,0.04,2186.15,2080.63
192.75,0.746503,0.253022,0.000205,0.00027,4.3011,3.2192,-3.8974,-3.6229,0.0696,Al2O3,0,1.7681,7.5616,0.1803,0.0236,1.0819,0.2744,4.92,0.76,0.07,2.76,743.19,245.49
194.75,0.75057,0.248967,0.000199,0.000264,4.3229,3.2194,-3.9123,-3.63,0.0274,SiO2,0,1.7601,7.5852,0.1855,0.0091,1.1035,0.2823,8.58,0.78,0.85,0.0,1459.6,244.14
195.86,0.746515,0.253025,0.000205,0.000255,4.316,3.2341,-3.886,-3.6642,0.0461,Zr,0,1.7679,7.5904,0.1398,0.0155,1.0819,0.2218,8.92,0.73,0.03,0.41,1641.87,2082.35
196.75,0.75782,0.241709,0.000193,0.000277,4.3329,3.1902,-3.943,-3.5801,0.112,Zr,0,1.746,7.5706,0.2517,0.0107,1.1427,0.3629,4.75,0.83,0.03,0.61,1265.33,2209.91
197.75,0.745237,0.254296,0.000206,0.000261,4.306,3.2308,-3.8868,-3.6501,0.1021,Zr,0,1.7705,7.577,0.1507,0.0199,1.0752,0.2367,9.67,0.56,0.09,0.66,1566.64,1694.92
198.88,0.733855,0.26568,0.000218,0.000246,4.2842,3.2682,-3.8379,-3.7146,0.0918,Zr,0,1.7916,7.587,0.0594,0.026,1.016,0.1233,4.83,0.69,0.08,0.65,1378.18,1889.42
199.92,0.744456,0.255076,0.000203,0.000264,4.3048,3.2337,-3.8999,-3.6386,0.106,Zr,0,1.7719,7.5788,0.1641,0.0098,1.0711,0.2613,8.75,0.7,0.05,0.4,1573.46,2083.13
200.92,0.753735,0.245783,0.000193,0.000288,4.3144,3.1938,-3.9544,-3.5538,0.1089,Zr,0,1.7542,7.5551,0.2725,0.0052,1.1206,0.4006,7.67,0.73,0.01,0.53,1228.03,2299.62
201.92,0.741516,0.258027,0.000198,0.000259,4.3105,3.2549,-3.9168,-3.6486,0.119,Zr,0,1.7774,7.6045,0.1566,-0.0184,1.0556,0.2683,6.25,0.75,0.0,1.07,514.43,2202.35
202.91,0.761381,0.238123,0.000186,0.000309,4.3217,3.1593,-3.9931,-3.488,0.2021,Zr,1,1.7391,7.5345,0.3562,0.0065,1.1623,0.5051,4.75,0.67,0.0,0.87,717.14,2436.22
203.94,0.76181,0.237702,0.000193,0.000295,4.3249,3.1603,-3.9534,-3.5318,0.0592,Zr,0,1.7382,7.5363,0.3045,0.0294,1.1647,0.4217,5.5,0.87,0.0,0.0,2404.68,1774.79
204.91,0.767131,0.232395,0.000191,0.000283,4.3496,3.1553,-3.9505,-3.5544,0.0339,SiO2,0,1.7271,7.5574,0.292,0.0293,1.1942,0.396,5.75,0.75,0.69,0.09,39.51,1510.19
205.89,0.744252,0.255276,0.000207,0.000265,4.2994,3.2294,-3.8877,-3.6411,0.1394,Zr,0,1.7724,7.5687,0.1574,0.022,1.07,0.2466,10.92,0.73,0.17,1.21,1062.5,1363.19
206.85,0.74205,0.257472,0.000207,0.000271,4.289,3.2305,-3.895,-3.6244,0.021,Zr,0,1.7766,7.559,0.1714,0.0191,1.0585,0.2706,8.25,0.59,0.33,0.01,582.13,2375.36
207.75,0.7657,0.233809,0.000194,0.000297,4.3307,3.1445,-3.951,-3.5242,0.1494,Zr,0,1.7303,7.5282,0.3166,0.0418,1.1863,0.4268,9.58,0.6,0.11,1.29,677.94,1657.62
208.75,0.752707,0.246823,0.000196,0.000274,4.3216,3.2066,-3.9313,-3.5969,0.0981,Zr,0,1.7561,7.5731,0.2247,0.0077,1.115,0.3344,7.83,0.72,0.01,1.72,207.08,1850.4
209.76,0.728574,0.270957,0.000225,0.000244,4.2684,3.2792,-3.8144,-3.7332,0.201,Zr,1,1.8012,7.5801,0.0269,0.0356,0.9891,0.0811,18.5,0.48,0.09,0.53,1728.61,1680.19
210.38,0.728674,0.270864,0.000213,0.00025,4.2766,3.287,-3.8627,-3.7008,0.0593,Rb,0,1.8009,7.5967,0.0724,-0.002,0.9896,0.1618,11.0,0.6,0.03,0.06,2955.4,1224.67
211.76,0.747963,0.251552,0.000202,0.000283,4.2967,3.207,-3.9196,-3.5841,0.1539,Zr,0,1.7655,7.5469,0.2246,0.0205,1.0897,0.3355,6.75,0.7,0.02,1.0,642.99,2303.4
212.75,0.731975,0.267551,0.000204,0.00027,4.274,3.2676,-3.911,-3.6307,0.0802,Al2O3,0,1.7951,7.5777,0.1561,-0.0161,1.0064,0.2803,13.08,0.74,0.11,2.27,57.07,1193.8
213.74,0.755805,0.243716,0.000188,0.000291,4.3235,3.1917,-3.9766,-3.5386,0.1449,Zr,0,1.7501,7.5641,0.2968,-0.009,1.1318,0.438,11.33,0.76,0.16,1.02,1007.09,1494.9
214.75,0.738932,0.260612,0.00019,0.000266,4.3093,3.2672,-3.9577,-3.6188,0.1126,Zr,0,1.7822,7.616,0.1931,-0.0528,1.0422,0.3389,18.83,0.68,0.02,1.84,151.3,1743.15
216.75,0.724934,0.274588,0.000215,0.000264,4.2537,3.2829,-3.8711,-3.6655,0.1141,Rb,0,1.8077,7.5692,0.1011,0.0013,0.9708,0.2055,10.67,0.68,0.32,0.07,3033.73,629.3
217.75,0.740651,0.258854,0.000208,0.000287,4.271,3.2197,-3.9069,-3.5838,0.1107,Zr,0,1.7795,7.531,0.2092,0.0245,1.0513,0.323,13.5,0.68,0.03,1.19,487.26,2067.4
218.75,0.743751,0.255669,0.000203,0.000377,4.2151,3.1472,-3.9888,-3.3735,0.2436,Zr,1,1.7746,7.4137,0.4286,0.0436,1.0678,0.6154,7.17,0.68,0.07,0.34,544.3,2595.4
219.75,0.755583,0.243949,0.000193,0.000275,4.3303,3.1998,-3.9416,-3.5884,0.2539,Zr,1,1.7504,7.5765,0.2403,0.0046,1.1305,0.3532,5.67,0.64,0.28,0.17,169.8,1903.52
220.75,0.73827,0.261272,0.00021,0.000249,4.3003,3.2616,-3.8663,-3.6955,0.1479,Zr,0,1.7834,7.5984,0.0927,0.0099,1.0387,0.1708,10.58,0.67,0.05,0.72,1343.41,1908.81
221.75,0.737931,0.261597,0.000231,0.000242,4.2824,3.2454,-3.7877,-3.7401,0.0935,Rb,0,1.7842,7.5635,0.0256,0.0751,1.037,0.0476,7.83,0.68,0.05,0.11,3370.56,912.03
222.78,0.71382,0.285703,0.000259,0.000217,4.2333,3.3176,-3.6865,-3.8643,0.1825,Zr,1,1.8268,7.5796,-0.1547,0.0927,0.9157,-0.1778,9.25,0.62,0.1,0.6,1332.6,1914.86
223.75,0.737744,0.261795,0.000217,0.000244,4.2954,3.2593,-3.8343,-3.7204,0.2231,Rb,1,1.7844,7.5906,0.0588,0.0325,1.036,0.1138,16.0,0.6,0.11,0.24,1690.31,1914.62
224.75,0.750674,0.248849,0.000198,0.000279,4.3109,3.2068,-3.9307,-3.587,0.1735,Zr,1,1.7601,7.5621,0.23,0.0104,1.1041,0.3436,10.92,0.58,0.01,0.35,1420.92,2427.52
225.75,0.761361,0.238153,0.000185,0.000301,4.3304,3.1682,-3.9932,-3.5053,0.1116,Zr,0,1.739,7.5513,0.3409,-0.0025,1.1622,0.4878,9.58,0.62,0.04,0.48,1585.52,1922.76
226.89,0.728582,0.270947,0.000237,0.000233,4.2663,3.2771,-3.7625,-3.7808,0.3808,Zr,1,1.8012,7.5757,-0.033,0.0697,0.9892,-0.0182,8.42,0.58,0.04,0.34,1984.33,1737.91
227.73,0.744843,0.254706,0.000206,0.000245,4.3218,3.2488,-3.8736,-3.697,0.1524,Rb,0,1.771,7.6095,0.1039,0.0104,1.0731,0.1766,9.42,0.54,0.18,0.13,2233.75,1295.84
228.92,0.721977,0.277568,0.000232,0.000223,4.2702,3.3143,-3.7714,-3.8132,0.1758,Zr,1,1.8126,7.6147,-0.0684,0.0343,0.9559,-0.0418,5.17,0.6,0.12,0.55,1645.05,1780.99
229.91,0.722801,0.276721,0.000249,0.000229,4.2481,3.288,-3.7262,-3.8098,0.0569,Rb,0,1.8115,7.5668,-0.0798,0.0878,0.9601,-0.0836,2.92,0.66,0.21,0.77,2713.07,15.47
230.92,0.73977,0.259763,0.000193,0.000274,4.2993,3.2528,-3.9496,-3.6025,0.311,Rb,1,1.7808,7.5922,0.2061,-0.0342,1.0466,0.3471,34.83,0.36,0.04,0.05,2073.06,1941.65
231.92,0.734885,0.264658,0.00021,0.000247,4.2953,3.274,-3.8647,-3.7046,0.1345,Zr,0,1.7896,7.6045,0.079,0.0025,1.0213,0.1601,9.75,0.8,0.0,0.1,2059.73,2102.87
232.92,0.728977,0.270547,0.000236,0.00024,4.261,3.2698,-3.7738,-3.7571,0.1105,Rb,0,1.8006,7.5634,-0.0076,0.0697,0.9912,0.0167,1.75,0.73,0.13,0.01,3221.33,915.79
233.92,0.721008,0.278536,0.00024,0.000217,4.2677,3.3166,-3.7413,-3.843,0.1033,Zr,0,1.8143,7.6144,-0.1066,0.0517,0.9511,-0.1018,13.5,0.62,0.01,0.76,419.7,2881.26
234.92,0.74878,0.250776,0.000167,0.000277,4.3508,3.257,-4.0563,-3.5515,0.4412,Rb,1,1.7634,7.6553,0.3018,-0.1152,1.0939,0.5047,22.58,0.63,0.05,0.07,2126.47,2015.82
235.9,0.761525,0.238003,0.000174,0.000298,4.3477,3.1847,-4.0337,-3.4987,0.0924,Al2O3,0,1.7385,7.5866,0.3609,-0.0443,1.163,0.5349,10.42,0.6,0.0,2.44,358.76,1179.12
237.75,0.726414,0.273134,0.000211,0.000241,4.2829,3.3048,-3.8602,-3.7276,0.3179,Zr,1,1.8048,7.6198,0.0445,-0.0158,0.9782,0.1326,16.17,0.68,0.05,0.6,1706.84,1739.06
238.91,0.737655,0.261882,0.000207,0.000256,4.295,3.2594,-3.8836,-3.6708,0.0773,Zr,0,1.7846,7.5913,0.1196,0.0022,1.0356,0.2127,15.58,0.63,0.03,1.26,434.2,2235.41
241.4,0.737953,0.261565,0.000211,0.000271,4.2766,3.2394,-3.8819,-3.6341,0.0457,Zr,0,1.7843,7.5538,0.152,0.0231,1.0372,0.2478,2.58,0.77,0.22,0.73,6.18,2522.12
242.42,0.723249,0.276285,0.000215,0.000251,4.2623,3.3,-3.8582,-3.7041,0.0966,Zr,0,1.8105,7.5936,0.06,-0.0061,0.9623,0.1542,5.42,0.76,0.03,1.5,284.9,1938.43
243.25,0.723351,0.276186,0.000226,0.000238,4.2642,3.3013,-3.809,-3.7565,0.072,Zr,0,1.8103,7.5962,-0.0032,0.0227,0.9628,0.0525,4.5,0.62,0.0,0.0,2177.03,2115.34
244.25,0.739393,0.26013,0.00021,0.000267,4.2847,3.24,-3.8838,-3.6409,0.1521,Zr,0,1.7816,7.5628,0.1488,0.0196,1.0446,0.2429,3.25,0.64,0.03,0.59,1073.13,2429.12
244.75,0.731008,0.268528,0.00021,0.000255,4.2799,3.2784,-3.8774,-3.6809,0.0561,Zr,0,1.7968,7.5927,0.0986,-0.0052,1.0015,0.1965,6.58,0.74,0.01,1.8,62.79,1909.76
245.18,0.736969,0.262572,0.000195,0.000264,4.3005,3.2685,-3.9343,-3.6347,0.0768,Rb,0,1.7858,7.607,0.168,-0.0373,1.032,0.2996,4.92,0.83,0.1,0.06,2618.48,1421.96
246.74,0.738883,0.260653,0.000213,0.00025,4.2954,3.2535,-3.8547,-3.6941,0.1006,Rb,0,1.7824,7.5856,0.0909,0.0245,1.042,0.1606,7.0,0.86,0.0,0.08,3200.65,1324.82
247.74,0.74171,0.257831,0.000187,0.000272,4.3128,3.2561,-3.9722,-3.5966,0.1537,Rb,0,1.777,7.6103,0.222,-0.0539,1.0567,0.3756,6.75,0.78,0.02,0.0,2740.22,1606.72
248.75,0.744161,0.25539,0.000197,0.000251,4.3249,3.2554,-3.9105,-3.6698,0.0965,Zr,0,1.7723,7.6198,0.1397,-0.0183,1.0695,0.2407,5.25,0.84,0.02,0.0,2187.25,2110.49
249.75,0.747102,0.25244,0.0002,0.000258,4.3201,3.235,-3.9052,-3.6499,0.0294,Al2O3,0,1.7668,7.5961,0.16,0.002,1.085,0.2552,10.08,0.71,0.04,1.89,166.19,1827.47
