Date,Mechanical,Thermal,Age,Errors
2024-01-01,45.0506,32.5656,28.4135,2947.37
2024-01-02,45.3947,32.665,28.4341,2947.27
2024-01-03,47.1021,32.7883,28.461,2947.69
2024-01-04,42.1685,32.5153,28.4782,2948.17
2024-01-05,39.0277,32.2588,28.502,2948.53
2024-01-06,38.6247,32.2847,28.5262,2948.23
2024-01-07,39.057,32.2774,28.5492,2948.72
2024-01-08,40.3996,32.3012,28.5716,2948.69
2024-01-09,43.1476,32.2296,28.593,2948.8
2024-01-10,40.6574,32.061,28.6165,2948.09
2024-01-11,39.0937,32.0572,28.6377,2946.49
2024-01-12,40.6115,32.0438,28.2289,2969.88
2024-01-13,40.7968,32.0488,28.2519,2969.75
2024-01-14,41.0166,32.101,28.2742,2970.29
2024-01-15,41.2094,32.0934,28.2971,2970.64
2024-01-16,48.973,32.1691,28.3207,2970.93
2024-01-17,53.0551,32.2273,28.3367,2966.59
2024-01-18,50.7359,32.1679,28.3651,2966.35
2024-01-19,39.3618,32.2237,28.3877,2965.84
2024-01-20,39.3625,32.3743,28.4567,1928.25
2024-01-21,39.7903,32.4014,28.4783,1928.49
2024-01-22,39.9034,32.4684,28.5013,1929.04
2024-01-23,39.8091,32.6166,28.5203,1929.07
2024-01-24,39.8824,32.671,28.5463,1928.3
2024-01-25,39.7598,32.636,28.568,1928.29
2024-01-26,39.5077,32.8136,28.5909,1927.95
2024-01-27,40.0766,32.7351,28.6034,1928.45
2024-01-28,40.1606,32.611,28.6057,1928.28
2024-01-29,40.3291,32.7405,28.6263,1929.04
2024-01-30,41.1584,32.8301,28.5839,1925.93
2024-01-31,41.5483,32.7689,28.4646,1915.64
2024-02-01,41.4612,32.7838,28.3846,1909.65
2024-02-02,41.3571,32.8575,28.3469,1906.23
2024-02-03,42.0096,32.8427,28.3639,1906.68
2024-02-04,41.3898,32.7648,28.3925,1907.09
2024-02-05,41.9551,32.725,28.4149,1907.26
2024-02-06,41.9963,32.7225,28.4334,1907.17
2024-02-07,41.3892,32.6813,28.4585,1906.95
2024-02-08,41.1929,32.5651,28.4814,1901.85
2024-02-09,40.7844,32.6254,28.5055,1902.3
2024-02-10,42.6044,32.5984,28.5273,1902.63
2024-02-11,43.5791,32.5697,28.5499,1903.4
2024-02-12,40.6681,32.4835,28.5727,1903.18
2024-02-13,42.409,32.5143,28.5941,1903.76
2024-02-14,42.8593,32.4942,28.6185,1903.78
2024-02-15,42.6977,32.5217,28.6401,1902.5
2024-02-16,41.9313,32.4525,28.594,1894.34
2024-02-17,40.3885,32.6917,28.5732,1891.64
2024-02-18,42.1249,32.7745,28.7103,1900.41
2024-02-19,41.1366,32.8369,28.7332,1898.89
2024-02-20,41.5802,32.9478,28.7556,1899.46
2024-02-21,41.2967,33.0177,28.7167,1894.93
2024-02-22,41.438,32.865,28.6845,1892.32
2024-02-23,42.716,32.8094,28.7088,1892.25
2024-02-24,43.9902,32.8929,28.7312,1893.1
2024-02-25,45.6401,32.8341,28.7428,1893.9
2024-02-26,46.3267,32.769,28.7638,1894.12
2024-02-27,48.9254,32.6732,28.7849,1894.95
2024-02-28,48.6661,32.5993,28.8014,1895.2
2024-02-29,42.2218,32.5865,28.6301,1893.61
2024-03-01,42.4544,32.5557,28.433,1890.11
2024-03-02,44.5444,32.5339,28.3991,1889.18
2024-03-03,47.5815,32.4911,28.4136,1889.86
2024-03-04,43.9079,32.4112,28.4409,1890.12
2024-03-05,44.3203,32.4273,28.4637,1890.63
2024-03-06,44.1478,32.41,28.355,1894.9
2024-03-07,44.8183,32.3919,28.0463,1872.81
2024-03-08,46.0487,32.3664,28.0452,1871.79
2024-03-09,45.4722,32.4499,27.9555,1864.16
2024-03-10,45.3061,32.485,27.9778,1864.38
2024-03-11,51.0452,32.5129,28.0006,1859.44
2024-03-12,55.3872,32.5508,28.0232,1859.76
2024-03-13,63.9381,32.4703,28.0469,1860.71
2024-03-14,63.8793,32.4985,28.0037,1856.87
2024-03-15,76.52,32.5865,27.9751,1852.92
2024-03-16,76.8275,32.6341,27.861,1856.86
2024-03-17,78.4921,32.582,27.883,1856.74
2024-03-18,77.7602,32.629,27.9063,1856.88
2024-03-19,45.148,32.8052,27.9284,1857.2
2024-03-20,45.7528,32.7166,27.9509,1857.7
2024-03-21,45.343,32.7747,27.9737,856.028
2024-03-22,44.9713,32.9537,27.9742,856.577
2024-03-23,45.4054,33.0897,27.933,855.537
2024-03-24,45.4495,33.0818,27.9014,854.743
2024-03-25,47.4983,33.0806,27.9246,855.472
2024-03-26,58.7178,33.0937,27.8821,853.498
2024-03-27,72.5576,32.9537,27.8574,851.805
2024-03-28,47.7037,32.8382,27.8777,852.034
2024-03-29,48.7114,32.9403,27.9003,853.102
2024-03-30,48.2801,32.9944,27.6751,835.985
2024-03-31,48.8725,33.0348,27.6879,834.855
2024-04-01,50.3997,33.0992,27.7098,835.501
2024-04-02,66.622,33.125,27.7334,835.641
2024-04-03,51.9579,33.1539,27.6157,836.098
2024-04-04,53.8654,32.9167,27.6452,836.419
2024-04-05,54.2235,32.3421,27.6681,836.887
2024-04-06,47.6738,32.4183,27.6904,837.092
2024-04-07,47.9297,32.238,27.7104,837.226
2024-04-08,50.5311,32.2536,27.7369,837.721
2024-04-09,50.7844,32.3034,27.7597,835.128
2024-04-10,51.1594,32.2501,27.6813,833.836
2024-04-11,54.127,32.4096,27.6875,834.361
2024-04-12,49.1741,32.5744,27.7101,834.678
2024-04-13,49.6352,32.7679,27.6138,832.399
2024-04-14,48.5896,32.6413,27.3843,830.19
2024-04-15,48.2636,32.5368,27.4064,830.868
2024-04-16,49.5899,32.5216,27.4292,830.951
2024-04-17,52.2301,32.3714,27.4498,831.27
2024-04-18,49.6644,32.5175,27.3001,826.434
2024-04-19,47.7861,32.711,27.339,470.165
2024-04-20,47.9515,32.9413,27.3625,470.552
2024-04-21,47.9448,33.0502,27.2755,472.847
2024-04-22,47.4233,33.0319,27.298,473.198
2024-04-23,48.8415,33.1576,27.3184,471.252
2024-04-24,49.5886,33.0225,27.3426,472.227
2024-04-25,49.4075,33.0221,27.2616,470.844
2024-04-26,48.1631,33.0254,27.1374,470.528
2024-04-27,47.6138,33.1313,27.1593,471.207
2024-04-28,48.239,33.0529,27.1831,472.263
2024-04-29,48.6668,32.9931,27.2067,472.388
2024-04-30,48.4802,33.0147,27.2292,473.151
2024-05-01,48.9667,33.0017,27.119,473.631
2024-05-02,50.5964,33.2245,27.1471,473.685
2024-05-03,50.2084,33.23,27.1682,473.755
2024-05-04,46.8584,33.3068,27.1897,474.073
2024-05-05,45.8377,33.2224,27.2113,474.475
2024-05-06,46.8847,33.0178,27.2354,473.999
2024-05-07,47.4071,33.0791,27.2575,473.621
2024-05-08,47.8257,32.9335,27.2803,474.78
2024-05-09,48.1462,32.969,27.3021,475.381
2024-05-10,46.397,33.1922,27.3239,476.168
2024-05-11,46.0927,33.4002,27.3464,475.134
2024-05-12,46.0638,33.5113,27.3701,474.861
2024-05-13,46.5718,33.6186,27.3924,470.723
2024-05-14,46.9911,33.7256,27.4135,471.181
2024-05-15,45.7038,33.8666,27.4335,472.015
2024-05-16,46.0261,33.5278,27.4549,472.287
2024-05-17,45.9466,33.5534,27.4756,472.915
2024-05-18,46.1674,33.1461,27.4965,476.963
2024-05-19,46.2374,33.1457,27.522,480.16
2024-05-20,47.0169,33.4859,27.5441,480.73
2024-05-21,49.0458,33.5081,27.5659,481.436
2024-05-22,49.1955,33.4161,27.5885,481.741
2024-05-23,50.9461,33.2077,27.6111,481.927
2024-05-24,51.6962,33.2129,27.6345,482.252
2024-05-25,50.8126,33.1657,27.6576,482.82
2024-05-26,50.3432,33.1174,27.679,483.324
2024-05-27,50.9724,33.1895,27.7021,482.692
2024-05-28,47.6013,33.2246,27.7041,482.868
2024-05-29,48.5686,33.4133,27.7337,482.905
2024-05-30,48.4109,33.5545,27.6611,481.986
2024-05-31,47.6193,33.6763,27.6724,481.907
2024-06-01,47.8263,33.8594,27.6963,482.038
2024-06-02,47.2999,33.9406,27.7121,481.7
2024-06-03,48.0191,33.912,27.7387,481.64
2024-06-04,48.3184,33.8894,27.7598,481.583
2024-06-05,47.9978,33.7526,27.7808,481.827
2024-06-06,47.2413,33.8585,27.7402,481.024
2024-06-07,46.4685,34.098,27.7065,480.062
2024-06-08,46.0025,34.224,27.728,479.775
2024-06-09,46.6633,34.2566,27.7506,479.857
2024-06-10,47.3686,34.2899,27.7731,480.569
2024-06-11,47.8766,34.3205,27.7947,468.951
2024-06-12,47.8313,34.2751,27.8163,469.093
2024-06-13,48.5043,34.3443,27.8353,469.367
2024-06-14,47.3034,34.4135,27.8576,469.649
2024-06-15,48.852,34.5062,27.8883,469.999
2024-06-16,48.0784,34.6017,27.9141,470.311
2024-06-17,48.7261,34.5062,27.9338,470.724
2024-06-18,49.8901,34.4397,27.9552,471.114
2024-06-19,51.7244,34.3233,28.5708,500.436
2024-06-20,52.8078,34.4511,28.5348,499.398
2024-06-21,49.8533,34.3889,27.9069,469.993
2024-06-22,50.5375,34.3407,27.933,470.254
2024-06-23,50.754,34.2102,27.9487,470.154
2024-06-24,51.0877,34.258,27.9742,470.533
2024-06-25,51.3015,34.3206,28.0019,471.039
2024-06-26,50.3544,34.1341,28.0131,471.083
2024-06-27,47.6551,34.0592,28.0335,471.418
2024-06-28,48.267,34.1105,28.0591,471.957
2024-06-29,48.7104,34.1521,28.0767,471.924
2024-06-30,50.7043,34.2063,28.1068,472.741
2024-07-01,80.9907,34.2093,28.126,472.638
2024-07-02,55.7048,34.2932,28.1534,473.22
2024-07-03,54.341,34.3548,28.1763,472.749
2024-07-04,57.506,34.3696,28.1996,473.39
2024-07-05,58.3683,34.3591,28.2182,471.449
2024-07-06,60.9399,34.577,28.242,471.871
2024-07-07,53.4817,34.6457,28.2627,472.429
2024-07-08,60.8501,34.7229,28.2896,472.367
2024-07-09,60.7421,34.7226,28.3103,471.336
2024-07-10,53.3579,34.682,28.3264,472.536
2024-07-11,53.1286,34.7022,28.3415,472.413
2024-07-12,51.2845,34.8242,28.3703,474.049
2024-07-13,50.9648,34.8096,28.3913,474.483
2024-07-14,50.7196,34.2428,28.3523,473.451
2024-07-15,51.3234,34.1042,28.3214,472.569
2024-07-16,53.4821,34.247,28.3429,472.586
2024-07-17,53.309,34.1703,28.3576,472.603
2024-07-18,53.7122,33.8822,28.3299,471.977
2024-07-19,56.2346,33.6207,28.3044,471.345
2024-07-20,49.3866,33.813,28.3205,470.243
2024-07-21,48.2217,33.7973,28.338,468.198
2024-07-22,48.4688,33.7407,28.3673,468.746
2024-07-23,48.9196,33.7674,28.3872,468.904
2024-07-24,49.066,33.6664,28.4155,469.342
2024-07-25,48.0175,33.7307,28.4272,469.167
2024-07-26,48.0104,33.7478,28.4476,469.443
2024-07-27,47.8321,33.8269,28.4686,469.96
2024-07-28,47.4603,33.8598,28.4315,469.451
2024-07-29,48.2591,33.8461,28.399,469.743
2024-07-30,48.6973,33.8139,28.4122,468.891
2024-07-31,48.1362,33.8204,28.4306,468.101
2024-08-01,46.3879,33.7935,28.455,467.329
2024-08-02,43.7904,33.8279,28.3187,466.031
2024-08-03,44.1681,33.9469,28.3406,466.239
2024-08-04,48.0339,33.9217,28.3639,466.219
2024-08-05,48.3559,33.8644,28.3867,466.182
2024-08-06,45.1443,33.9232,28.407,465.452
2024-08-07,46.3842,33.8439,28.43,463.775
2024-08-08,52.3138,33.7998,28.4533,463.898
2024-08-09,63.5804,33.7271,28.4746,461.662
2024-08-10,69.5195,33.8087,28.4939,461.295
2024-08-11,73.1479,33.7552,28.5174,462.253
2024-08-12,44.9356,33.7448,28.5357,461.734
2024-08-13,45.8574,33.8063,28.5559,461.797
2024-08-14,45.6784,33.7952,28.5736,461.766
2024-08-15,44.799,33.6269,28.5429,460.962
2024-08-16,45.6384,33.9069,28.51,459.627
2024-08-17,44.2774,34.0216,28.5271,460.299
2024-08-18,44.8315,33.8661,28.264,463.743
2024-08-19,45.1835,33.841,28.285,463.334
2024-08-20,45.2279,33.7796,28.3048,463.504
2024-08-21,44.9067,33.6729,28.3275,463.67
2024-08-22,45.0388,33.6752,28.3558,463.778
2024-08-23,45.1877,33.7597,28.3782,463.68
2024-08-24,45.3318,33.809,28.3998,463.981
2024-08-25,45.8463,33.8728,28.4233,464.016
2024-08-26,46.0299,33.8835,28.4405,464.203
2024-08-27,45.9134,33.9575,28.3499,453.659
2024-08-28,44.8972,33.7054,28.3645,453.243
2024-08-29,44.4611,33.7517,28.3864,453.321
2024-08-30,44.0747,33.9046,28.4078,453.161
2024-08-31,44.3284,33.8688,28.429,453.076
2024-09-01,44.5306,33.9205,28.444,453.142
2024-09-02,44.3232,34.001,28.4653,453.402
2024-09-03,44.2699,33.9317,28.482,453.709
2024-09-04,44.8389,33.9604,28.5115,453.483
2024-09-05,44.6914,33.8177,28.5368,453.547
2024-09-06,44.8519,33.9072,28.5602,453.244
2024-09-07,45.1649,34.0415,28.5836,453.254
2024-09-08,45.431,33.997,28.6085,452.822
2024-09-09,45.7726,33.9056,28.6378,453.091
2024-09-10,45.016,33.9227,28.6594,453.124
2024-09-11,45.98,33.78,28.6814,453.6
2024-09-12,45.2642,33.804,28.702,453.714
2024-09-13,45.5595,33.8915,28.6097,452.182
2024-09-14,45.7807,34.117,28.6276,452.433
2024-09-15,44.5346,34.168,28.4071,449.93
2024-09-16,44.6267,34.0761,28.3185,448.309
2024-09-17,44.187,34.2531,28.3364,446.135
2024-09-18,44.6351,33.8908,28.3638,446.039
2024-09-19,45.0192,33.8727,28.3867,445.887
2024-09-20,45.6947,34.1564,27.9871,448.182
2024-09-21,46.131,34.2023,27.9427,446.908
2024-09-22,45.9179,34.1809,27.9151,445.086
2024-09-23,45.6728,34.1097,27.9376,445.197
2024-09-24,45.3147,34.1564,27.9599,442.402
2024-09-25,45.4656,33.7791,27.9853,443.431
2024-09-26,44.2162,33.7434,28.0053,443.888
2024-09-27,44.1664,33.7459,28.0249,444.164
2024-09-28,43.9396,33.8658,28.0488,443.938
2024-09-29,43.9425,33.8239,28.07,444.69
2024-09-30,43.6752,33.8364,28.0886,444.937
2024-10-01,43.4221,33.9517,28.1158,445.366
2024-10-02,43.7168,33.7925,28.1351,445.865
2024-10-03,43.9288,33.7498,28.1604,445.556
2024-10-04,43.6337,33.9404,28.1829,445.582
2024-10-05,43.6607,34.0192,28.2056,446.072
2024-10-06,44.1558,33.9811,28.2292,444.594
2024-10-07,45.0469,33.9848,28.251,436.568
2024-10-08,47.1777,34.0473,28.2691,436.464
2024-10-09,44.5694,33.8218,28.2975,437.066
2024-10-10,44.853,33.8146,28.3204,437.448
2024-10-11,44.618,33.9715,28.3434,437.597
2024-10-12,44.8703,33.9485,28.3646,438.186
2024-10-13,45.1994,33.9463,28.248,439.711
2024-10-14,45.742,33.9015,28.1542,438.557
2024-10-15,44.9351,33.931,28.1774,435.198
2024-10-16,45.0449,33.8564,28.1983,435.027
2024-10-17,45.2001,33.7442,28.2204,435.491
2024-10-18,44.4134,33.9183,28.2418,435.575
2024-10-19,44.3611,33.9443,28.2648,436.348
2024-10-20,44.7664,33.8727,28.2881,436.413
2024-10-21,44.7566,33.8789,28.3111,435.966
2024-10-22,45.0969,33.7887,28.3326,436.376
2024-10-23,45.1747,33.2729,28.3573,434.493
2024-10-24,45.4196,32.986,28.3795,435.031
2024-10-25,45.203,32.9873,28.4014,435.451
2024-10-26,45.7191,33.0215,28.4242,428.111
2024-10-27,45.7758,32.9602,28.4271,429.329
2024-10-28,46.882,32.9873,28.3543,427.765
2024-10-29,46.4223,32.9243,28.3798,425.385
2024-10-30,46.2115,32.8596,28.4003,424.308
2024-10-31,47.3212,32.6835,28.4259,425.573
2024-11-01,48.1991,32.6609,28.4456,426.908
2024-11-02,48.6806,32.8286,28.4688,428.39
2024-11-03,47.9901,32.7281,28.4936,429.789
2024-11-04,47.5315,32.7333,28.4589,432.666
2024-11-05,48.3071,32.6357,28.4275,430.216
2024-11-06,52.8435,32.3343,28.4526,432.095
2024-11-07,47.6961,32.0971,28.4796,433.397
2024-11-08,48.2139,32.1565,28.4896,434.13
2024-11-09,49.2588,32.2982,28.5246,434.97
2024-11-10,50.8307,32.3389,28.5475,436.382
2024-11-11,50.6186,32.2437,28.5679,438.389
2024-11-12,50.5332,32.2517,28.586,439.266
2024-11-13,48.8133,32.1439,28.6111,440.653
2024-11-14,46.2083,32.0585,28.6267,441.618
2024-11-15,46.4447,32.16,28.6484,442.251
2024-11-16,47.313,32.2236,28.6086,442.457
2024-11-17,47.9908,32.1675,28.5729,442.027
2024-11-18,48.0949,32.1271,28.6008,442.531
2024-11-19,47.9323,32.0801,28.5076,441.262
2024-11-20,51.8054,31.9939,28.5285,441.535
2024-11-21,52.2717,31.9765,28.548,442.312
2024-11-22,55.4346,32.0604,28.5713,442.411
2024-11-23,47.9908,32.1262,28.5999,441.804
2024-11-24,48.4362,32.1853,28.6233,441.749
2024-11-25,48.673,32.2056,28.6476,442.53
2024-11-26,49.2288,32.1914,28.6694,442.833
2024-11-27,47.1443,32.1399,28.6915,443.525
2024-11-28,51.6541,32.0723,28.7137,444.098
2024-11-29,51.5708,31.877,28.7373,444.677
2024-11-30,59.8411,31.9029,28.76,445.052
2024-12-01,48.5875,31.9102,28.7846,445.498
2024-12-02,48.6444,31.8887,28.8047,444.268
2024-12-03,48.7103,31.8993,28.5952,431.712
2024-12-04,47.7677,31.7276,28.6191,431.972
2024-12-05,48.2716,31.6869,28.6368,420.225
2024-12-06,48.731,31.8027,28.6609,420.579
2024-12-07,48.3834,31.8673,28.6842,420.167
2024-12-08,48.9044,31.9109,28.7082,420.939
2024-12-09,50.3902,31.8859,28.7305,419.861
2024-12-10,48.3717,31.8999,28.7517,421.843
2024-12-11,47.7086,31.7821,28.7721,420.693
2024-12-12,47.5558,31.8123,28.7923,420.334
2024-12-13,49.1241,31.9869,28.7531,420.052
2024-12-14,61.1259,31.9267,28.7391,419.704
2024-12-15,48.3037,31.9114,28.7515,420.459
2024-12-16,48.842,31.8445,28.7728,420.641
2024-12-17,49.5535,31.8852,28.6929,419.745
2024-12-18,49.8517,31.8668,28.5993,418.969
2024-12-19,49.6903,31.9831,28.6286,419.712
2024-12-20,50.1431,31.885,28.5068,421.126
2024-12-21,48.9319,31.9994,28.4191,419.961
2024-12-22,49.758,32.0748,28.3809,420.075
2024-12-23,50.1662,32.0875,28.3576,421.76
2024-12-24,49.6315,32.1172,28.3789,422.466
2024-12-25,49.181,32.036,28.4005,423.047
2024-12-26,48.6302,31.9406,28.4237,423.307
2024-12-27,48.5573,32.0205,28.435,423.504
2024-12-28,49.086,32.2228,28.4618,424.163
2024-12-29,51.1266,32.3737,28.4854,424.694
2024-12-30,49.8898,32.43,28.5168,425.096
2024-12-31,51.2755,32.3503,28.5408,424.02
2025-01-01,52.5209,32.3321,28.5561,424.39
2025-01-02,54.0772,32.325,28.5832,424.376
2025-01-03,55.4944,32.3843,28.6164,425.634
2025-01-04,56.5062,32.3771,28.6199,427.852
2025-01-05,52.1585,32.3389,28.6536,426.587
2025-01-06,52.6162,32.3833,28.6676,425.859
2025-01-07,62.1422,32.464,28.6904,426.269
2025-01-08,52.8907,32.2592,28.7146,426.784
2025-01-09,53.1102,32.1034,28.74,427.033
2025-01-10,53.1144,32.2127,28.7593,427.718
2025-01-11,51.4338,32.2454,28.7789,428.048
2025-01-12,50.9154,32.3055,28.7953,428.22
2025-01-13,52.2247,32.2296,28.8248,429.007
2025-01-14,53.43,32.1796,28.8516,429.739
2025-01-15,58.68,32.055,28.8693,429.966
2025-01-16,61.5663,32.0236,28.891,430.458
2025-01-17,71.8626,32.1731,28.9145,431.236
2025-01-18,75.6562,32.1511,28.9361,431.697
2025-01-19,81.5529,32.1663,28.9595,432.262
2025-01-20,53.5221,32.1668,28.9793,432.956
2025-01-21,54.3145,32.2077,29.0049,433.726
2025-01-22,53.7559,32.2711,29.0273,434.597
2025-01-23,53.3038,32.0354,29.0487,416.538
2025-01-24,54.2811,32.0657,29.071,417.003
2025-01-25,54.5607,32.2055,29.095,418.288
2025-01-26,54.6421,32.2971,29.1191,418.332
2025-01-27,55.3024,32.3097,29.1439,419.981
2025-01-28,54.9702,32.1984,29.164,420.559
2025-01-29,53.905,32.0416,29.1834,421.242
2025-01-30,54.128,31.9519,29.2088,421.104
2025-01-31,53.7664,31.9832,29.2313,421.967
2025-02-01,53.3475,32.0409,29.2505,418.734
2025-02-02,53.2699,32.1129,29.2688,418.535
2025-02-03,54.8027,32.1755,29.1895,417.168
2025-02-04,54.4143,32.2319,29.2102,417.628
2025-02-05,53.9979,32.1498,29.2392,417.743
2025-02-06,54.3542,31.9701,29.2566,416.584
2025-02-07,54.6333,32.0961,29.2813,416.831
2025-02-08,54.2324,32.1716,29.183,412.566
2025-02-09,53.4688,32.146,29.0188,410.731
2025-02-10,53.9561,32.1074,29.0002,410.951
2025-02-11,53.3863,32.1552,29.0226,411.313
2025-02-12,53.3499,32.1309,29.0446,411.687
2025-02-13,53.1154,32.0757,29.073,412.267
2025-02-14,53.19,32.2,29.0967,412.911
2025-02-15,55.119,32.1577,29.0538,412.278
2025-02-16,52.3495,32.2248,29.0229,411.792
2025-02-17,52.8944,32.3115,29.0504,403.141
2025-02-18,53.0286,32.3604,29.071,403.276
2025-02-19,53.6951,32.3848,29.0937,403.93
2025-02-20,52.4797,32.3077,29.1079,403.777
2025-02-21,60.5431,32.382,29.1411,404.747
2025-02-22,54.5284,32.5086,29.1678,405.239
2025-02-23,53.2875,32.6197,29.1911,405.607
2025-02-24,54.6608,32.6922,29.2143,406.127
2025-02-25,55.0801,32.7369,29.2307,406.475
2025-02-26,53.3405,32.7508,29.252,406.953
2025-02-27,53.7963,32.7425,29.2744,407.369
2025-02-28,54.0985,32.8506,29.2948,407.807
2025-03-01,53.609,32.8928,29.1616,405.984
2025-03-02,53.0067,32.9156,29.1668,406.238
2025-03-03,54.2137,32.8109,29.1419,405.732
2025-03-04,53.5535,32.8569,29.1561,405.906
2025-03-05,54.2183,32.8499,29.1767,406.058
2025-03-06,54.0732,32.9146,29.2064,406.886
2025-03-07,54.1597,32.9579,29.2308,394.582
2025-03-08,54.2622,32.9444,29.2544,394.963
2025-03-09,53.917,33.0125,29.2783,395.505
2025-03-10,53.635,33.0014,29.3022,396.371
2025-03-11,53.6566,33.1307,29.3237,397.397
2025-03-12,53.7444,33.1207,29.3436,397.877
2025-03-13,55.8313,32.9973,29.3634,398.258
2025-03-14,56.9857,33.0112,29.2544,400.149
2025-03-15,56.2859,32.9349,29.2253,401.477
2025-03-16,56.7665,32.9431,29.1568,403.153
2025-03-17,57.2896,32.9142,29.1748,403.362
2025-03-18,58.1093,32.9163,29.1995,404.303
2025-03-19,57.0376,32.875,29.2209,405.247
2025-03-20,56.5576,32.7836,29.239,405.595
2025-03-21,56.5866,32.8909,29.1249,407.198
2025-03-22,56.3763,33.0004,29.1454,408.07
2025-03-23,56.7511,33.0246,29.1701,408.5
2025-03-24,56.6998,33.0123,29.193,408.469
2025-03-25,56.897,33.1477,29.2158,409.015
2025-03-26,58.1999,33.377,29.2383,409.579
2025-03-27,57.7703,33.28,29.2653,410.57
2025-03-28,58.4345,33.3901,29.282,410.923
2025-03-29,60.9883,32.9529,29.1759,405.604
2025-03-30,64.4638,33.0327,28.9395,406.111
2025-03-31,61.2201,33.0506,28.8568,404.783
2025-04-01,61.1172,32.9584,28.8791,405.156
2025-04-02,56.6093,32.9122,28.9036,405.647
2025-04-03,57.236,32.8979,28.9286,406.278
2025-04-04,57.9481,32.9388,28.9495,405.315
2025-04-05,55.1771,32.9789,28.9685,405.719
2025-04-06,55.6042,33.0092,28.8804,404.96
2025-04-07,56.1708,33.0094,28.9011,405.333
2025-04-08,56.6456,33.0431,28.9228,406.477
2025-04-09,56.2952,33.0318,28.9459,407.291
2025-04-10,56.3506,33.1584,28.9688,407.903
2025-04-11,57.4838,33.1695,28.9925,407.131
2025-04-12,57.0732,33.2766,29.0142,407.574
2025-04-13,57.1178,33.2882,29.0374,407.988
2025-04-14,57.8881,33.3117,29.0595,402.181
2025-04-15,58.603,33.4326,29.0796,409.27
2025-04-16,57.7616,33.4402,29.1,409.789
2025-04-17,60.1507,33.3483,29.1196,410.418
2025-04-18,59.7326,33.1611,29.1448,410.785
2025-04-19,69.2769,33.213,29.1664,404.653
2025-04-20,70.5896,33.2539,29.1887,405.19
2025-04-21,76.1372,33.2481,29.1039,404.409
2025-04-22,77.5899,33.3294,29.1226,404.998
2025-04-23,57.7334,33.4778,29.139,405.459
2025-04-24,57.5411,33.4084,29.1742,406.489
2025-04-25,58.1521,33.4135,29.1351,406.514
2025-04-26,56.1007,33.3897,29.03,407.742
2025-04-27,56.1202,33.2948,29.0433,408.342
2025-04-28,56.6785,33.1803,29.0653,409.338
2025-04-29,56.7469,33.1642,29.0754,410.603
2025-04-30,56.2702,33.0478,29.0955,411.461
2025-05-01,56.3366,33.1435,29.1218,413.516
2025-05-02,57.0457,33.3073,29.1431,415.808
2025-05-03,56.9545,33.3954,29.1696,418.576
2025-05-04,57.108,33.348,29.185,419.182
2025-05-05,57.5893,33.3445,29.1011,417.421
2025-05-06,59.5506,33.2725,29.1217,418.856
2025-05-07,59.4184,33.2402,29.1468,418.456
2025-05-08,58.033,33.1945,29.1604,419.178
2025-05-09,58.0748,33.3049,29.1845,420.309
2025-05-10,57.0981,33.3392,29.2054,423.662
2025-05-11,57.3761,33.5677,29.2251,422.002
2025-05-12,58.8305,32.3379,28.2096,482.453
2025-05-13,58.8073,33.55,29.2752,426.18
2025-05-14,57.7456,33.5677,29.2964,427.462
2025-05-15,57.731,33.5041,29.3192,417.907
2025-05-16,57.9112,33.1572,29.3423,418.589
2025-05-17,57.5872,33.2014,29.2527,417.491
2025-05-18,58.0914,33.0536,29.2769,417.953
2025-05-19,58.4067,32.955,29.2977,418.573
2025-05-20,58.9772,33.0721,29.3227,419.374
2025-05-21,59.1601,32.9922,29.3489,420.225
2025-05-22,59.9555,33.0546,29.3723,417.868
2025-05-23,61.37,33.1212,29.2211,422.431
2025-05-24,60.3888,33.0966,29.2095,422.525
2025-05-25,61.6738,33.0432,29.1746,422.276
2025-05-26,60.3504,33.0648,29.1493,416.994
2025-05-27,61.0874,33.0097,29.1781,417.713
2025-05-28,61.796,33.0471,29.0681,421.371
2025-05-29,61.0703,33.0336,29.0224,420.469
2025-05-30,61.8768,33.1474,29.0501,421.063
2025-05-31,73.5051,33.2688,29.0659,420.707
2025-06-01,61.7092,33.2298,29.0845,420.971
2025-06-02,62.2656,33.2178,29.0473,415.755
2025-06-03,62.8349,33.2292,29.0209,418.339
2025-06-04,63.8557,33.1347,29.0437,418.89
2025-06-05,63.6458,33.1612,29.0638,417.9
2025-06-06,65.7485,33.2222,29.0841,414.45
2025-06-07,76.9618,33.3093,29.1064,410.573
2025-06-08,88.0077,33.1803,29.1338,410.745
2025-06-09,82.9051,33.2132,29.1564,410.672
2025-06-10,94.1007,33.3224,29.1806,411.381
2025-06-11,60.9987,33.3007,29.2,411.534
2025-06-12,61.6632,33.1854,29.2227,411.657
2025-06-13,61.931,33.2155,29.184,411.26
2025-06-14,62.7364,33.3762,29.1546,411.33
2025-06-15,62.4225,33.257,29.1807,412.096
2025-06-16,62.7447,33.2253,29.201,412.223
2025-06-17,63.4711,33.2301,29.2259,412.923
2025-06-18,69.2729,33.2446,29.2512,413.165
2025-06-19,69.8318,33.2752,29.2802,413.959
2025-06-20,63.4268,33.674,29.3076,414.474
2025-06-21,63.4926,33.2187,29.3309,414.942
2025-06-22,63.8177,33.224,29.3549,415.327
2025-06-23,64.2415,33.2325,29.3185,415.67
2025-06-24,64.5733,33.2995,29.1862,416.571
2025-06-25,67.3959,33.2186,29.1844,417.26
2025-06-26,71.6661,33.3221,29.2127,417.998
2025-06-27,73.8764,33.3277,29.2296,418.153
2025-06-28,66.1366,33.3503,29.2491,418.221
2025-06-29,66.3078,33.2984,29.2753,418.879
2025-06-30,66.3716,33.3051,29.2982,418.918
2025-07-01,66.5211,33.2499,29.2601,418.34
2025-07-02,66.6997,33.333,29.1273,417.902
2025-07-03,67.9207,33.3067,28.9977,417.8
2025-07-04,67.8849,33.2386,29.0193,415.407
2025-07-05,67.5727,33.1673,29.0371,416.139
2025-07-06,71.4952,33.3855,29.0544,416.037
2025-07-07,71.1967,33.5139,29.0833,416.103
2025-07-08,68.3804,33.5531,29.1032,416.373
2025-07-09,68.1697,33.4147,29.1257,416.484
2025-07-10,69.4251,33.3528,29.1541,416.707
2025-07-11,68.9507,33.3976,29.1772,416.014
2025-07-12,69.85,33.7134,29.1932,415.593
2025-07-13,68.2839,33.6301,29.2159,414.753
2025-07-14,83.9563,33.5902,29.2316,413.631
2025-07-15,69.0306,33.6529,29.2542,413.407
2025-07-16,71.1432,33.5901,29.2843,412.953
2025-07-17,71.6588,33.6433,29.3122,412.31
2025-07-18,73.1762,33.7427,29.3264,412.491
2025-07-19,69.6293,33.9143,29.3542,412.843
2025-07-20,71.7101,33.9615,29.3752,412.948
2025-07-21,95.6591,33.7505,29.3989,413.427
2025-07-22,101.719,33.8117,29.4219,413.706
2025-07-23,71.5075,33.6909,29.4412,414.083
2025-07-24,72.4817,33.7775,29.4648,414.684
2025-07-25,73.539,33.4462,29.4849,415.376
2025-07-26,77.1994,33.6082,29.5077,415.982
2025-07-27,84.4126,33.6493,29.5268,416.725
2025-07-28,95.2012,33.667,29.5509,417.14
2025-07-29,103.467,33.7426,29.5678,417.808
2025-07-30,80.8076,33.7124,29.5964,418.579
2025-07-31,81.7536,33.7071,29.6204,418.653
2025-08-01,78.7139,33.5393,29.6455,419.364
2025-08-02,78.034,33.6405,29.6109,418.335
2025-08-03,74.7492,33.6934,29.5776,418.414
2025-08-04,77.1935,33.5191,29.6039,418.977
2025-08-05,94.7108,33.567,29.6376,420.11
2025-08-06,89.6833,33.6593,29.665,420.79
2025-08-07,75.1931,33.6122,29.6828,421.532
2025-08-08,75.7508,33.7169,29.7015,421.503
2025-08-09,76.0622,33.9476,29.7219,422.502
2025-08-10,75.2004,33.9176,29.747,422.367
2025-08-11,76.0239,33.9332,29.7694,423.107
2025-08-12,75.6682,34.0951,29.7902,423.338
2025-08-13,75.7188,34.0781,29.8073,424.338
2025-08-14,78.1315,33.9901,29.8371,425.838
2025-08-15,76.4077,34.1089,29.859,426.359
2025-08-16,76.6988,34.0389,29.8724,425.415
2025-08-17,81.1688,33.9863,29.8918,426.177
2025-08-18,88.7174,33.7045,29.9154,426.572
2025-08-19,80.1267,33.7691,29.9416,426.805
2025-08-20,87.6955,33.7371,29.8487,425.492
2025-08-21,85.7954,33.816,29.7691,424.856
2025-08-22,85.2817,33.9387,29.8964,427.328
2025-08-23,85.7157,34.0369,29.9228,428.94
2025-08-24,86.2687,34.0455,29.9426,430.552
2025-08-25,88.2297,34.2306,29.9684,431.608
2025-08-26,92.7361,34.4103,29.9812,432.568
2025-08-27,97.267,34.2059,29.9933,431.831
2025-08-28,90.6412,34.1073,30.0216,430.233
2025-08-29,88.539,34.0803,30.0411,430.694
2025-08-30,77.9686,34.1334,30.0627,431.55
2025-08-31,77.6335,34.3392,30.0795,431.857
2025-09-01,78.4351,34.2748,29.992,432.526
2025-09-02,80.1863,34.2091,29.8989,433.14
2025-09-03,80.5529,33.8357,29.9244,433.952
2025-09-04,82.2917,33.9212,29.9526,433.837
2025-09-05,83.9364,33.7795,29.9726,434.331
2025-09-06,81.1406,33.7864,29.9935,435.385
2025-09-07,82.1072,33.7134,30.0144,434.785
2025-09-08,82.4505,33.6242,30.0345,433.769
2025-09-09,84.2402,33.7054,29.9997,430.946
2025-09-10,89.6841,33.7238,30.053,431.863
2025-09-11,91.5813,33.6723,30.1024,432.932
2025-09-12,84.0726,34.0563,30.126,432.627
2025-09-13,85.1597,34.2987,30.0364,431.057
2025-09-14,86.1548,34.0651,29.9421,429.2
2025-09-15,90.8615,33.8811,29.9665,428.442
2025-09-16,94.3809,34.1334,29.9904,429.493
2025-09-17,97.2301,34.0086,29.953,428.403
2025-09-18,96.0835,33.9564,29.9266,428.357
2025-09-19,80.8784,33.9817,29.946,428.791
2025-09-20,77.9252,33.9043,29.9717,429.116
2025-09-21,80.2308,33.4772,29.9916,428.931
2025-09-22,82.6115,33.4664,30.0131,429.333
2025-09-23,81.4048,33.6343,30.0321,429.638
2025-09-24,73.9649,33.8501,29.995,429.588
2025-09-25,77.0186,33.6733,29.9768,428.873
2025-09-26,77.5353,33.8067,29.9922,429.439
2025-09-27,76.2712,33.6478,30.0127,429.912
2025-09-28,81.0063,33.7186,30.0379,430.396
2025-09-29,87.4629,33.7047,30.0607,430.391
2025-09-30,88.3648,33.6335,29.8528,430.234
2025-10-01,100.539,33.6635,29.7491,429.754
2025-10-02,102.954,33.4764,29.7677,429.929
2025-10-03,75.4779,33.3949,29.7913,424.699
2025-10-04,76.0454,33.5226,29.8187,430.684
2025-10-05,76.1999,33.5361,29.7817,426.376
2025-10-06,77.4444,33.5854,29.755,427.142
2025-10-07,78.2909,33.5985,29.7724,427.688
2025-10-08,78.0557,33.5428,29.7989,428.133
2025-10-09,77.8534,33.4235,29.8146,428.207
2025-10-10,78.8937,33.4891,29.8402,428.548
2025-10-11,77.5586,33.6436,29.7567,427.118
2025-10-12,78.2349,33.478,29.7065,421.045
2025-10-13,78.9025,33.4485,29.6971,420.915
2025-10-14,79.6109,33.58,29.726,421.527
2025-10-15,78.1647,33.5302,29.7452,421.41
2025-10-16,78.43,33.535,29.768,421.912
2025-10-17,78.9923,33.5175,29.786,421.873
2025-10-18,83.0466,33.4798,29.8116,422.994
2025-10-19,78.3991,33.4586,29.8389,423.225
2025-10-20,78.9062,33.4438,29.799,400.086
2025-10-21,81.5206,33.3706,29.776,402.147
2025-10-22,80.4637,33.3662,29.7966,403.602
2025-10-23,83.4805,33.2939,29.8143,401.52
2025-10-24,95.7848,34.5449,29.8426,401.621
2025-10-25,102.465,33.3203,29.8644,401.435
2025-10-26,82.5335,33.2577,29.8849,398.26
2025-10-27,84.2216,33.2457,29.9119,397.053
2025-10-28,86.0462,33.1917,29.9306,397.224
2025-10-29,85.7576,33.162,29.9569,397.528
2025-10-30,85.358,33.2083,29.9119,396.937
2025-10-31,87.0208,33.2927,29.7493,395.492
2025-11-01,87.4097,33.3204,29.6901,397.602
2025-11-02,79.5695,33.3676,29.7038,398.006
2025-11-03,79.7887,33.32,29.7189,397.94
2025-11-04,80.8274,33.3795,29.7461,398.086
2025-11-05,79.7169,33.6803,29.7661,399.063
2025-11-06,79.1735,33.6035,29.7882,398.558
2025-11-07,79.8916,33.7318,29.8089,398.852
2025-11-08,79.3488,33.7918,29.834,399.057
2025-11-09,80.2203,33.924,29.8611,399.306
2025-11-10,79.96,33.8166,29.8822,399.662
2025-11-11,79.7436,33.8353,29.9066,400.67
2025-11-12,79.4145,33.8396,29.9313,401.221
2025-11-13,79.6617,33.7619,29.9565,401.851
2025-11-14,79.3287,33.7677,29.9789,402.294
2025-11-15,79.6376,33.8761,30.0006,403.386
2025-11-16,80.0259,33.927,30.0241,404.2
2025-11-17,80.5184,33.8136,30.0585,403.7
2025-11-18,81.8424,33.7471,30.0827,405.447
2025-11-19,82.3171,33.6578,30.0492,405.288
2025-11-20,81.0956,33.6156,30.0163,405.477
2025-11-21,81.1957,33.6799,30.0396,406.817
2025-11-22,82.6372,33.6663,30.0618,406.3
2025-11-23,82.4843,33.5976,30.0805,405.234
2025-11-24,83.3235,33.6008,30.1089,405.628
2025-11-25,83.7119,33.6499,30.1312,405.111
2025-11-26,89.714,33.4819,30.1617,405.842
2025-11-27,87.6083,33.3897,30.1842,404.798
2025-11-28,88.6467,33.3712,30.2024,404.889
2025-11-29,89.1412,33.409,30.2199,403.487
2025-11-30,90.4362,33.3942,30.2392,404.614
2025-12-01,91.0324,33.429,30.2641,402.781
2025-12-02,98.7249,33.5549,30.339,406.579
2025-12-03,100.779,33.4643,30.4171,405.536
2025-12-04,105.234,33.3306,30.3636,404.795
2025-12-05,107.598,33.3138,30.3555,403.711
2025-12-06,107.986,33.3946,30.3749,401.245
2025-12-07,104.32,33.4545,30.4023,401.068
2025-12-08,104.474,33.5131,30.4211,400.868
2025-12-09,113.459,33.5023,30.4452,401.268
2025-12-10,106.474,33.5607,30.4334,399.77
2025-12-11,108.417,33.4364,30.3905,399.92
2025-12-12,113.991,33.4549,30.4167,400.634
2025-12-13,112.943,33.4081,30.4301,399.799
2025-12-14,118.08,33.4098,30.4525,398.56
2025-12-15,115.722,33.413,30.4725,398.462
2025-12-16,121.059,33.4307,30.4988,398.746
2025-12-17,122.566,33.4478,30.5211,399.052
2025-12-18,128.034,33.4417,30.5455,398.301
2025-12-19,127.241,33.505,30.5418,398.008
2025-12-20,126.311,33.6108,30.4731,396.504
2025-12-21,127.316,33.5867,30.4867,396.944
2025-12-22,128.315,33.5624,30.3544,395.164
2025-12-23,129.75,33.6116,30.3217,395.727
2025-12-24,137.149,33.5625,30.3465,396.641
2025-12-25,138.487,33.355,30.3734,394.752
2025-12-26,137.083,33.4586,30.4008,390.992
2025-12-27,137.285,33.6167,30.4248,395.749
2025-12-28,137.331,33.647,30.4368,391.519
2025-12-29,141.94,33.6741,30.4647,396.491
2025-12-30,143.16,33.6272,30.4922,392.939
2025-12-31,138.025,33.5484,30.5076,392.073
