L_km,P_nue,P_numu,P_nutau
L0001.00,1.2368333114e-06,9.9997439160e-01,2.4371563068e-05
L0005.00,3.1061422522e-05,9.9935915299e-01,6.0978558947e-04
L0009.01,1.0095925081e-04,9.9792437777e-01,1.9746629839e-03
L0013.01,2.1123463748e-04,9.9567243283e-01,4.1163325346e-03
L0017.01,3.6212317183e-04,9.9260703312e-01,7.0308437122e-03
L0021.02,5.5379085747e-04,9.8873323548e-01,1.0712973660e-02
L0025.02,7.8633337676e-04,9.8405743034e-01,1.5156236280e-02
L0029.02,1.0597754772e-03,9.7858733112e-01,2.0352893402e-02
L0033.02,1.3740704820e-03,9.7233196151e-01,2.6293968006e-02
L0037.03,1.7290999254e-03,9.6530164058e-01,3.2969259495e-02
L0041.03,2.1246733155e-03,9.5750796572e-01,4.0367360968e-02
L0045.03,2.5605280246e-03,9.4896379349e-01,4.8475678483e-02
L0049.04,3.0363293082e-03,9.3968321842e-01,5.7280452271e-02
L0053.04,3.5516704536e-03,9.2968154969e-01,6.6766779860e-02
L0057.04,4.1060730584e-03,9.1897528586e-01,7.6918641077e-02
L0061.05,4.6989874392e-03,9.0758208767e-01,8.7718924888e-02
L0065.05,5.3297931698e-03,8.9552074881e-01,9.9149458019e-02
L0069.05,5.9977997498e-03,8.8281116492e-01,1.1119103533e-01
L0073.05,6.7022474022e-03,8.6947430075e-01,1.2382345185e-01
L0077.06,7.4423079991e-03,8.5553215550e-01,1.3702553650e-01
L0081.06,8.2170861160e-03,8.4100772653e-01,1.5077518736e-01
L0085.06,9.0256202114e-03,8.2592497137e-01,1.6504940842e-01
L0089.07,9.8668839316e-03,8.1030876815e-01,1.7982434792e-01
L0093.07,1.0739787539e-02,7.9418487455e-01,1.9507533791e-01
L0097.07,1.1643179462e-02,7.7757988525e-01,2.1077693529e-01
L0101.08,1.2575847961e-02,7.6052118800e-01,2.2690296404e-01
L0105.08,1.3536522917e-02,7.4303691842e-01,2.4342655866e-01
L0109.08,1.4523877731e-02,7.2515591355e-01,2.6032020872e-01
L0113.08,1.5536531329e-02,7.0690766423e-01,2.7755580444e-01
L0117.09,1.6573050291e-02,6.8832226638e-01,2.9510468333e-01
L0121.09,1.7631951066e-02,6.6943037135e-01,3.1293767758e-01
L0125.09,1.8711702305e-02,6.5026313530e-01,3.3102516239e-01
L0129.10,1.9810727279e-02,6.3085216775e-01,3.4933710497e-01
L0133.10,2.0927406404e-02,6.1122947940e-01,3.6784311420e-01
L0137.10,2.2060079844e-02,5.9142742928e-01,3.8651249088e-01
L0141.11,2.3207050208e-02,5.7147867134e-01,4.0531427846e-01
L0145.11,2.4366585327e-02,5.5141610051e-01,4.2421731416e-01
L0149.11,2.5536921104e-02,5.3127279845e-01,4.4319028045e-01
L0153.11,2.6716264444e-02,5.1108197887e-01,4.6220175668e-01
L0157.12,2.7902796243e-02,4.9087693277e-01,4.8122027098e-01
L0161.12,2.9094674448e-02,4.7069097344e-01,5.0021435211e-01
L0165.12,3.0290037165e-02,4.5055738148e-01,5.1915258135e-01
L0169.13,3.1487005830e-02,4.3050934988e-01,5.3800364429e-01
L0173.13,3.2683688416e-02,4.1057992921e-01,5.5673638237e-01
L0177.13,3.3878182689e-02,3.9080197310e-01,5.7531984421e-01
L0181.14,3.5068579495e-02,3.7120808399e-01,5.9372333652e-01
L0185.14,3.6252966083e-02,3.5183055932e-01,6.1191647460e-01
L0189.14,3.7429429441e-02,3.3270133826e-01,6.2986923230e-01
L0193.14,3.8596059663e-02,3.1385194897e-01,6.4755199137e-01
L0197.15,3.9750953321e-02,2.9531345659e-01,6.6493559009e-01
L0201.15,4.0892216847e-02,2.7711641196e-01,6.8199137119e-01
L0205.15,4.2017969910e-02,2.5929080123e-01,6.9869122886e-01
L0209.16,4.3126348795e-02,2.4186599638e-01,7.1500765482e-01
L0213.16,4.4215509766e-02,2.2487070675e-01,7.3091378349e-01
L0217.16,4.5283632412e-02,2.0833293167e-01,7.4638343592e-01
L0221.17,4.6328922968e-02,1.9227991431e-01,7.6139116272e-01
L0225.17,4.7349617613e-02,1.7673809669e-01,7.7591228569e-01
L0229.17,4.8343985722e-02,1.6173307610e-01,7.8992293818e-01
L0233.17,4.9310333086e-02,1.4728956287e-01,8.0340010405e-01
L0237.18,5.0247005077e-02,1.3343133961e-01,8.1632165531e-01
L0241.18,5.1152389767e-02,1.2018122202e-01,8.2866638821e-01
L0245.18,5.2024920979e-02,1.0756102124e-01,8.4041405778e-01
L0249.19,5.2863081283e-02,9.5591507926e-02,8.5154541079e-01
L0253.19,5.3665404914e-02,8.4292377965e-02,8.6204221712e-01
L0257.19,5.4430480614e-02,7.3682220054e-02,8.7188729933e-01
L0261.20,5.5156954402e-02,6.3778485053e-02,8.8106456055e-01
L0265.20,5.5843532241e-02,5.4597457227e-02,8.8955901053e-01
L0269.20,5.6488982633e-02,4.6154227432e-02,8.9735678994e-01
L0273.20,5.7092139096e-02,3.8462668257e-02,9.0444519265e-01
L0277.21,5.7651902557e-02,3.1535411185e-02,9.1081268626e-01
L0281.21,5.8167243628e-02,2.5383825808e-02,9.1644893056e-01
L0285.21,5.8637204777e-02,2.0018001120e-02,9.2134479410e-01
L0289.22,5.9060902374e-02,1.5446728928e-02,9.2549236870e-01
L0293.22,5.9437528634e-02,1.1677489414e-02,9.2888498195e-01
L0297.22,5.9766353417e-02,8.7164388477e-03,9.3151720774e-01
L0301.23,6.0046725916e-02,6.5683995009e-03,9.3338487458e-01
L0305.23,6.0278076205e-02,5.2368517577e-03,9.3448507204e-01
L0309.23,6.0459916658e-02,4.7239284431e-03,9.3481615490e-01
L0313.23,6.0591843226e-02,5.0304113768e-03,9.3437774540e-01
L0317.24,6.0673536577e-02,6.1557301583e-03,9.3317073326e-01
L0321.24,6.0704763092e-02,8.0979631852e-03,9.3119727372e-01
L0325.24,6.0685375713e-02,1.0853840903e-02,9.2846078338e-01
L0329.25,6.0615314650e-02,1.4418751279e-02,9.2496593407e-01
L0333.25,6.0494607928e-02,1.8786747494e-02,9.2071864458e-01
L0337.25,6.0323371793e-02,2.3950557842e-02,9.1572607037e-01
L0341.26,6.0101810959e-02,2.9901597804e-02,9.0999659124e-01
L0345.26,5.9830218703e-02,3.6629984307e-02,9.0353979699e-01
L0349.26,5.9508976806e-02,4.4124552111e-02,8.9636647108e-01
L0353.26,5.9138555336e-02,5.2372872322e-02,8.8848857234e-01
L0357.27,5.8719512279e-02,6.1361272984e-02,8.7991921474e-01
L0361.27,5.8252493010e-02,7.1074861729e-02,8.7067264526e-01
L0365.27,5.7738229613e-02,8.1497550432e-02,8.6076421996e-01
L0369.28,5.7177540042e-02,9.2612081849e-02,8.5021037811e-01
L0373.28,5.6571327129e-02,1.0440005818e-01,8.3902861469e-01
L0377.28,5.5920577440e-02,1.1684197150e-01,8.2723745106e-01
L0381.29,5.5226359976e-02,1.2991723606e-01,8.1485640397e-01
L0385.29,5.4489824728e-02,1.4360422230e-01,8.0190595297e-01
L0389.29,5.3712201077e-02,1.5788029266e-01,7.8840750626e-01
L0393.29,5.2894796057e-02,1.7272183900e-01,7.7438336494e-01
L0397.30,5.2038992462e-02,1.8810432163e-01,7.5985668591e-01
L0401.30,5.1146246822e-02,2.0400230989e-01,7.4485144329e-01
L0405.30,5.0218087235e-02,2.2038952418e-01,7.2939238859e-01
L0409.31,4.9256111068e-02,2.3723887941e-01,7.1350500952e-01
L0413.31,4.8261982519e-02,2.5452252976e-01,6.9721548773e-01
L0417.31,4.7237430057e-02,2.7221191468e-01,6.8055065526e-01
L0421.32,4.6184243736e-02,2.9027780614e-01,6.6353795012e-01
L0425.32,4.5104272392e-02,3.0869035684e-01,6.4620537077e-01
L0429.32,4.3999420715e-02,3.2741914960e-01,6.2858142969e-01
L0433.32,4.2871646220e-02,3.4643324754e-01,6.1069510623e-01
L0437.33,4.1722956109e-02,3.6570124527e-01,5.9257579862e-01
L0441.33,4.0555404026e-02,3.8519132067e-01,5.7425327530e-01
L0445.33,3.9371086725e-02,4.0487128751e-01,5.5575762576e-01
L0449.34,3.8172140639e-02,4.2470864858e-01,5.3711921078e-01
L0453.34,3.6960738372e-02,4.4467064936e-01,5.1836861227e-01
L0457.34,3.5739085104e-02,4.6472433209e-01,4.9953658281e-01
L0461.35,3.4509414930e-02,4.8483659021e-01,4.8065399486e-01
L0465.35,3.3273987124e-02,5.0497422300e-01,4.6175178987e-01
L0469.35,3.2035082350e-02,5.2510399040e-01,4.4286092725e-01
L0473.35,3.0794998814e-02,5.4519266783e-01,4.2401233335e-01
L0477.36,2.9556048366e-02,5.6520710112e-01,4.0523685052e-01
L0481.36,2.8320552568e-02,5.8511426112e-01,3.8656518631e-01
L0485.36,2.7090838718e-02,6.0488129829e-01,3.6802786299e-01
L0489.37,2.5869235852e-02,6.2447559685e-01,3.4965516730e-01
L0493.37,2.4658070725e-02,6.4386482863e-01,3.3147710065e-01
L0497.37,2.3459663774e-02,6.6301700636e-01,3.1352332986e-01
L0501.38,2.2276325079e-02,6.8190053649e-01,2.9582313843e-01
L0505.38,2.1110350316e-02,7.0048427125e-01,2.7840537843e-01
L0509.38,1.9964016728e-02,7.1873756004e-01,2.6129842323e-01
L0513.38,1.8839579100e-02,7.3663029999e-01,2.4453012091e-01
L0517.39,1.7739265758e-02,7.5413298557e-01,2.2812774867e-01
L0521.39,1.6665274602e-02,7.7121675724e-01,2.1211796815e-01
L0525.39,1.5619769166e-02,7.8785344904e-01,1.9652678180e-01
L0529.40,1.4604874723e-02,8.0401563497e-01,1.8137949031e-01
L0533.40,1.3622674443e-02,8.1967667424e-01,1.6670065132e-01
L0537.40,1.2675205601e-02,8.3481075513e-01,1.5251403927e-01
L0541.41,1.1764455854e-02,8.4939293752e-01,1.3884260662e-01
L0545.41,1.0892359581e-02,8.6339919399e-01,1.2570844643e-01
L0549.41,1.0060794308e-02,8.7680644933e-01,1.1313275636e-01
L0553.41,9.2715772087e-03,8.8959261861e-01,1.0113580418e-01
L0557.42,8.5264616953e-03,9.0173664346e-01,8.9736894843e-02
L0561.42,7.8271341111e-03,9.1321852678e-01,7.8954339108e-02
L0565.42,7.1752105182e-03,9.2401936560e-01,6.8805423882e-02
L0569.43,6.5722335969e-03,9.3412138218e-01,5.9306384222e-02
L0573.43,6.0196696576e-03,9.4350795325e-01,5.0472377095e-02
L0577.43,5.5189057723e-03,9.5216363729e-01,4.2317456934e-02
L0581.44,5.0712470316e-03,9.6007419995e-01,3.4854553016e-02
L0585.44,4.6779139316e-03,9.6722663736e-01,2.8095448707e-02
L0589.44,4.3400398959e-03,9.7360919750e-01,2.2050762609e-02
L0593.44,4.0586689385e-03,9.7921139943e-01,1.6729931633e-02
L0597.45,3.8347534708e-03,9.8402405050e-01,1.2141196029e-02
L0601.45,3.6691522587e-03,9.8803926134e-01,8.2915863997e-03
L0605.45,3.5626285325e-03,9.9125045876e-01,5.1869127033e-03
L0609.46,3.5158482545e-03,9.9365239646e-01,2.8317552874e-03
L0613.46,3.5293785477e-03,9.9524116351e-01,1.2294579444e-03
L0617.46,3.6036862887e-03,9.9601419070e-01,3.8212301263e-04
L0621.47,3.7391368680e-03,9.9597025461e-01,2.9060852433e-04
L0625.47,3.9359931215e-03,9.9510947947e-01,9.5452740689e-04
L0629.47,4.1944144337e-03,9.9343333683e-01,2.3722487361e-03
L0633.47,4.5144560172e-03,9.9094464294e-01,4.5409010388e-03
L0637.48,4.8960683687e-03,9.8764755399e-01,7.4563776388e-03
L0641.48,5.3390969040e-03,9.8354755906e-01,1.1113344036e-02
L0645.48,5.8432817731e-03,9.7865147092e-01,1.5505247303e-02
L0649.49,6.4082578566e-03,9.7296741465e-01,2.0624327492e-02
L0653.49,7.0335549441e-03,9.6650481404e-01,2.6461631014e-02
L0657.49,7.7185980945e-03,9.5927437591e-01,3.3007025991e-02
L0661.50,8.4627081798e-03,9.5128807229e-01,4.0249219529e-02
L0665.50,9.2651026095e-03,9.4255912048e-01,4.8175776913e-02
L0669.50,1.0124896239e-02,9.3310196111e-01,5.6773142652e-02
L0673.50,1.1041102455e-02,9.2293223416e-01,6.6026663383e-02
L0677.51,1.2012634447e-02,9.1206675300e-01,7.5920612553e-02
L0681.51,1.3038306650e-02,9.0052347648e-01,8.6438216875e-02
L0685.51,1.4116836367e-02,8.8832147916e-01,9.7561684477e-02
L0689.52,1.5246845568e-02,8.7548091970e-01,1.0927223473e-01
L0693.52,1.6426862856e-02,8.6202300745e-01,1.2155012969e-01
L0697.52,1.7655325603e-02,8.4796996731e-01,1.3437470708e-01
L0701.53,1.8930582259e-02,8.3334500292e-01,1.4772441482e-01
L0705.53,2.0250894813e-02,8.1817225824e-01,1.6157684695e-01
L0709.53,2.1614441421e-02,8.0247677759e-01,1.7590878099e-01
L0713.53,2.3019319186e-02,7.8628446420e-01,1.9069621662e-01
L0717.54,2.4463547089e-02,7.6962203734e-01,2.0591441557e-01
L0721.54,2.5945069068e-02,7.5251698813e-01,2.2153794280e-01
L0725.54,2.7461757238e-02,7.3499753406e-01,2.3754070870e-01
L0729.55,2.9011415244e-02,7.1709257232e-01,2.5389601244e-01
L0733.55,3.0591781754e-02,6.9883163203e-01,2.7057658621e-01
L0737.55,3.2200534068e-02,6.8024482542e-01,2.8755464051e-01
L0741.56,3.3835291856e-02,6.6136279804e-01,3.0480191010e-01
L0745.56,3.5493621000e-02,6.4221667814e-01,3.2228970086e-01
L0749.56,3.7173037556e-02,6.2283802520e-01,3.3998893725e-01
L0753.56,3.8871011807e-02,6.0325877781e-01,3.5787021039e-01
L0757.57,4.0584972417e-02,5.8351120090e-01,3.7590382669e-01
L0761.57,4.2312310668e-02,5.6362783244e-01,3.9405985690e-01
L0765.57,4.4050384784e-02,5.4364142972e-01,4.1230818550e-01
L0769.58,4.5796524327e-02,5.2358491523e-01,4.3061856044e-01
L0773.58,4.7548034651e-02,5.0349132235e-01,4.4896064300e-01
L0777.58,4.9302201431e-02,4.8339374076e-01,4.6730405781e-01
L0781.59,5.1056295229e-02,4.6332526186e-01,4.8561844291e-01
L0785.59,5.2807576111e-02,4.4331892415e-01,5.0387349973e-01
L0789.59,5.4553298301e-02,4.2340765872e-01,5.2203904298e-01
L0793.59,5.6290714855e-02,4.0362423488e-01,5.4008505027e-01
L0797.60,5.8017082365e-02,3.8400120616e-01,5.5798171147e-01
L0801.60,5.9729665670e-02,3.6457085658e-01,5.7569947775e-01
L0805.60,6.1425742569e-02,3.4536514741e-01,5.9320911002e-01
L0809.61,6.3102608534e-02,3.2641566450e-01,6.1048172697e-01
L0813.61,6.4757581410e-02,3.0775356615e-01,6.2748885244e-01
L0817.61,6.6388006089e-02,2.8940953182e-01,6.4420246209e-01
L0821.62,6.7991259166e-02,2.7141371154e-01,6.6059502930e-01
L0825.62,6.9564753546e-02,2.5379567620e-01,6.7663957025e-01
L0829.62,7.1105943015e-02,2.3658436890e-01,6.9230968808e-01
L0833.62,7.2612326755e-02,2.1980805723e-01,7.0757961602e-01
L0837.63,7.4081453797e-02,2.0349428672e-01,7.2242425948e-01
L0841.63,7.5510927408e-02,1.8766983555e-01,7.3681923705e-01
L0845.63,7.6898409395e-02,1.7236067039e-01,7.5074092022e-01
L0849.64,7.8241624337e-02,1.5759190373e-01,7.6416647193e-01
L0853.64,7.9538363709e-02,1.4338775258e-01,7.7707388371e-01
L0857.64,8.0786489921e-02,1.2977149857e-01,7.8944201151e-01
L0861.65,8.1983940241e-02,1.1676544976e-01,8.0125061000e-01
L0865.65,8.3128730608e-02,1.0439090392e-01,8.1248036547e-01
L0869.65,8.4218959323e-02,9.2668113565e-02,8.2311292711e-01
L0873.65,8.5252810613e-02,8.1616252689e-02,8.3313093670e-01
L0877.66,8.6228558060e-02,7.1253385301e-02,8.4251805664e-01
L0881.66,8.7144567891e-02,6.1596435789e-02,8.5125899632e-01
L0885.66,8.7999302116e-02,5.2661161168e-02,8.5933953672e-01
L0889.67,8.8791321523e-02,4.4462125271e-02,8.6674655321e-01
L0893.67,8.9519288504e-02,3.7012674901e-02,8.7346803659e-01
L0897.67,9.0181969723e-02,3.0324918009e-02,8.7949311227e-01
L0901.68,9.0778238612e-02,2.4409703911e-02,8.8481205748e-01
L0905.68,9.1307077698e-02,1.9276605590e-02,8.8941631671e-01
L0909.68,9.1767580744e-02,1.4933904110e-02,8.9329851515e-01
L0913.68,9.2158954716e-02,1.1388575162e-02,8.9645247012e-01
L0917.69,9.2480521550e-02,8.6462777711e-03,8.9887320068e-01
L0921.69,9.2731719743e-02,6.7113451745e-03,9.0055693508e-01
L0925.69,9.2912105743e-02,5.5867778952e-03,9.0150111636e-01
L0929.70,9.3021355138e-02,5.2742390131e-03,9.0170440585e-01
L0933.70,9.3059263649e-02,5.7740516471e-03,9.0116668470e-01
L0937.70,9.3025747926e-02,7.0851986494e-03,8.9988905342e-01
L0941.71,9.2920846130e-02,9.2053245120e-03,8.9787382936e-01
L0945.71,9.2744718312e-02,1.2130739483e-02,8.9512454221e-01
L0949.71,9.2497646590e-02,1.5856425886e-02,8.9164592752e-01
L0953.71,9.2180035110e-02,2.0376046626e-02,8.8744391826e-01
L0957.72,9.1792409802e-02,2.5681955883e-02,8.8252563432e-01
L0961.72,9.1335417923e-02,3.1765211948e-02,8.7689937013e-01
L0965.72,9.0809827398e-02,3.8615592212e-02,8.7057458039e-01
L0969.73,9.0216525942e-02,4.6221610259e-02,8.6356186380e-01
L0973.73,8.9556519981e-02,5.4570535040e-02,8.5587294498e-01
L0977.73,8.8830933363e-02,6.3648412109e-02,8.4752065453e-01
L0981.74,8.8041005865e-02,7.3440086860e-02,8.3851890727e-01
L0985.74,8.7188091495e-02,8.3929229757e-02,8.2888267875e-01
L0989.74,8.6273656589e-02,9.5098363486e-02,8.1862797993e-01
L0993.74,8.5299277718e-02,1.0692889200e-01,8.0777183028e-01
L0997.75,8.4266639391e-02,1.1940113143e-01,7.9633222918e-01
L1001.75,8.3177531569e-02,1.3249434273e-01,7.8432812571e-01
L1005.75,8.2033846988e-02,1.4618676610e-01,7.7177938691e-01
L1009.76,8.0837578295e-02,1.6045565711e-01,7.5870676459e-01
L1013.76,7.9590815012e-02,1.7527732440e-01,7.4513186059e-01
L1017.76,7.8295740311e-02,1.9062716890e-01,7.3107709079e-01
L1021.77,7.6954627628e-02,2.0647972468e-01,7.1656564769e-01
L1025.77,7.5569837105e-02,2.2280870106e-01,7.0162146184e-01
L1029.77,7.4143811873e-02,2.3958702616e-01,6.8626916196e-01
L1033.77,7.2679074183e-02,2.5678689178e-01,6.7053403404e-01
L1037.78,7.1178221381e-02,2.7437979933e-01,6.5444197929e-01
L1041.78,6.9643921751e-02,2.9233660705e-01,6.3801947120e-01
L1045.78,6.8078910214e-02,3.1062757823e-01,6.2129351156e-01
L1049.79,6.6485983902e-02,3.2922243034e-01,6.0429158576e-01
L1053.79,6.4867997609e-02,3.4809038513e-01,5.8704161726e-01
L1057.79,6.3227859132e-02,3.6720021955e-01,5.6957192132e-01
L1061.80,6.1568524498e-02,3.8652031729e-01,5.5191115821e-01
L1065.80,5.9892993101e-02,4.0601872107e-01,5.3408828583e-01
L1069.80,5.8204302741e-02,4.2566318544e-01,5.1613251182e-01
L1073.80,5.6505524584e-02,4.4542123002e-01,4.9807324540e-01
L1077.81,5.4799758051e-02,4.6526019316e-01,4.7994004879e-01
L1081.81,5.3090125634e-02,4.8514728588e-01,4.6176258849e-01
L1085.81,5.1379767660e-02,5.0504964596e-01,4.4357058638e-01
L1089.82,4.9671837011e-02,5.2493439223e-01,4.2539377076e-01
L1093.82,4.7969493793e-02,5.4476867881e-01,4.0726182740e-01
L1097.82,4.6275899985e-02,5.6451974929e-01,3.8920435073e-01
L1101.83,4.4594214066e-02,5.8415499076e-01,3.7125079517e-01
L1105.83,4.2927585626e-02,6.0364198764e-01,3.5343042674e-01
L1109.83,4.1279149973e-02,6.2294857506e-01,3.3577227496e-01
L1113.83,3.9652022755e-02,6.4204289196e-01,3.1830508529e-01
L1117.84,3.8049294590e-02,6.6089343352e-01,3.0105727189e-01
L1121.84,3.6474025721e-02,6.7946910313e-01,2.8405687114e-01
L1125.84,3.4929240711e-02,6.9773926362e-01,2.6733149567e-01
L1129.85,3.3417923175e-02,7.1567378768e-01,2.5090828915e-01
L1133.85,3.1943010570e-02,7.3324310747e-01,2.3481388196e-01
L1137.85,3.0507389042e-02,7.5041826335e-01,2.1907434761e-01
L1141.86,2.9113888345e-02,7.6717095147e-01,2.0371516019e-01
L1145.86,2.7765276842e-02,7.8347357036e-01,1.8876115280e-01
L1149.86,2.6464256593e-02,7.9929926636e-01,1.7423647705e-01
L1153.86,2.5213458537e-02,8.1462197770e-01,1.6016456376e-01
L1157.87,2.4015437786e-02,8.2941647742e-01,1.4656808479e-01
L1161.87,2.2872669026e-02,8.4365841476e-01,1.3346891621e-01
L1165.87,2.1787542046e-02,8.5732435517e-01,1.2088810279e-01
L1169.88,2.0762357394e-02,8.7039181877e-01,1.0884582383e-01
L1173.88,1.9799322172e-02,8.8283931729e-01,9.7361360542e-02
L1177.88,1.8900545978e-02,8.9464638923e-01,8.6453064791e-02
L1181.89,1.8068036999e-02,9.0579363349e-01,7.6138329513e-02
L1185.89,1.7303698267e-02,9.1626274107e-01,6.6433560659e-02
L1189.89,1.6609324078e-02,9.2603652512e-01,5.7354150799e-02
L1193.89,1.5986596590e-02,9.3509894899e-01,4.8914454417e-02
L1197.90,1.5437082601e-02,9.4343515248e-01,4.1127764918e-02
L1201.90,1.4962230504e-02,9.5103147608e-01,3.4006293412e-02
L1205.90,1.4563367452e-02,9.5787548327e-01,2.7561149278e-02
L1209.91,1.4241696699e-02,9.6395598074e-01,2.1802322566e-02
L1213.91,1.3998295165e-02,9.6926303659e-01,1.6738668245e-02
L1217.91,1.3834111191e-02,9.7378799647e-01,1.2377892336e-02
L1221.92,1.3749962516e-02,9.7752349755e-01,8.7265399377e-03
L1225.92,1.3746534471e-02,9.8046348035e-01,5.7899851791e-03
L1229.92,1.3824378383e-02,9.8260319851e-01,3.5724231021e-03
L1233.92,1.3983910214e-02,9.8393922630e-01,2.0768634908e-03
L1237.93,1.4225409419e-02,9.8446946392e-01,1.3051266566e-03
L1241.93,1.4549018036e-02,9.8419314078e-01,1.2578411847e-03
L1245.93,1.4954740005e-02,9.8311081635e-01,1.9344436430e-03
L1249.94,1.5442440725e-02,9.8122437902e-01,3.3331802548e-03
L1253.94,1.6011846838e-02,9.7853704263e-01,5.4511105297e-03
L1257.94,1.6662546254e-02,9.7505334090e-01,8.2841128456e-03
L1261.95,1.7393988413e-02,9.7077911961e-01,1.1826891972e-02
L1265.95,1.8205484780e-02,9.6572152670e-01,1.6072988523e-02
L1269.95,1.9096209579e-02,9.5988900011e-01,2.1014790313e-02
L1273.95,2.0065200762e-02,9.5329125362e-01,2.6643545614e-02
L1277.96,2.1111361213e-02,9.4593926051e-01,3.2949378275e-02
L1281.96,2.2233460187e-02,9.3784523514e-01,3.9921304677e-02
L1285.96,2.3430134978e-02,9.2902261251e-01,4.7547252513e-02
L1289.97,2.4699892820e-02,9.1948602584e-01,5.5814081338e-02
L1293.97,2.6041113014e-02,9.0925128212e-01,6.4707604867e-02
L1297.97,2.7452049281e-02,8.9833533574e-01,7.4212614983e-02
L1301.98,2.8930832327e-02,8.8675626026e-01,8.4312907408e-02
L1305.98,3.0475472642e-02,8.7453321836e-01,9.4991309001e-02
L1309.98,3.2083863497e-02,8.6168642988e-01,1.0622970663e-01
L1313.98,3.3753784153e-02,8.4823713828e-01,1.1800907756e-01
L1317.99,3.5482903283e-02,8.3420757534e-01,1.3030952138e-01
L1321.99,3.7268782577e-02,8.1962092419e-01,1.4311029324e-01
L1325.99,3.9108880555e-02,8.0450128089e-01,1.5638983856e-01
L1330.00,4.1000556558e-02,7.8887361442e-01,1.7012582903e-01
L1334.00,4.2941074920e-02,7.7276372528e-01,1.8429519980e-01
L1338.00,4.4927609320e-02,7.5619820275e-01,1.9887418793e-01
L1342.01,4.6957247296e-02,7.3920438077e-01,2.1383837193e-01
L1346.01,4.9026994920e-02,7.2181029272e-01,2.2916271236e-01
L1350.01,5.1133781628e-02,7.0404462496e-01,2.4482159341e-01
L1354.02,5.3274465191e-02,6.8593666936e-01,2.6078886545e-01
L1358.02,5.5445836828e-02,6.6751627481e-01,2.7703788836e-01
L1362.02,5.7644626441e-02,6.4881379787e-01,2.9354157569e-01
L1366.02,5.9867507974e-02,6.2986005250e-01,3.1027243952e-01
L1370.03,6.2111104885e-02,6.1068625919e-01,3.2720263593e-01
L1374.03,6.4371995713e-02,5.9132399327e-01,3.4430401102e-01
L1378.03,6.6646719747e-02,5.7180513279e-01,3.6154814746e-01
L1382.04,6.8931782767e-02,5.5216180582e-01,3.7890641141e-01
L1386.04,7.1223662874e-02,5.3242633740e-01,3.9634999972e-01
L1390.04,7.3518816370e-02,5.1263119615e-01,4.1384998749e-01
L1394.05,7.5813683698e-02,4.9280894065e-01,4.3137737565e-01
L1398.05,7.8104695431e-02,4.7299216576e-01,4.4890313881e-01
L1402.05,8.0388278288e-02,4.5321344877e-01,4.6639827294e-01
L1406.05,8.2660861177e-02,4.3350529573e-01,4.8383384309e-01
L1410.06,8.4918881253e-02,4.1390008777e-01,5.0118103098e-01
L1414.06,8.7158789979e-02,3.9443002775e-01,5.1841118227e-01
L1418.06,8.9377059179e-02,3.7512708721e-01,5.3549585361e-01
L1422.07,9.1570187078e-02,3.5602295362e-01,5.5240685930e-01
L1426.07,9.3734704307e-02,3.3714897823e-01,5.6911631747e-01
L1430.07,9.5867179881e-02,3.1853612440e-01,5.8559669572e-01
L1434.08,9.7964227117e-02,3.0021491666e-01,6.0182085622e-01
L1438.08,1.0002250951e-01,2.8221539045e-01,6.1776210005e-01
L1442.08,1.0203874651e-01,2.6456704268e-01,6.3339421080e-01
L1446.08,1.0400971928e-01,2.4729878326e-01,6.4869149746e-01
L1450.09,1.0593227628e-01,2.3043888752e-01,6.6362883620e-01
L1454.09,1.0780333884e-01,2.1401494973e-01,6.7818171143e-01
L1458.09,1.0961990656e-01,1.9805383782e-01,6.9232625563e-01
L1462.10,1.1137906262e-01,1.8258164916e-01,7.0603928822e-01
L1466.10,1.1307797898e-01,1.6762366782e-01,7.1929835320e-01
L1470.10,1.1471392141e-01,1.5320432298e-01,7.3208175561e-01
L1474.11,1.1628425440e-01,1.3934714891e-01,7.4436859669e-01
L1478.11,1.1778644587e-01,1.2607474641e-01,7.5613880773e-01
L1482.11,1.1921807181e-01,1.1340874571e-01,7.6737318248e-01
L1486.11,1.2057682066e-01,1.0136977114e-01,7.7805340820e-01
L1490.12,1.2186049756e-01,8.9977407315e-02,7.8816209513e-01
L1494.12,1.2306702837e-01,7.9250167124e-02,7.9768280451e-01
L1498.12,1.2419446357e-01,6.9205461510e-02,8.0660007492e-01
L1502.13,1.2524098189e-01,5.9859571032e-02,8.1489944708e-01
L1506.13,1.2620489375e-01,5.1227619326e-02,8.2256748693e-01
L1510.13,1.2708464451e-01,4.3323548472e-02,8.2959180702e-01
L1514.14,1.2787881748e-01,3.6160096331e-02,8.3596108619e-01
L1518.14,1.2858613670e-01,2.9748775860e-02,8.4166508744e-01
L1522.14,1.2920546951e-01,2.4099856466e-02,8.4669467402e-01
L1526.14,1.2973582887e-01,1.9222347412e-02,8.5104182372e-01
L1530.15,1.3017637543e-01,1.5123983311e-02,8.5469964126e-01
L1534.15,1.3052641936e-01,1.1811211724e-02,8.5766236891e-01
L1538.15,1.3078542198e-01,9.2891828848e-03,8.5992539514e-01
L1542.16,1.3095299702e-01,7.5617415763e-03,8.6148526140e-01
L1546.16,1.3102891179e-01,6.6314211545e-03,8.6233966705e-01
L1550.16,1.3101308793e-01,6.4994397438e-03,8.6248747233e-01
L1554.17,1.3090560199e-01,7.1656986020e-03,8.6192869940e-01
L1558.17,1.3070668578e-01,8.6287826600e-03,8.6066453156e-01
L1562.17,1.3041672633e-01,1.0885963233e-02,8.5869731044e-01
L1566.17,1.3003626574e-01,1.3933202898e-02,8.5603053136e-01
L1570.18,1.2956600064e-01,1.7765162532e-02,8.5266883683e-01
L1574.18,1.2900678147e-01,2.2375210495e-02,8.4861800804e-01
L1578.18,1.2835961145e-01,2.7755433941e-02,8.4388495461e-01
L1582.19,1.2762564531e-01,3.3896652247e-02,8.3847770244e-01
L1586.19,1.2680618778e-01,4.0788432519e-02,8.3240537970e-01
L1590.19,1.2590269173e-01,4.8419107172e-02,8.2567820110e-01
L1594.20,1.2491675618e-01,5.6775793536e-02,8.1830745028e-01
L1598.20,1.2385012399e-01,6.5844415458e-02,8.1030546056e-01
L1602.20,1.2270467926e-01,7.5609726879e-02,8.0168559386e-01
L1606.20,1.2148244460e-01,8.6055337319e-02,7.9246221808e-01
L1610.21,1.2018557802e-01,9.7163739257e-02,7.8265068272e-01
L1614.21,1.1881636969e-01,1.0891633734e-01,7.7226729297e-01
L1618.21,1.1737723843e-01,1.2129347937e-01,7.6132928220e-01
L1622.22,1.1587072792e-01,1.3427448905e-01,7.4985478303e-01
L1626.22,1.1429950280e-01,1.4783770038e-01,7.3786279681e-01
L1630.22,1.1266634448e-01,1.6196049370e-01,7.2537316182e-01
L1634.23,1.1097414670e-01,1.7661933327e-01,7.1240652003e-01
L1638.23,1.0922591100e-01,1.9178980640e-01,6.9898428260e-01
L1642.23,1.0742474192e-01,2.0744666393e-01,6.8512859415e-01
L1646.23,1.0557384202e-01,2.2356386220e-01,6.7086229578e-01
L1650.24,1.0367650672e-01,2.4011460617e-01,6.5620888711e-01
L1654.24,1.0173611901e-01,2.5707139390e-01,6.4119248709e-01
L1658.24,9.9756143950e-02,2.7440606210e-01,6.2583779395e-01
L1662.25,9.7740123010e-02,2.9208983281e-01,6.1017004418e-01
L1666.25,9.5691668325e-02,3.1009336103e-01,5.9421497064e-01
L1670.25,9.3614456759e-02,3.2838678330e-01,5.7799875994e-01
L1674.26,9.1512223862e-02,3.4693976712e-01,5.6154800902e-01
L1678.26,8.9388757723e-02,3.6572156113e-01,5.4488968115e-01
L1682.26,8.7247892695e-02,3.8470104595e-01,5.2805106136e-01
L1686.26,8.5093503047e-02,4.0384678563e-01,5.1105971132e-01
L1690.27,8.2929496519e-02,4.2312707960e-01,4.9394342388e-01
L1694.27,8.0759807807e-02,4.4251001501e-01,4.7673017718e-01
L1698.27,7.8588391988e-02,4.6196351948e-01,4.5944808853e-01
L1702.28,7.6419217887e-02,4.8145541400e-01,4.4212536811e-01
L1706.28,7.4256261408e-02,5.0095346608e-01,4.2479027251e-01
L1710.28,7.2103498840e-02,5.2042544288e-01,4.0747105828e-01
L1714.29,6.9964900133e-02,5.3983916443e-01,3.9019593543e-01
L1718.29,6.7844422178e-02,5.5916255665e-01,3.7299302118e-01
L1722.29,6.5746002090e-02,5.7836370421e-01,3.5589029370e-01
L1726.29,6.3673550500e-02,5.9741090315e-01,3.3891554635e-01
L1730.30,6.1630944886e-02,6.1627271308e-01,3.2209634203e-01
L1734.30,5.9622022932e-02,6.3491800897e-01,3.0545996809e-01
L1738.30,5.7650575946e-02,6.5331603236e-01,2.8903339170e-01
L1742.31,5.5720342332e-02,6.7143644196e-01,2.7284321571e-01
L1746.31,5.3835001143e-02,6.8924936360e-01,2.5691563526e-01
L1750.31,5.1998165710e-02,7.0672543934e-01,2.4127639495e-01
L1754.32,5.0213377372e-02,7.2383587569e-01,2.2595074694e-01
L1758.32,4.8484099312e-02,7.4055249094e-01,2.1096340975e-01
L1762.32,4.6813710500e-02,7.5684776143e-01,1.9633852807e-01
L1766.32,4.5205499778e-02,7.7269486676e-01,1.8209963346e-01
L1770.33,4.3662660072e-02,7.8806773374e-01,1.6826960619e-01
L1774.33,4.2188282754e-02,8.0294107920e-01,1.5487063805e-01
L1778.33,4.0785352163e-02,8.1729045138e-01,1.4192419646e-01
L1782.34,3.9456740294e-02,8.3109227002e-01,1.2945098969e-01
L1786.34,3.8205201662e-02,8.4432386496e-01,1.1747093338e-01
L1790.34,3.7033368349e-02,8.5696351320e-01,1.0600311845e-01
L1794.35,3.5943745254e-02,8.6899047445e-01,9.5065780296e-02
L1798.35,3.4938705538e-02,8.8038502496e-01,8.4676269498e-02
L1802.35,3.4020486287e-02,8.9112848977e-01,7.4851023941e-02
L1806.35,3.3191184385e-02,9.0120327311e-01,6.5605542504e-02
L1810.36,3.2452752629e-02,9.1059288708e-01,5.6954360291e-02
L1814.36,3.1806996062e-02,9.1928197847e-01,4.8911025468e-02
L1818.36,3.1255568556e-02,9.2725635370e-01,4.1488077745e-02
L1822.37,3.0799969644e-02,9.3450300183e-01,3.4697028530e-02
L1826.37,3.0441541596e-02,9.4101011562e-01,2.8548342786e-02
L1830.37,3.0181466764e-02,9.4676711061e-01,2.3051422627e-02
L1834.38,3.0020765181e-02,9.5176464214e-01,1.8214592675e-02
L1838.38,2.9960292442e-02,9.5599462037e-01,1.4045087190e-02
L1842.38,3.0000737841e-02,9.5945022314e-01,1.0549039017e-02
L1846.38,3.0142622799e-02,9.6212590686e-01,7.7314703391e-03
L1850.39,3.0386299567e-02,9.6401741516e-01,5.5962852731e-03
L1854.39,3.0731950207e-02,9.6512178549e-01,4.1462643033e-03
L1858.39,3.1179585867e-02,9.6543735356e-01,3.3830605696e-03
L1862.40,3.1729046337e-02,9.6496375565e-01,3.3071980110e-03
L1866.40,3.2379999899e-02,9.6370192873e-01,3.9180713670e-03
L1870.40,3.3131943457e-02,9.6165410851e-01,5.2139480353e-03
L1874.41,3.3984202970e-02,9.5882382525e-01,7.1919717815e-03
L1878.41,3.4935934167e-02,9.5521589754e-01,9.8481682932e-03
L1882.41,3.5986123551e-02,9.5083642388e-01,1.3177452568e-02
L1886.41,3.7133589696e-02,9.4569277218e-01,1.7173638119e-02
L1890.42,3.8376984828e-02,9.3979356718e-01,2.1829447991e-02
L1894.42,3.9714796691e-02,9.3314867576e-01,2.7136527551e-02
L1898.42,4.1145350700e-02,9.2576919025e-01,3.3085459045e-02
L1902.43,4.2666812367e-02,9.1766740974e-01,3.9665777898e-02
L1906.43,4.4277190006e-02,9.0885681929e-01,4.6865990705e-02
L1910.43,4.5974337712e-02,8.9935206737e-01,5.4673594916e-02
L1914.44,4.7755958608e-02,8.8916894124e-01,6.3075100156e-02
L1918.44,4.9619608348e-02,8.7832434050e-01,7.2056051153e-02
L1922.44,5.1562698889e-02,8.6683624888e-01,8.1601052234e-02
L1926.44,5.3582502505e-02,8.5472370415e-01,9.1693793349e-02
L1930.45,5.5676156052e-02,8.4200676637e-01,1.0231707758e-01
L1934.45,5.7840665470e-02,8.2870648447e-01,1.1345285006e-01
L1938.45,6.0072910520e-02,8.1484486113e-01,1.2508222835e-01
L1942.46,6.2369649738e-02,8.0044481621e-01,1.3718553406e-01
L1946.46,6.4727525615e-02,7.8553014860e-01,1.4974232579e-01
L1950.46,6.7143069979e-02,7.7012549666e-01,1.6273143336e-01
L1954.47,6.9612709582e-02,7.5425629732e-01,1.7613099310e-01
L1958.47,7.2132771867e-02,7.3794874378e-01,1.8991848435e-01
L1962.47,7.4699490934e-02,7.2122974212e-01,2.0407076694e-01
L1966.47,7.7309013658e-02,7.0412686664e-01,2.1856411970e-01
L1970.48,7.9957405986e-02,6.8666831414e-01,2.3337427987e-01
L1974.48,8.2640659375e-02,6.6888285721e-01,2.4847648341e-01
L1978.48,8.5354697370e-02,6.5079979659e-01,2.6384550604e-01
L1982.49,8.8095382324e-02,6.3244891264e-01,2.7945570504e-01
L1986.49,9.0858522222e-02,6.1386041607e-01,2.9528106171e-01
L1990.49,9.3639877624e-02,5.9506489796e-01,3.1129522441e-01
L1994.50,9.6435168700e-02,5.7609327921e-01,3.2747155209e-01
L1998.50,9.9240082345e-02,5.5697675939e-01,3.4378315827e-01
L2002.50,1.0205027938e-01,5.3774676522e-01,3.6020295540e-01
L2006.50,1.0486140179e-01,5.1843489867e-01,3.7670369954e-01
L2010.51,1.0766908005e-01,4.9907288476e-01,3.9325803518e-01
L2014.51,1.1046894045e-01,4.7969251926e-01,4.0983854029e-01
L2018.51,1.1325661244e-01,4.6032561617e-01,4.2641777139e-01
L2022.52,1.1602773603e-01,4.4100395532e-01,4.4296830866e-01
L2026.52,1.1877796915e-01,4.2175922993e-01,4.5946280092e-01
L2030.52,1.2150299502e-01,4.0262299445e-01,4.7587401053e-01
L2034.53,1.2419852948e-01,3.8362661252e-01,4.9217485800e-01
L2038.53,1.2686032826e-01,3.6480120538e-01,5.0833846637e-01
L2042.53,1.2948419427e-01,3.4617760061e-01,5.2433820512e-01
L2046.53,1.3206598475e-01,3.2778628145e-01,5.4014773380e-01
L2050.54,1.3460161839e-01,3.0965733667e-01,5.5574104494e-01
L2054.54,1.3708708233e-01,2.9182041107e-01,5.7109250659e-01
L2058.54,1.3951843912e-01,2.7430465683e-01,5.8617690405e-01
L2062.55,1.4189183347e-01,2.5713868558e-01,6.0096948095e-01
L2066.55,1.4420349899e-01,2.4035052148e-01,6.1544597953e-01
L2070.55,1.4644976469e-01,2.2396755522e-01,6.2958268008e-01
L2074.56,1.4862706144e-01,2.0801649911e-01,6.4335643945e-01
L2078.56,1.5073192816e-01,1.9252334329e-01,6.5674472855e-01
L2082.56,1.5276101793e-01,1.7751331317e-01,6.6972566890e-01
L2086.56,1.5471110388e-01,1.6301082815e-01,6.8227806798e-01
L2090.57,1.5657908488e-01,1.4903946164e-01,6.9438145348e-01
L2094.57,1.5836199110e-01,1.3562190257e-01,7.0601610634e-01
L2098.57,1.6005698925e-01,1.2277991827e-01,7.1716309248e-01
L2102.58,1.6166138770e-01,1.1053431901e-01,7.2780429329e-01
L2106.58,1.6317264133e-01,9.8904924011e-02,7.3792243466e-01
L2110.58,1.6458835613e-01,8.7910529182e-02,7.4750111469e-01
L2114.59,1.6590629358e-01,7.7568876539e-02,7.5652482988e-01
L2118.59,1.6712437478e-01,6.7896625360e-02,7.6497899986e-01
L2122.59,1.6824068431e-01,5.8909325152e-02,7.7284999053e-01
L2126.59,1.6925347381e-01,5.0621390455e-02,7.8012513574e-01
L2130.60,1.7016116528e-01,4.3046077528e-02,7.8679275719e-01
L2134.60,1.7096235417e-01,3.6195462952e-02,7.9284218288e-01
L2138.60,1.7165581210e-01,3.0080424193e-02,7.9826376371e-01
L2142.61,1.7224048930e-01,2.4710622148e-02,8.0304888855e-01
L2146.61,1.7271551684e-01,2.0094485700e-02,8.0718999746e-01
L2150.61,1.7308020841e-01,1.6239198321e-02,8.1068059327e-01
L2154.62,1.7333406195e-01,1.3150686725e-02,8.1351525132e-01
L2158.62,1.7347676088e-01,1.0833611606e-02,8.1568962751e-01
L2162.62,1.7350817502e-01,9.2913604604e-03,8.1720046452e-01
L2166.62,1.7342836125e-01,8.5260425187e-03,8.1804559623e-01
L2170.63,1.7323756382e-01,8.5384857850e-03,8.1822395039e-01
L2174.63,1.7293621435e-01,9.3282361904e-03,8.1773554946e-01
L2178.63,1.7252493149e-01,1.0893558862e-02,8.1658150965e-01
L2182.64,1.7200452033e-01,1.3231441502e-02,8.1476403817e-01
L2186.64,1.7137597142e-01,1.6337599878e-02,8.1228642870e-01
L2190.64,1.7064045953e-01,2.0206485399e-02,8.0915305507e-01
L2194.65,1.6979934206e-01,2.4831294784e-02,8.0536936316e-01
L2198.65,1.6885415714e-01,3.0203981788e-02,8.0094186107e-01
L2202.65,1.6780662146e-01,3.6315270980e-02,7.9587810756e-01
L2206.65,1.6665862777e-01,4.3154673533e-02,7.9018669870e-01
L2210.66,1.6541224203e-01,5.0710505018e-02,7.8387725295e-01
L2214.66,1.6406970036e-01,5.8969905162e-02,7.7696039448e-01
L2218.66,1.6263340562e-01,6.7918859524e-02,7.6944773486e-01
L2222.67,1.6110592371e-01,7.7542223088e-02,7.6135185320e-01
L2226.67,1.5948997964e-01,8.7823745685e-02,7.5268627468e-01
L2230.67,1.5778845324e-01,9.8746099251e-02,7.4346544751e-01
L2234.68,1.5600437468e-01,1.1029090683e-01,7.3370471849e-01
L2238.68,1.5414091968e-01,1.2243877331e-01,7.2342030701e-01
L2242.68,1.5220140446e-01,1.3516931783e-01,7.1262927771e-01
L2246.68,1.5018928049e-01,1.4846120776e-01,7.0134951175e-01
L2250.69,1.4810812893e-01,1.6229219430e-01,6.8959967677e-01
L2254.69,1.4596165493e-01,1.7663914950e-01,6.7739919557e-01
L2258.69,1.4375368159e-01,1.9147810480e-01,6.6476821361e-01
L2262.70,1.4148814383e-01,2.0678429086e-01,6.5172756531e-01
L2266.70,1.3916908200e-01,2.2253217872e-01,6.3829873927e-01
L2270.70,1.3680063527e-01,2.3869552226e-01,6.2450384247e-01
L2274.71,1.3438703489e-01,2.5524740168e-01,6.1036556343e-01
L2278.71,1.3193259728e-01,2.7216026823e-01,5.9590713449e-01
L2282.71,1.2944171691e-01,2.8940598986e-01,5.8115229322e-01
L2286.71,1.2691885910e-01,3.0695589784e-01,5.6612524306e-01
L2290.72,1.2436855264e-01,3.2478083423e-01,5.5085061313e-01
L2294.72,1.2179538228e-01,3.4285120019e-01,5.3535341754e-01
L2298.72,1.1920398118e-01,3.6113700490e-01,5.1965901392e-01
L2302.73,1.1659902317e-01,3.7960791524e-01,5.0379306160e-01
L2306.73,1.1398521499e-01,3.9823330583e-01,4.8778147919e-01
L2310.73,1.1136728843e-01,4.1698230973e-01,4.7165040184e-01
L2314.74,1.0874999242e-01,4.3582386938e-01,4.5542613820e-01
L2318.74,1.0613808508e-01,4.5472678786e-01,4.3913512706e-01
L2322.74,1.0353632571e-01,4.7365978039e-01,4.2280389390e-01
L2326.74,1.0094946683e-01,4.9259152594e-01,4.0645900723e-01
L2330.75,9.8382246104e-02,5.1149071883e-01,3.9012703507e-01
L2334.75,9.5839378385e-02,5.3032612037e-01,3.7383450124e-01
L2338.75,9.3325547715e-02,5.4906661030e-01,3.5760784199e-01
L2342.76,9.0845399379e-02,5.6768123800e-01,3.4147336262e-01
L2346.76,8.8403532014e-02,5.8613927347e-01,3.2545719451e-01
L2350.76,8.6004489767e-02,6.0441025787e-01,3.0958525236e-01
L2354.77,8.3652754540e-02,6.2246405359e-01,2.9388319187e-01
L2358.77,8.1352738321e-02,6.4027089377e-01,2.7837636791e-01
L2362.77,7.9108775612e-02,6.5780143123e-01,2.6308979316e-01
L2366.77,7.6925115980e-02,6.7502678662e-01,2.4804809740e-01
L2370.78,7.4805916733e-02,6.9191859584e-01,2.3327548743e-01
L2374.78,7.2755235733e-02,7.0844905651e-01,2.1879570775e-01
L2378.78,7.0777024363e-02,7.2459097361e-01,2.0463200203e-01
L2382.79,6.8875120670e-02,7.4031780394e-01,1.9080707539e-01
L2386.79,6.7053242664e-02,7.5560369968e-01,1.7734305766e-01
L2390.79,6.5314981829e-02,7.7042355057e-01,1.6426146760e-01
L2394.80,6.3663796816e-02,7.8475302505e-01,1.5158317813e-01
L2398.80,6.2103007354e-02,7.9856860996e-01,1.3932838269e-01
L2402.80,6.0635788389e-02,8.1184764893e-01,1.2751656268e-01
L2406.80,5.9265164441e-02,8.2456837935e-01,1.1616645621e-01
L2410.81,5.7994004217e-02,8.3670996781e-01,1.0529602797e-01
L2414.81,5.6825015466e-02,8.4825254403e-01,9.4922440501e-02
L2418.81,5.5760740103e-02,8.5917723317e-01,8.5062026726e-02
L2422.82,5.4803549594e-02,8.6946618646e-01,7.5730263947e-02
L2426.82,5.3955640625e-02,8.7910261017e-01,6.6941749203e-02
L2430.82,5.3219031056e-02,8.8807079281e-01,5.8710176133e-02
L2434.83,5.2595556164e-02,8.9635613051e-01,5.1048313328e-02
L2438.83,5.2086865196e-02,9.0394515058e-01,4.3967984225e-02
L2442.83,5.1694418214e-02,9.1082553321e-01,3.7480048573e-02
L2446.83,5.1419483267e-02,9.1698613124e-01,3.1594385490e-02
L2450.84,5.1263133869e-02,9.2241698798e-01,2.6319878150e-02
L2454.84,5.1226246809e-02,9.2710935307e-01,2.1664400122e-02
L2458.84,5.1309500282e-02,9.3105569635e-01,1.7634803366e-02
L2462.85,5.1513372353e-02,9.3424971971e-01,1.4236907933e-02
L2466.85,5.1838139755e-02,9.3668636690e-01,1.1475493349e-02
L2470.85,5.2283877026e-02,9.3836183124e-01,9.3542917349e-03
L2474.86,5.2850455976e-02,9.3927356139e-01,7.8759826306e-03
L2478.86,5.3537545510e-02,9.3942026492e-01,7.0421895679e-03
L2482.86,5.4344611777e-02,9.3880190985e-01,6.8534783692e-03
L2486.86,5.5270918667e-02,9.3741972415e-01,7.3093571872e-03
L2490.87,5.6315528655e-02,9.3527619307e-01,8.4082782790e-03
L2494.87,5.7477303976e-02,9.3237505451e-01,1.0147641511e-02
L2498.87,5.8754908144e-02,9.2872129227e-01,1.2523799587e-02
L2502.88,6.0146807814e-02,9.2432112720e-01,1.5532064989e-02
L2506.88,6.1651274966e-02,9.1918200641e-01,1.9166718621e-02
L2510.88,6.3266389438e-02,9.1331259043e-01,2.3421020133e-02
L2514.89,6.4990041770e-02,9.0672273832e-01,2.8287219912e-02
L2518.89,6.6819936388e-02,8.9942349089e-01,3.3756572721e-02
L2522.89,6.8753595095e-02,8.9142705195e-01,3.9819352953e-02
L2526.89,7.0788360885e-02,8.8274676763e-01,4.6464871483e-02
L2530.90,7.2921402062e-02,8.7339710385e-01,5.3681494084e-02
L2534.90,7.5149716658e-02,8.6339362197e-01,6.1456661375e-02
L2538.90,7.7470137154e-02,8.5275295258e-01,6.9776910269e-02
L2542.91,7.9879335481e-02,8.4149276764e-01,7.8627896882e-02
L2546.91,8.2373828306e-02,8.2963175083e-01,8.7994420867e-02
L2550.91,8.4949982586e-02,8.1718956629e-01,9.7860451128e-02
L2554.92,8.7604021388e-02,8.0418682574e-01,1.0820915287e-01
L2558.92,9.0332029960e-02,7.9064505407e-01,1.1902291597e-01
L2562.92,9.3129962049e-02,7.7658665345e-01,1.3028338450e-01
L2566.92,9.5993646445e-02,7.6203486594e-01,1.4197148762e-01
L2570.93,9.8918793756e-02,7.4701373485e-01,1.5406747139e-01
L2574.93,1.0190100339e-01,7.3154806471e-01,1.6655093190e-01
L2578.93,1.0493577075e-01,7.1566338003e-01,1.7940084922e-01
L2582.94,1.0801849458e-01,6.9938588290e-01,1.9259562253e-01
L2586.94,1.1114448454e-01,6.8274240948e-01,2.0611310599e-01
L2590.94,1.1430896891e-01,6.6576038549e-01,2.1993064560e-01
L2594.95,1.1750710247e-01,6.4846778073e-01,2.3402511680e-01
L2598.95,1.2073397446e-01,6.3089306273e-01,2.4837296280e-01
L2602.95,1.2398461677e-01,6.1306514960e-01,2.6295023363e-01
L2606.95,1.2725401214e-01,5.9501336216e-01,2.7773262570e-01
L2610.96,1.3053710249e-01,5.7676737546e-01,2.9269552205e-01
L2614.96,1.3382879739e-01,5.5835716968e-01,3.0781403292e-01
L2618.96,1.3712398252e-01,5.3981298062e-01,3.2306303686e-01
L2622.97,1.4041752822e-01,5.2116524971e-01,3.3841722207e-01
L2626.97,1.4370429810e-01,5.0244457383e-01,3.5385112808e-01
L2630.97,1.4697915763e-01,4.8368165474e-01,3.6933918763e-01
L2634.98,1.5023698280e-01,4.6490724854e-01,3.8485576866e-01
L2638.98,1.5347266875e-01,4.4615211487e-01,4.0037521638e-01
L2642.98,1.5668113836e-01,4.2744696632e-01,4.1587189532e-01
L2646.98,1.5985735085e-01,4.0882241782e-01,4.3132023134e-01
L2650.99,1.6299631031e-01,3.9030893623e-01,4.4669475345e-01
L2654.99,1.6609307422e-01,3.7193679028e-01,4.6197013551e-01
L2658.99,1.6914276176e-01,3.5373600074e-01,4.7712123750e-01
L2663.00,1.7214056223e-01,3.3573629114e-01,4.9212314662e-01
L2667.00,1.7508174321e-01,3.1796703892e-01,5.0695121787e-01
L2671.00,1.7796165865e-01,3.0045722723e-01,5.2158111412e-01
L2675.01,1.8077575686e-01,2.8323539737e-01,5.3598884578e-01
L2679.01,1.8351958832e-01,2.6632960199e-01,5.5015080970e-01
L2683.01,1.8618881335e-01,2.4976735914e-01,5.6404382751e-01
L2687.02,1.8877920960e-01,2.3357560722e-01,5.7764518318e-01
L2691.02,1.9128667936e-01,2.1778066086e-01,5.9093265978e-01
L2695.02,1.9370725668e-01,2.0240816792e-01,6.0388457540e-01
L2699.02,1.9603711426e-01,1.8748306758e-01,6.1647981815e-01
L2703.03,1.9827257016e-01,1.7302954960e-01,6.2869788024e-01
L2707.03,2.0041009421e-01,1.5907101486e-01,6.4051889093e-01
L2711.03,2.0244631426e-01,1.4563003725e-01,6.5192364849e-01
L2715.04,2.0437802212e-01,1.3272832687e-01,6.6289365101e-01
L2719.04,2.0620217922e-01,1.2038669473e-01,6.7341112605e-01
L2723.04,2.0791592209e-01,1.0862501892e-01,6.8345905899e-01
L2727.05,2.0951656741e-01,9.7462212367e-02,6.9302122023e-01
L2731.05,2.1100161689e-01,8.6916192165e-02,7.0208219095e-01
L2735.05,2.1236876180e-01,7.7003850585e-02,7.1062738761e-01
L2739.05,2.1361588719e-01,6.7741027779e-02,7.1864308503e-01
L2743.06,2.1474107577e-01,5.9142486235e-02,7.2611643799e-01
L2747.06,2.1574261152e-01,5.1221887019e-02,7.3303550146e-01
L2751.06,2.1661898291e-01,4.3991767854e-02,7.3938924924e-01
L2755.07,2.1736888581e-01,3.7463523047e-02,7.4516759114e-01
L2759.07,2.1799122609e-01,3.1647385322e-02,7.5036138859e-01
L2763.07,2.1848512176e-01,2.6552409577e-02,7.5496246866e-01
L2767.08,2.1884990492e-01,2.2186458584e-02,7.5896363649e-01
L2771.08,2.1908512320e-01,1.8556190662e-02,7.6235868614e-01
L2775.08,2.1919054091e-01,1.5667049351e-02,7.6514240973e-01
L2779.08,2.1916613988e-01,1.3523255082e-02,7.6731060504e-01
L2783.09,2.1901211979e-01,1.2127798870e-02,7.6886008134e-01
L2787.09,2.1872889831e-01,1.1482438044e-02,7.6978866365e-01
L2791.09,2.1831711070e-01,1.1587693999e-02,7.7009519530e-01
L2795.10,2.1777760923e-01,1.2442851998e-02,7.6977953877e-01
L2799.10,2.1711146202e-01,1.4045963005e-02,7.6884257497e-01
L2803.10,2.1631995173e-01,1.6393847551e-02,7.6728620072e-01
L2807.11,2.1540457370e-01,1.9482101628e-02,7.6511332467e-01
L2811.11,2.1436703389e-01,2.3305104598e-02,7.6232786151e-01
L2815.11,2.1320924633e-01,2.7856029095e-02,7.5893472458e-01
L2819.11,2.1193333028e-01,3.3126852926e-02,7.5493981679e-01
L2823.12,2.1054160708e-01,3.9108372913e-02,7.5035002001e-01
L2827.12,2.0903659653e-01,4.5790220694e-02,7.4517318278e-01
L2831.12,2.0742101306e-01,5.3160880425e-02,7.3941810651e-01
L2835.13,2.0569776151e-01,6.1207708359e-02,7.3309453013e-01
L2839.13,2.0386993255e-01,6.9916954287e-02,7.2621311317e-01
L2843.13,2.0194079784e-01,7.9273784774e-02,7.1878541739e-01
L2847.14,1.9991380486e-01,8.9262308182e-02,7.1082388696e-01
L2851.14,1.9779257139e-01,9.9865601412e-02,7.0234182720e-01
L2855.14,1.9558087979e-01,1.1106573833e-01,6.9335338187e-01
L2859.14,1.9328267086e-01,1.2284381986e-01,6.8387350927e-01
L2863.15,1.9090203756e-01,1.3518000560e-01,6.7391795684e-01
L2867.15,1.8844321836e-01,1.4805354705e-01,6.6350323460e-01
L2871.15,1.8591059040e-01,1.6144282222e-01,6.5264658738e-01
L2875.16,1.8330866236e-01,1.7532537181e-01,6.4136596583e-01
L2879.16,1.8064206713e-01,1.8967793657e-01,6.2967999630e-01
L2883.16,1.7791555425e-01,2.0447649606e-01,6.1760794969e-01
L2887.17,1.7513398209e-01,2.1969630868e-01,6.0516970923e-01
L2891.17,1.7230230995e-01,2.3531195274e-01,5.9238573730e-01
L2895.17,1.6942558986e-01,2.5129736875e-01,5.7927704139e-01
L2899.17,1.6650895824e-01,2.6762590266e-01,5.6586513911e-01
L2903.18,1.6355762746e-01,2.8427035008e-01,5.5217202245e-01
L2907.18,1.6057687723e-01,3.0120300142e-01,5.3822012135e-01
L2911.18,1.5757204577e-01,3.1839568777e-01,5.2403226647e-01
L2915.19,1.5454852102e-01,3.3581982752e-01,5.0963165145e-01
L2919.19,1.5151173168e-01,3.5344647373e-01,4.9504179460e-01
L2923.19,1.4846713810e-01,3.7124636191e-01,4.8028649999e-01
L2927.20,1.4542022322e-01,3.8918995846e-01,4.6538981832e-01
L2931.20,1.4237648341e-01,4.0724750942e-01,4.5037600717e-01
L2935.20,1.3934141920e-01,4.2538908960e-01,4.3526949120e-01
L2939.20,1.3632052612e-01,4.4358465193e-01,4.2009482194e-01
L2943.21,1.3331928544e-01,4.6180407705e-01,4.0487663751e-01
L2947.21,1.3034315493e-01,4.8001722288e-01,3.8963962219e-01
L2951.21,1.2739755967e-01,4.9819397436e-01,3.7440846597e-01
L2955.22,1.2448788288e-01,5.1630429292e-01,3.5920782420e-01
L2959.22,1.2161945683e-01,5.3431826597e-01,3.4406227720e-01
L2963.22,1.1879755377e-01,5.5220615607e-01,3.2899629017e-01
L2967.23,1.1602737700e-01,5.6993844976e-01,3.1403417324e-01
L2971.23,1.1331405203e-01,5.8748590608e-01,2.9920004189e-01
L2975.23,1.1066261782e-01,6.0481960453e-01,2.8451777766e-01
L2979.23,1.0807801816e-01,6.2191099251e-01,2.7001098933e-01
L2983.24,1.0556509328e-01,6.3873193213e-01,2.5570297459e-01
L2987.24,1.0312857146e-01,6.5525474632e-01,2.4161668222e-01
L2991.24,1.0077306100e-01,6.7145226408e-01,2.2777467492e-01
L2995.25,9.8503042201e-02,6.8729786501e-01,2.1419909279e-01
L2999.25,9.6322859681e-02,7.0276552276e-01,2.0091161756e-01
L3003.25,9.4236714842e-02,7.1782984755e-01,1.8793343761e-01
L3007.26,9.2248658578e-02,7.3246612765e-01,1.7528521377e-01
L3011.26,9.0362584227e-02,7.4665036962e-01,1.6298704615e-01
L3015.26,8.8582220777e-02,7.6035933744e-01,1.5105844179e-01
L3019.26,8.6911126330e-02,7.7357059030e-01,1.3951828337e-01
L3023.27,8.5352681852e-02,7.8626251912e-01,1.2838479903e-01
L3027.27,8.3910085203e-02,7.9841438163e-01,1.1767553317e-01
L3031.27,8.2586345469e-02,8.1000633598e-01,1.0740731855e-01
L3035.28,8.1384277601e-02,8.2101947296e-01,9.7596249435e-02
L3039.28,8.0306497367e-02,8.3143584654e-01,8.8257656098e-02
L3043.28,7.9355416641e-02,8.4123850283e-01,7.9406080531e-02
L3047.29,7.8533239017e-02,8.5041150748e-01,7.1055253501e-02
L3051.29,7.7841955770e-02,8.5893997128e-01,6.3218072950e-02
L3055.29,7.7283342167e-02,8.6681007405e-01,5.5906583785e-02
L3059.29,7.6858954134e-02,8.7400908678e-01,4.9131959084e-02
L3063.30,7.6570125289e-02,8.8052539196e-01,4.2904482747e-02
L3067.30,7.6417964338e-02,8.8634850203e-01,3.7233533630e-02
L3071.30,7.6403352853e-02,8.9146907598e-01,3.2127571163e-02
L3075.31,7.6526943420e-02,8.9587893408e-01,2.7594122503e-02
L3079.31,7.6789158174e-02,8.9957107061e-01,2.3639771219e-02
L3083.31,7.7190187718e-02,9.0253966475e-01,2.0270147532e-02
L3087.32,7.7729990424e-02,9.0478008944e-01,1.7489920131e-02
L3091.32,7.8408292134e-02,9.0628891829e-01,1.5302789571e-02
L3095.32,7.9224586239e-02,9.0706393051e-01,1.3711483255e-02
L3099.32,8.0178134159e-02,9.0710411382e-01,1.2717752023e-02
L3103.33,8.1267966206e-02,9.0640966545e-01,1.2322368341e-02
L3107.33,8.2492882840e-02,9.0498199107e-01,1.2525126088e-02
L3111.33,8.3851456314e-02,9.0282370174e-01,1.3324841946e-02
L3115.34,8.5342032703e-02,8.9993860890e-01,1.4719358395e-02
L3119.34,8.6962734320e-02,8.9633171739e-01,1.6705548289e-02
L3123.34,8.8711462502e-02,8.9200921648e-01,1.9279321015e-02
L3127.35,9.0585900786e-02,8.8697846899e-01,2.2435630228e-02
L3131.35,9.2583518444e-02,8.8124799842e-01,2.6168483137e-02
L3135.35,9.4701574391e-02,8.7482747428e-01,3.0470951326e-02
L3139.35,9.6937121447e-02,8.6772769546e-01,3.5335183098e-02
L3143.36,9.9287010955e-02,8.5996057173e-01,4.0752417316e-02
L3147.36,1.0174789775e-01,8.5153910354e-01,4.6712998716e-02
L3151.36,1.0431624544e-01,8.4247735990e-01,5.3206394663e-02
L3155.37,1.0698833208e-01,8.3279045460e-01,6.0221213326e-02
L3159.37,1.0976025606e-01,8.2249452070e-01,6.7745223241e-02
L3163.37,1.1262794244e-01,8.1160668334e-01,7.5765374220e-02
L3167.38,1.1558714946e-01,8.0014503096e-01,8.4267819580e-02
L3171.38,1.1863347539e-01,7.8812858496e-01,9.3237939649e-02
L3175.38,1.2176236572e-01,7.7557726777e-01,1.0266036651e-01
L3179.38,1.2496912051e-01,7.6251186954e-01,1.1251900995e-01
L3183.39,1.2824890206e-01,7.4895401342e-01,1.2279708453e-01
L3187.39,1.3159674281e-01,7.3492611938e-01,1.3347713781e-01
L3191.39,1.3500755348e-01,7.2045136692e-01,1.4454107960e-01
L3195.40,1.3847613142e-01,7.0555365635e-01,1.5597021223e-01
L3199.40,1.4199716914e-01,6.9025756910e-01,1.6774526176e-01
L3203.40,1.4556526306e-01,6.7458832678e-01,1.7984641016e-01
L3207.41,1.4917492244e-01,6.5857174931e-01,1.9225332825e-01
L3211.41,1.5282057844e-01,6.4223421202e-01,2.0494520953e-01
L3215.41,1.5649659335e-01,6.2560260195e-01,2.1790080470e-01
L3219.41,1.6019726993e-01,6.0870427323e-01,2.3109845684e-01
L3223.42,1.6391686087e-01,5.9156700180e-01,2.4451613733e-01
L3227.42,1.6764957839e-01,5.7421893943e-01,2.5813148217e-01
L3231.42,1.7138960385e-01,5.5668856716e-01,2.7192182900e-01
L3235.43,1.7513109746e-01,5.3900464819e-01,2.8586425435e-01
L3239.43,1.7886820808e-01,5.2119618043e-01,2.9993561149e-01
L3243.43,1.8259508297e-01,5.0329234857e-01,3.1411256845e-01
L3247.44,1.8630587767e-01,4.8532247597e-01,3.2837164636e-01
L3251.44,1.8999476572e-01,4.6731597631e-01,3.4268925797e-01
L3255.44,1.9365594857e-01,4.4930230511e-01,3.5704174633e-01
L3259.44,1.9728366525e-01,4.3131091126e-01,3.7140542349e-01
L3263.45,2.0087220217e-01,4.1337118853e-01,3.8575660930e-01
L3267.45,2.0441590273e-01,3.9551242728e-01,4.0007166999e-01
L3271.45,2.0790917689e-01,3.7776376627e-01,4.1432705684e-01
L3275.46,2.1134651069e-01,3.6015414485e-01,4.2849934447e-01
L3279.46,2.1472247556e-01,3.4271225542e-01,4.4256526902e-01
L3283.46,2.1803173761e-01,3.2546649644e-01,4.5650176595e-01
L3287.47,2.2126906667e-01,3.0844492580e-01,4.7028600753e-01
L3291.47,2.2442934525e-01,2.9167521494e-01,4.8389543980e-01
L3295.47,2.2750757728e-01,2.7518460353e-01,4.9730781919e-01
L3299.47,2.3049889667e-01,2.5899985492e-01,5.1050124841e-01
L3303.48,2.3339857569e-01,2.4314721240e-01,5.2345421191e-01
L3307.48,2.3620203307e-01,2.2765235639e-01,5.3614561054e-01
L3311.48,2.3890484193e-01,2.1254036250e-01,5.4855479557e-01
L3315.49,2.4150273745e-01,1.9783566066e-01,5.6066160189e-01
L3319.49,2.4399162422e-01,1.8356199538e-01,5.7244638041e-01
L3323.49,2.4636758338e-01,1.6974238706e-01,5.8389002955e-01
L3327.50,2.4862687951e-01,1.5639909465e-01,5.9497402584e-01
L3331.50,2.5076596706e-01,1.4355357945e-01,6.0568045350e-01
L3335.50,2.5278149668e-01,1.3122647033e-01,6.1599203298e-01
L3339.50,2.5467032109e-01,1.1943753038e-01,6.2589214853e-01
L3343.51,2.5642950064e-01,1.0820562487e-01,6.3536487450e-01
L3347.51,2.5805630857e-01,9.7548690855e-02,6.4439500058e-01
L3351.51,2.5954823590e-01,8.7483708244e-02,6.5296805586e-01
L3355.52,2.6090299595e-01,7.8026672483e-02,6.6107033157e-01
L3359.52,2.6211852851e-01,6.9192568885e-02,6.6868890260e-01
L3363.52,2.6319300364e-01,6.0995348630e-02,6.7581164773e-01
L3367.53,2.6412482503e-01,5.3447906492e-02,6.8242726848e-01
L3371.53,2.6491263308e-01,4.6562060311e-02,6.8852530661e-01
L3375.53,2.6555530751e-01,4.0348532256e-02,6.9409616024e-01
L3379.53,2.6605196957e-01,3.4816931904e-02,6.9913109853e-01
L3383.54,2.6640198388e-01,2.9975741161e-02,7.0362227496e-01
L3387.54,2.6660495987e-01,2.5832301051e-02,7.0756273908e-01
L3391.54,2.6666075276e-01,2.2392800386e-02,7.1094644685e-01
L3395.55,2.6656946419e-01,1.9662266349e-02,7.1376826947e-01
L3399.55,2.6633144238e-01,1.7644556985e-02,7.1602400064e-01
L3403.55,2.6594728194e-01,1.6342355634e-02,7.1771036242e-01
L3407.56,2.6541782322e-01,1.5757167289e-02,7.1882500949e-01
L3411.56,2.6474415122e-01,1.5889316905e-02,7.1936653187e-01
L3415.56,2.6392759420e-01,1.6737949644e-02,7.1933445615e-01
L3419.56,2.6296972173e-01,1.8301033071e-02,7.1872924520e-01
L3423.57,2.6187234246e-01,2.0575361276e-02,7.1755229627e-01
L3427.57,2.6063750139e-01,2.3556560935e-02,7.1580593767e-01
L3431.57,2.5926747684e-01,2.7239099279e-02,7.1349342388e-01
L3435.58,2.5776477691e-01,3.1616293974e-02,7.1061892912e-01
L3439.58,2.5613213562e-01,3.6680324883e-02,7.0718753950e-01
L3443.58,2.5437250867e-01,4.2422247689e-02,7.0320524364e-01
L3447.59,2.5248906880e-01,4.8832009367e-02,6.9867892183e-01
L3451.59,2.5048520075e-01,5.5898465464e-02,6.9361633378e-01
L3455.59,2.4836449592e-01,6.3609399163e-02,6.8802610491e-01
L3459.59,2.4613074664e-01,7.1951542107e-02,6.8191771125e-01
L3463.60,2.4378794008e-01,8.0910596929e-02,6.7530146299e-01
L3467.60,2.4134025186e-01,9.0471261466e-02,6.6818848667e-01
L3471.60,2.3879203933e-01,1.0061725461e-01,6.6059070606e-01
L3475.61,2.3614783446e-01,1.1133134376e-01,6.5252082178e-01
L3479.61,2.3341233660e-01,1.2259537378e-01,6.4399228962e-01
L3483.61,2.3059040471e-01,1.3439029754e-01,6.3501929775e-01
L3487.62,2.2768704954e-01,1.4669620781e-01,6.2561674265e-01
L3491.62,2.2470742541e-01,1.5949237060e-01,6.1580020400e-01
L3495.62,2.2165682174e-01,1.7275725983e-01,6.0558591843e-01
L3499.62,2.1854065442e-01,1.8646859329e-01,5.9499075229e-01
L3503.63,2.1536445689e-01,2.0060336977e-01,5.8403217334e-01
L3507.63,2.1213387102e-01,2.1513790743e-01,5.7272822155e-01
L3511.63,2.0885463781e-01,2.3004788318e-01,5.6109747901e-01
L3515.64,2.0553258791e-01,2.4530837313e-01,5.4915903896e-01
L3519.64,2.0217363196e-01,2.6089389402e-01,5.3693247402e-01
L3523.64,1.9878375080e-01,2.7677844549e-01,5.2443780371e-01
L3527.65,1.9536898553e-01,2.9293555322e-01,5.1169546125e-01
L3531.65,1.9193542749e-01,3.0933831276e-01,4.9872625974e-01
L3535.65,1.8848920810e-01,3.2595943414e-01,4.8555135776e-01
L3539.65,1.8503648862e-01,3.4277128695e-01,4.7219222444e-01
L3543.66,1.8158344989e-01,3.5974594606e-01,4.5867060404e-01
L3547.66,1.7813628201e-01,3.7685523775e-01,4.4500848024e-01
L3551.66,1.7470117391e-01,3.9407078618e-01,4.3122803991e-01
L3555.67,1.7128430304e-01,4.1136406025e-01,4.1735163671e-01
L3559.67,1.6789182497e-01,4.2870642058e-01,4.0340175445e-01
L3563.67,1.6452986303e-01,4.4606916672e-01,3.8940097025e-01
L3567.68,1.6120449802e-01,4.6342358435e-01,3.7537191763e-01
L3571.68,1.5792175794e-01,4.8074099257e-01,3.6133724949e-01
L3575.68,1.5468760784e-01,4.9799279099e-01,3.4731960117e-01
L3579.68,1.5150793968e-01,5.1515050673e-01,3.3334155359e-01
L3583.69,1.4838856241e-01,5.3218584114e-01,3.1942559645e-01
L3587.69,1.4533519209e-01,5.4907071624e-01,3.0559409167e-01
L3591.69,1.4235344217e-01,5.6577732070e-01,2.9186923713e-01
L3595.70,1.3944881396e-01,5.8227815542e-01,2.7827303062e-01
L3599.70,1.3662668724e-01,5.9854607850e-01,2.6482723426e-01
L3603.70,1.3389231108e-01,6.1455434963e-01,2.5155333928e-01
L3607.71,1.3125079488e-01,6.3027667380e-01,2.3847253131e-01
L3611.71,1.2870709957e-01,6.4568724419e-01,2.2560565624e-01
L3615.71,1.2626602913e-01,6.6076078426e-01,2.1297318660e-01
L3619.71,1.2393222231e-01,6.7547258898e-01,2.0059518871e-01
L3623.72,1.2171014463e-01,6.8979856497e-01,1.8849129039e-01
L3627.72,1.1960408065e-01,7.0371526978e-01,1.7668064957e-01
L3631.72,1.1761812657e-01,7.1719994987e-01,1.6518192357e-01
L3635.73,1.1575618305e-01,7.3023057760e-01,1.5401323935e-01
L3639.73,1.1402194850e-01,7.4278588691e-01,1.4319216459e-01
L3643.73,1.1241891251e-01,7.5484540774e-01,1.3273567976e-01
L3647.74,1.1095034976e-01,7.6638949911e-01,1.2266015112e-01
L3651.74,1.0961931428e-01,7.7739938085e-01,1.1298130488e-01
L3655.74,1.0842863394e-01,7.8785716380e-01,1.0371420226e-01
L3659.74,1.0738090551e-01,7.9774587865e-01,9.4873215841e-02
L3663.75,1.0647848991e-01,8.0704950314e-01,8.6472006954e-02
L3667.75,1.0572350798e-01,8.1575298772e-01,7.8523504300e-02
L3671.75,1.0511783662e-01,8.2384227960e-01,7.1039883787e-02
L3675.76,1.0466310525e-01,8.3130434514e-01,6.4032549617e-02
L3679.76,1.0436069281e-01,8.3812719053e-01,5.7512116664e-02
L3683.76,1.0421172510e-01,8.4429988075e-01,5.1488394144e-02
L3687.77,1.0421707254e-01,8.4981255682e-01,4.5970370640e-02
L3691.77,1.0437734837e-01,8.5465645116e-01,4.0966200471e-02
L3695.77,1.0469290730e-01,8.5882390127e-01,3.6483191439e-02
L3699.77,1.0516384454e-01,8.6230836148e-01,3.2527793978e-02
L3703.78,1.0578999533e-01,8.6510441296e-01,2.9105591712e-02
L3707.78,1.0657093485e-01,8.6720777171e-01,2.6221293436e-02
L3711.78,1.0750597860e-01,8.6861529487e-01,2.3878726537e-02
L3715.79,1.0859418317e-01,8.6932498498e-01,2.2080831857e-02
L3719.79,1.0983434752e-01,8.6933599247e-01,2.0829660013e-02
L3723.79,1.1122501463e-01,8.6864861620e-01,2.0126369163e-02
L3727.80,1.1276447363e-01,8.6726430213e-01,1.9971224246e-02
L3731.80,1.1445076227e-01,8.6518564007e-01,2.0363597660e-02
L3735.80,1.1628166996e-01,8.6241635863e-01,2.1301971412e-02
L3739.80,1.1825474107e-01,8.5896131823e-01,2.2783940701e-02
L3743.81,1.2036727880e-01,8.5482650225e-01,2.4806218953e-02
L3747.81,1.2261634930e-01,8.5001900641e-01,2.7364644284e-02
L3751.81,1.2499878636e-01,8.4454702627e-01,3.0454187377e-02
L3755.82,1.2751119633e-01,8.3841984290e-01,3.4068960768e-02
L3759.82,1.3014996359e-01,8.3164780689e-01,3.8202229518e-02
L3763.82,1.3291125625e-01,8.2424232050e-01,4.2846423246e-02
L3767.83,1.3579103234e-01,8.1621581814e-01,4.7993149519e-02
L3771.83,1.3878504626e-01,8.0758174518e-01,5.3633208557e-02
L3775.83,1.4188885569e-01,7.9835453508e-01,5.9756609233e-02
L3779.83,1.4509782872e-01,7.8854958493e-01,6.6352586350e-02
L3783.84,1.4840715141e-01,7.7818322945e-01,7.3409619146e-02
L3787.84,1.5181183559e-01,7.6727271339e-01,8.0915451019e-02
L3791.84,1.5530672701e-01,7.5583616258e-01,8.8857110413e-02
L3795.85,1.5888651376e-01,7.4389255339e-01,9.7220932852e-02
L3799.85,1.6254573496e-01,7.3146168097e-01,1.0599258407e-01
L3803.85,1.6627878972e-01,7.1856412609e-01,1.1515708418e-01
L3807.86,1.7007994635e-01,7.0522122070e-01,1.2469883294e-01
L3811.86,1.7394335180e-01,6.9145501232e-01,1.3460163588e-01
L3815.86,1.7786304128e-01,6.7728822725e-01,1.4484873146e-01
L3819.86,1.8183294817e-01,6.6274423276e-01,1.5542281907e-01
L3823.87,1.8584691397e-01,6.4784699813e-01,1.6630608790e-01
L3827.87,1.8989869860e-01,6.3262105485e-01,1.7748024655e-01
L3831.87,1.9398199068e-01,6.1709145587e-01,1.8892655346e-01
L3835.88,1.9809041801e-01,6.0128373403e-01,2.0062584797e-01
L3839.88,2.0221755823e-01,5.8522385972e-01,2.1255858205e-01
L3843.88,2.0635694946e-01,5.6893819792e-01,2.2470485262e-01
L3847.89,2.1050210110e-01,5.5245346450e-01,2.3704443440e-01
L3851.89,2.1464650465e-01,5.3579668211e-01,2.4955681324e-01
L3855.89,2.1878364463e-01,5.1899513550e-01,2.6222121986e-01
L3859.89,2.2290700945e-01,5.0207632653e-01,2.7501666403e-01
L3863.90,2.2701010231e-01,4.8506792875e-01,2.8792196894e-01
L3867.90,2.3108645217e-01,4.6799774185e-01,3.0091580598e-01
L3871.90,2.3512962456e-01,4.5089364585e-01,3.1397672959e-01
L3875.91,2.3913323243e-01,4.3378355524e-01,3.2708321232e-01
L3879.91,2.4309094691e-01,4.1669537309e-01,3.4021367999e-01
L3883.91,2.4699650799e-01,3.9965694519e-01,3.5334654683e-01
L3887.92,2.5084373506e-01,3.8269601434e-01,3.6646025060e-01
L3891.92,2.5462653743e-01,3.6584017489e-01,3.7953328768e-01
L3895.92,2.5833892458e-01,3.4911682745e-01,3.9254424798e-01
L3899.92,2.6197501635e-01,3.3255313406e-01,4.0547184959e-01
L3903.93,2.6552905293e-01,3.1617597374e-01,4.1829497333e-01
L3907.93,2.6899540466e-01,3.0001189855e-01,4.3099269679e-01
L3911.93,2.7236858161e-01,2.8408709019e-01,4.4354432820e-01
L3915.94,2.7564324294e-01,2.6842731731e-01,4.5592943974e-01
L3919.94,2.7881420608e-01,2.5305789348e-01,4.6812790044e-01
L3923.94,2.8187645556e-01,2.3800363592e-01,4.8011990851e-01
L3927.95,2.8482515164e-01,2.2328882520e-01,4.9188602316e-01
L3931.95,2.8765563861e-01,2.0893716568e-01,5.0340719572e-01
L3935.95,2.9036345285e-01,1.9497174705e-01,5.1466480010e-01
L3939.95,2.9294433053e-01,1.8141500690e-01,5.2564066256e-01
L3943.96,2.9539421500e-01,1.6828869435e-01,5.3631709064e-01
L3947.96,2.9770926383e-01,1.5561383485e-01,5.4667690132e-01
L3951.96,2.9988585550e-01,1.4341069623e-01,5.5670344827e-01
L3955.97,3.0192059578e-01,1.3169875597e-01,5.6638064825e-01
L3959.97,3.0381032365e-01,1.2049666988e-01,5.7569300647e-01
L3963.97,3.0555211689e-01,1.0982224204e-01,5.8462564107e-01
L3967.98,3.0714329730e-01,9.9692396257e-02,5.9316430645e-01
L3971.98,3.0858143541e-01,9.0123148968e-02,6.0129541562e-01
L3975.98,3.0986435494e-01,8.1129583630e-02,6.0900606143e-01
L3979.98,3.1099013670e-01,7.2725826690e-02,6.1628403661e-01
L3983.99,3.1195712210e-01,6.4925025142e-02,6.2311785276e-01
L3987.99,3.1276391630e-01,5.7739325708e-02,6.2949675799e-01
L3991.99,3.1340939083e-01,5.1179855680e-02,6.3541075349e-01
L3996.00,3.1389268580e-01,4.5256705460e-02,6.4085060874e-01
L4000.00,3.1421321168e-01,3.9978912808e-02,6.4580787551e-01
