day_of_life,g__Actinomyces_0,g__Bifidobacterium_1,g__Eggerthella_2,g__Bacteroides_3,g__Parabacteroides_4,f__Rikenellaceae_5,g__Staphylococcus_6,g__Enterococcus_7,g__Lactobacillus_8,g__Streptococcus_9,o__Clostridiales_10,o__Clostridiales_11,f__Clostridiaceae_12,f__Clostridiaceae_13,g__Clostridium_14,f__Lachnospiraceae_15,f__Lachnospiraceae_16,g__Blautia_17,g__Coprococcus_18,g__Dorea_19,g__Lachnospira_20,g__Roseburia_21,g__[Ruminococcus]_22,f__Peptostreptococcaceae_23,f__Ruminococcaceae_24,f__Ruminococcaceae_25,g__Faecalibacterium_26,g__Oscillospira_27,g__Ruminococcus_28,g__Veillonella_29,f__Erysipelotrichaceae_30,g__[Eubacterium]_31,f__Enterobacteriaceae_32,f__Enterobacteriaceae_33,g__Haemophilus_34,g__Pseudomonas_35,g__Akkermansia_36
0,0,964,0,0,0,86,61,0,0,40,26,0,0,0,35,0,340,543,32,39,125,0,648,0,63,0,606,0,0,47,292,0,0,33,30,0,0
0,14,31,0,597,94,12,147,0,24,80,77,132,7,0,0,21,380,68,22,0,35,26,39,0,36,129,109,89,26,0,15,0,32,12026,40,101,0
0,0,516,0,4986,846,880,20,0,111,72,153,707,16,73,121,132,633,279,237,99,579,493,575,97,382,1000,1332,265,314,78,129,27,121,206,74,32,184
0,68,518,12,372,461,0,8,0,8,156,47,0,69,12,294,7,627,1002,115,428,14,745,246,215,0,24,1138,209,17,108,273,484,548,91,0,0,64
0,3,90,0,523,20,75,173,154,104,68,161,265,0,103,4,56,122,63,47,0,0,0,151,0,81,60,16,86,86,0,7,0,776,11436,0,76,657
0,94,18394,0,0,0,0,60,0,409,325,0,0,0,0,52,0,0,0,0,0,0,0,4,10,0,0,0,0,0,756,0,0,513,4,46,0,0
0,2,18,0,359,43,59,40,0,4,13,20,37,0,0,0,0,12,41,71,0,0,30,26,0,15,73,34,37,37,13,0,0,7,9997,2,9,0
0,0,13111,62,4608,0,10,3,14,5,53,22,0,411,73,1394,90,44,81,26,1991,0,0,2424,576,0,6,228,896,137,242,167,7,1283,882,54,0,18
0,6,4853,21,0,0,0,0,82,0,30,54,0,279,526,3319,31,0,22,57,0,0,0,2018,269,0,0,0,242,0,1196,837,0,959,1854,0,3,0
0,0,875,0,570,76,24,117,8,14,41,0,0,77,43,138,28,111,114,108,0,87,116,286,37,0,0,73,0,0,31,47,54,248,111,0,16,0
0,0,0,0,414,34,70,58,0,34,66,153,194,14,28,68,6,224,40,0,0,36,0,237,20,74,199,59,119,68,7,0,21,74,18529,0,156,93
0,0,1132,0,19932,30,0,10,30,30,49,3,0,472,0,104,0,48,93,59,18,15,26,76,8,0,0,51,7,5,299,21,28,92,1691,21,0,0
0,6,17,0,407,35,20,40,4,9,13,52,61,0,0,0,16,9,24,0,0,17,4,95,0,0,109,48,50,0,0,24,0,0,11385,0,31,0
0,0,1099,0,89,158,3,19,62,8,20,47,0,68,0,153,0,71,124,0,0,33,42,146,23,0,0,103,15,0,120,82,48,74,28,0,0,2
0,547,1091,0,1577,114,19,0,184,24,24,91,0,1053,125,195,0,63,79,83,48,54,25,227,12,986,0,35,0,0,317,70,35,275,185,0,0,0
0,0,27,0,327,17,23,0,0,25,19,55,100,0,19,0,0,28,9,28,0,0,0,74,0,46,53,130,16,9,5,0,0,30,12492,0,0,0
0,12,37,0,580,88,129,7,0,16,126,95,58,0,24,0,44,39,47,13,31,0,39,192,0,26,111,49,103,105,45,0,0,22,19643,111,68,6
0,2,65,0,459,45,31,97,19,100,45,0,56,25,88,0,0,223,35,27,10,19,6,104,0,49,42,45,99,21,0,0,0,72,12073,42,64,74
0,0,121,0,248,0,0,66,0,0,0,0,0,0,0,1005,0,0,0,0,0,0,0,0,0,0,0,0,0,0,9,0,0,16,990,0,1357,0
0,0,7,0,188,59,29,0,0,10,11,16,60,12,0,0,17,28,4,23,23,0,0,57,0,26,77,60,14,0,0,0,0,62,12647,11,65,0
0,6,38,3,479,29,0,38,0,10,24,62,59,0,13,0,30,78,55,36,8,0,21,80,18,45,103,36,68,17,0,0,0,0,13345,31,26,49
0,0,2580,0,1448,0,316,0,0,27,85,0,78,30,0,0,23,67,40,2,114,18,299,415,80,17,15,772,102,49,307,109,19,5,0,15,6,82
0,0,50,0,352,0,11,25,0,38,0,159,106,0,0,4,13,57,21,0,16,0,37,104,0,31,71,112,56,40,0,0,0,34,14218,17,24,7
0,0,0,0,360,86,28,14,9,33,28,50,118,0,0,0,0,79,59,29,26,4,0,11,0,40,99,41,26,17,0,0,0,14,10878,0,54,12
0,0,491,0,8104,396,843,0,11,0,113,22,0,15,218,320,9,137,246,185,18,99,470,129,102,158,39,1839,56,197,128,41,63,320,9,50,0,13
0,0,1311,0,172,0,4,0,0,11,0,0,0,0,0,23,0,20,161,34,5,0,10,225,15,0,272,0,3,0,0,11,0,37,0,10,16,0
0,0,2014,0,2210,815,16,0,39,60,0,9,0,0,0,0,0,18,24,0,46,0,0,1500,50,7,21,0,41,0,111,55,0,476,176,0,1370,31
0,1622,551,13,1313,1844,2,18,88,7,258,24,0,2268,313,932,0,314,30,0,23,0,0,0,39,0,0,0,9,3,1115,18,12,6317,1089,248,0,0
0,0,75,0,34,24,0,44,107,0,309,0,0,0,0,34,71,92,35,0,17,0,0,8,51,0,61,229,156,0,19,6,60,3278,937,0,0,0
0,3,32,0,372,36,86,41,10,24,25,58,112,0,41,0,0,97,47,17,0,0,17,47,0,16,312,29,11,30,0,29,0,0,12488,3,211,115
0,0,12,0,231,10,26,0,0,0,0,77,55,0,0,0,26,27,34,15,0,0,0,85,0,0,75,87,43,33,0,0,0,6,12437,0,47,0
1,3,422,7,0,0,0,0,0,0,22,136,0,54,13,82,7,2186,927,200,612,18,1376,1048,120,0,0,4396,563,0,0,1050,89,110,9,114,0,0
1,856,1320,13,574,215,306,0,216,17,93,69,0,2902,127,1152,0,145,464,0,34,0,7,1107,110,2797,11,13,30,14,817,61,173,2173,632,16,0,4
1,0,17,0,429,2,92,4,0,0,0,25,5,0,98,0,35,73,50,2,0,0,0,106,0,7,83,51,13,38,0,57,0,0,8982,0,28,4
1,0,0,0,406,102,72,74,0,39,33,102,129,0,0,0,0,73,5,53,0,0,0,46,52,19,120,115,30,0,0,20,28,40,12874,0,35,0
1,0,1265,0,1402,627,0,0,0,29,9,0,0,0,0,8,5,0,5,0,0,12,0,767,0,0,27,0,4,9,21,0,0,220,83,0,835,84
1,0,103,0,761,41,111,135,33,167,54,124,181,46,62,22,16,285,77,22,20,0,17,71,0,80,159,163,115,75,0,38,0,13,17574,0,99,293
1,0,0,0,45,0,5,987,3161,16,0,0,7,0,0,15,0,14,0,0,0,13,0,0,5,0,0,11,0,0,4,0,0,17467,27,2,0,92
1,0,16,0,527,108,127,186,0,39,547,109,100,0,74,0,12,86,172,30,0,0,0,263,0,47,179,114,0,34,0,0,0,0,25063,53,0,0
1,0,147,0,571,68,136,85,20,137,128,201,463,0,77,64,0,182,63,89,0,5,0,50,0,99,131,156,0,137,0,0,0,21,17089,0,362,41
1,0,8,0,404,42,120,27,12,22,42,18,165,0,24,0,0,81,6,30,0,0,0,80,32,76,41,27,15,10,0,28,22,0,10827,41,212,70
1,0,248,0,360,111,9,157,39,173,102,105,244,0,45,0,39,121,152,21,0,0,42,193,0,67,83,126,43,104,2,0,0,26,14091,0,210,326
1,0,30,0,301,37,41,19,47,100,31,100,55,0,31,5,29,67,117,17,0,0,24,0,0,30,42,21,22,24,0,34,0,131,12002,0,89,69
1,0,0,0,8,0,0,0,0,0,0,0,10,0,0,0,0,0,5,0,0,5,0,0,0,0,0,0,0,0,0,0,0,0,19805,0,0,0
1,0,26,0,248,9,0,58,0,38,133,68,80,7,11,6,22,33,40,26,0,0,0,25,0,35,98,57,63,0,0,0,0,62,10267,0,23,0
1,0,10890,21,0,0,0,0,0,168,129,1117,0,114,170,1482,80,1829,111,46,0,2313,0,799,609,0,0,0,0,0,4365,291,92,208,319,0,0,0
1,0,57,7,234,0,21,16,5,0,33,12,0,10,7,2284,130,1337,17,27,5,2,27,1959,269,3,54,72,4,15,7,0,185,64,1219,0,10,12
1,0,66,0,545,22,47,93,77,399,95,163,140,3,139,0,6,227,40,47,4,9,7,174,200,91,83,130,106,39,10,19,0,56,9538,0,100,975
1,49,34,0,4,0,0,0,0,0,3535,0,0,0,9,0,0,0,0,0,0,0,0,10,3913,0,0,0,0,0,14601,0,0,0,25,0,0,0
1,0,0,0,6,0,0,240,0,0,0,0,0,0,0,0,0,0,0,0,0,0,0,0,0,0,0,0,3,0,0,0,0,0,17838,0,0,0
1,0,80,0,740,47,44,59,0,515,0,366,397,0,424,0,116,155,40,14,0,0,42,29,109,121,45,0,134,0,14,33,0,16,5455,0,41,0
1,0,39,0,0,0,0,197,1195,0,0,0,0,0,0,17,0,0,20,0,5,0,0,9,0,0,0,3,4,0,7,0,0,11783,0,0,0,0
1,0,30,0,31,0,0,9,0,8,19,12,0,0,0,23,0,13,0,0,0,0,0,14,0,0,0,0,0,0,0,0,0,255,672,24,1048,0
2,23,5100,0,3604,0,0,0,647,5155,638,0,0,0,0,257,0,0,1069,0,0,0,0,1767,0,0,0,0,11,0,521,0,0,10,1211,794,41,0
2,32,2258,0,604,50,27,3147,0,59,332,3,0,61,80,125,0,86,78,31,24,6,114,375,14,6,71,125,41,0,228,703,10,154,182,0,0,19
2,0,0,0,5079,0,5,6,1013,0,0,0,0,0,0,0,0,0,0,0,0,0,0,9,0,0,0,0,22,0,0,2752,0,1462,10423,0,0,2
2,0,5,0,2176,0,2,0,18,0,0,0,0,0,0,0,0,0,0,0,0,0,0,2,0,0,0,0,14,0,5,971,0,472,3104,0,0,0
2,0,3,0,8,0,0,4599,0,0,332,0,2,1510,8154,0,0,23823,0,0,0,0,5,0,0,0,0,0,0,0,0,0,0,0,8,129,0,0
2,20,15,0,27,0,4,0,6,0,21,0,0,53,7,67,0,0,42,0,0,0,0,0,4,28,0,0,0,0,8,0,43,40,27996,0,0,0
2,19,6149,0,10,0,155,0,73,270,14,0,0,16,0,2474,0,61,0,440,0,0,4564,5525,84,0,0,0,0,5,365,2,0,228,2228,231,0,0
2,0,20,0,282,43,0,49,0,90,23,21,135,0,5,0,19,87,15,3,0,0,25,33,32,105,82,36,98,56,0,0,0,49,10742,0,129,1234
2,0,29,0,5326,0,0,0,35,0,0,0,0,9,0,0,0,6,0,0,0,0,0,5,0,0,0,0,3,0,0,2605,0,1350,10978,0,0,0
2,0,5,0,11,6,0,0,0,0,0,0,5,0,0,0,0,0,0,0,0,0,0,0,0,0,7,0,0,5,0,0,0,0,14297,0,0,0
2,0,1687,0,117,0,21,54,0,0,52,0,0,0,0,0,0,56,46,0,0,0,0,110,0,0,0,0,0,0,0,26,0,118,101,0,199,27
4,0,0,0,12729,0,0,27,69,0,0,0,0,0,41,0,0,0,0,0,0,0,0,0,0,0,0,0,0,0,0,0,0,0,0,0,0,0
5,0,0,0,20792,3,0,492,352,0,92,0,0,0,22,0,0,0,0,0,0,0,0,0,0,0,0,0,0,0,0,0,0,0,0,0,0,0
5,0,0,0,16035,0,0,42,70,0,32,0,0,0,7,0,0,0,0,0,0,0,0,0,0,0,0,0,0,0,0,0,0,0,0,2,0,0
7,0,0,0,0,0,0,19,796,0,3,0,0,0,0,1378,0,0,0,0,0,0,0,0,0,0,0,0,0,0,0,0,0,0,10629,0,0,0
8,0,0,0,11908,0,0,0,0,0,0,0,0,0,0,0,0,0,0,0,0,0,0,0,0,0,0,0,0,0,0,0,0,9674,23,0,6,0
9,0,14,0,3545,2,0,0,0,0,8,0,0,0,0,12351,0,0,0,0,0,0,0,10,0,0,0,3,0,0,16,0,0,13,12051,41,0,0
11,0,11,0,5,0,0,109,444,0,233,0,0,0,0,178,0,0,0,0,5,0,0,0,0,0,0,0,0,0,0,0,0,15041,9309,3,0,0
13,0,15,0,9,0,0,240,655,0,513,0,0,0,0,151,0,0,0,0,0,0,0,6,0,0,0,0,0,0,0,0,0,16842,5816,0,0,0
15,0,0,0,3,0,0,617,229,0,204,0,0,0,0,826,0,0,0,0,0,0,0,0,0,0,0,0,0,0,0,0,0,13484,4022,0,0,0
29,0,2725,0,0,0,0,387,0,31,447,0,3,0,0,0,0,0,0,0,0,0,0,0,0,0,0,0,0,0,0,0,0,2829,380,5,0,0
29,0,7,0,8,2,0,0,128,8,4847,0,0,0,496,944,0,0,0,0,0,0,0,6,444,0,0,0,0,0,4572,0,0,10062,0,0,0,0
30,0,9441,16,0,0,0,0,0,0,84,190,0,31,120,1080,147,1853,46,21,0,0,0,195,209,0,0,0,0,0,4432,341,37,903,158,3,0,0
30,0,6,0,32,0,0,32,5,0,72,0,0,5043,734,4938,0,651,8,3,0,0,0,0,55,0,0,11,0,22,5,0,10,7460,14,4,2,0
30,0,5,0,23,3,4,171,17,0,198,0,0,8585,571,5484,0,803,0,6,0,0,0,7,432,0,0,0,0,20,10,0,0,2580,22,15,0,0
30,3,16512,0,1817,2,15,26,0,0,804,0,0,11,0,36,0,42,8,0,0,14,0,33,2,4,0,47,8,0,36,44,0,46,2418,12,0,3
30,0,5,0,3,0,0,18,0,147,435,0,0,770,266,2430,0,0,0,0,0,0,0,0,505,0,0,0,0,0,95,0,0,1862,0,11,0,0
30,0,1527,0,15,0,0,0,2262,221,900,0,0,0,213,334,0,0,0,0,0,0,0,0,0,0,0,0,0,0,1629,0,0,14056,19,0,0,0
30,0,8669,0,29,0,0,0,2971,426,1495,0,0,0,462,1035,0,0,0,0,0,0,0,14,0,0,0,0,0,0,1383,0,0,7445,0,0,0,0
31,1220,14,0,0,0,0,21,1212,143,461,0,0,0,0,329,0,0,3330,0,0,0,0,2,0,0,0,0,0,0,0,3269,0,4818,4,13,16,0
31,0,1564,0,23340,0,149,82,0,0,115,0,0,0,0,0,0,0,0,0,0,12,0,11,178,0,0,0,0,196,0,4,0,2218,16826,17,0,0
31,0,0,19,23,0,0,0,14,0,83,1743,0,4777,1671,1926,0,943,1243,0,0,0,0,5067,850,0,0,2,0,0,38,0,0,6322,0,2,0,4
31,0,0,6,0,0,0,13,59,0,86,476,0,2731,1288,2009,0,1352,846,0,0,0,0,2135,1206,0,0,0,0,0,74,0,0,7713,0,12,0,0
31,0,3,17,0,0,0,7,0,0,55,1101,0,3840,1159,1382,0,362,941,0,0,0,0,5098,522,0,0,0,0,0,0,0,0,3649,6,0,0,0
31,0,8,0,5,0,0,0,618,0,149,0,0,0,0,11,0,7,3491,0,12,0,0,0,0,0,0,0,0,0,1373,0,0,1304,14775,0,50,0
31,0,6,0,10,0,0,9,95,0,782,0,0,0,409,5186,0,0,0,0,0,0,0,0,289,0,0,0,0,0,2225,0,0,0,7002,62,0,0
31,0,8239,0,0,0,0,18,319,0,31,0,0,0,19,430,0,0,0,0,0,0,0,0,287,0,0,0,0,0,8,0,0,88,1392,2,0,0
31,0,30,0,115,19,11,257,62,1228,2731,0,19,0,0,53,0,0,10,5,0,8,22,10274,0,0,7,23,13,7,786,0,0,0,0,4,0,5
31,3,5,0,8918,0,0,0,9,14,125,0,0,0,0,9043,0,1552,0,0,0,0,0,0,0,0,0,0,0,0,246,0,0,0,3155,0,0,0
31,3,11431,0,41,20,0,0,390,0,89,0,0,12,1193,896,0,2054,0,0,0,0,0,0,0,0,0,2,0,0,579,0,0,3841,6038,595,0,0
31,0,5,0,0,0,0,0,20,0,25,0,0,0,0,161,0,0,0,0,0,0,0,3625,3,0,0,0,0,0,1092,2967,0,2702,623,0,0,0
31,0,11865,0,107,5,0,67,68,0,4481,0,0,0,0,0,0,0,0,0,0,0,5,6,0,0,0,0,0,0,21,3,0,204,2118,0,0,0
31,14,1523,0,5,4,3,0,65,0,1086,0,0,16,6,1747,0,2434,0,0,5369,0,0,656,269,0,0,0,7,0,1800,1398,46,5,7,0,2,0
31,0,0,6,184,0,4,21,57,0,171,456,0,2217,1240,1646,0,2002,935,0,16,0,0,1918,1867,0,0,0,0,0,43,5,0,4771,5,3,0,0
32,0,4,0,20154,0,0,0,54,0,50,0,0,426,0,0,0,0,0,0,0,0,0,9,0,0,0,0,0,0,398,22,0,66,2313,0,0,0
32,0,2,0,21,0,0,3,0,0,440,0,0,0,0,7571,0,0,0,0,0,5,0,0,58,0,0,10,0,0,8,0,0,0,13561,37,0,0
32,2,8128,0,7061,1275,0,7,9,0,32,2,0,0,0,12,0,0,0,0,0,0,0,3537,0,0,0,0,0,0,0,0,0,13,0,140,0,0
32,0,0,0,7,0,0,40,0,0,2299,0,0,0,0,7377,0,0,0,0,13,0,0,12,22,0,0,0,0,0,16,3,0,0,22672,157,0,0
32,0,4,0,11,0,0,0,0,0,0,0,0,9866,0,1057,0,11,0,0,0,7,0,0,0,0,0,0,0,0,0,0,0,7006,0,0,0,0
32,0,7,0,10,0,0,88,13,0,9,0,0,3861,0,1186,0,36,0,0,0,15,0,0,0,0,4,2,0,0,3,0,0,13409,0,32,0,0
32,52,6,0,13201,0,0,123,536,0,240,0,0,0,0,15265,0,0,0,3,0,0,0,17,0,0,0,5,0,5,444,0,0,741,0,123,0,0
32,13,5,0,16602,0,0,28,159,0,109,0,0,0,0,17161,0,0,0,0,0,0,0,19,0,0,0,9,0,0,191,0,0,444,0,96,0,0
32,0,5,0,8,44,0,700,0,0,1060,0,0,0,0,0,0,0,0,3,0,0,0,7,6,0,0,0,0,0,218,6012,0,11638,9,0,0,0
32,0,14757,0,10802,846,0,42,0,0,107,0,0,0,0,15,0,0,0,0,0,0,0,16,0,0,0,0,0,21,69,0,0,19,8406,281,0,0
32,11,7,0,6,0,1352,6,121,0,22,66,0,1689,160,866,0,0,0,0,89,0,0,0,0,0,0,0,0,0,2,0,0,3142,0,28,3,0
32,51,15,0,10,0,2600,12,105,0,23,59,0,21,541,9387,0,0,0,0,116,0,0,5,0,0,0,0,0,0,0,0,0,5713,0,158,0,0
33,0,9072,15,1665,2,25,0,23,648,61,164,0,5,0,0,0,104,44,0,278,0,0,970,0,0,1066,0,124,0,45,6,21,2675,7,24,0,0
33,0,48,0,184,0,0,13,0,0,161,0,0,10,0,10,0,0,0,0,0,0,0,3114,0,0,0,0,0,0,7,20921,0,3279,5249,11,0,2
33,0,2273,0,985,499,59,0,24,0,0,0,0,0,0,0,0,0,0,0,0,0,0,0,0,0,0,0,0,0,0,0,6,0,131,0,0,0
33,0,5141,0,5260,651,0,8,0,0,43,0,0,0,0,0,0,38,0,0,0,0,0,0,0,0,0,2,0,0,15,430,0,2783,32,0,0,0
33,0,2880,4,11941,777,2,0,8,0,87,0,5,0,181,0,0,0,0,0,619,0,0,0,0,0,0,0,0,0,1316,0,0,69,2210,0,0,0
33,3,11,30,5,0,0,34,79,0,690,0,0,2515,654,4249,0,0,4272,0,0,0,0,0,780,0,0,0,0,0,127,0,2119,7579,29,0,0,0
34,9632,13,0,12,0,0,28,2140,158,87,1233,0,4720,329,0,0,0,4,0,0,0,0,8,0,6142,0,3,0,0,3659,0,0,1445,0,0,0,0
34,0,13330,2,8,0,0,109,105,1316,147,0,0,0,0,0,0,0,0,0,0,0,0,5,0,0,0,0,0,0,1014,3,0,1820,0,270,0,0
35,0,5496,0,0,0,0,0,47,18,432,0,0,5,37,2877,0,0,0,0,0,0,0,4,233,0,0,0,0,0,5,78,0,10,4029,142,0,0
35,0,6533,12,9218,0,0,0,8,0,6,0,0,19,0,0,0,0,0,0,0,0,0,1291,107,0,0,3,0,27,229,2007,0,1121,136,0,0,0
36,0,22,0,9,0,784,49,547,157,54,0,0,22075,56,22,0,0,0,0,0,0,0,19,5,0,0,0,603,0,79,0,0,5827,1873,100,0,0
36,0,1263,0,2817,2733,216,0,4,0,14,0,0,0,0,0,0,0,0,0,0,0,0,49,2,0,18,0,0,0,265,592,0,694,43,5,0,598
37,599,2,0,0,0,0,0,38,0,658,0,0,0,437,1027,15,0,4,0,0,0,4457,0,187,0,0,5,0,11,5168,5720,0,3910,8,9,0,0
39,0,11889,0,8130,2,2,0,0,0,330,0,0,0,0,18,0,0,0,0,0,0,0,10,0,0,0,0,0,0,6,4,0,15,14350,3,0,0
40,0,10887,0,191,17,18,146,6,72,814,8,0,0,0,0,0,46,10,0,0,8,139,22,0,0,29,50,6,0,4,6,0,9753,582,43,29,0
41,0,11,0,0,0,0,0,352,0,425,0,0,0,0,0,0,0,0,0,0,0,0,3,0,0,0,0,0,0,5941,0,0,14511,0,48,0,0
41,0,9471,0,16,0,0,0,26,12,130,5,0,0,1959,827,0,0,0,0,0,0,0,0,249,0,171,11,0,0,984,0,180,3805,0,0,4,0
41,0,3829,0,682,0,0,0,149,18,360,36,0,13,1617,1702,0,26,15,0,12,9,0,29,1109,0,138,4,0,0,666,4,963,2542,0,0,0,0
41,9,2169,0,5664,450,0,17,0,0,56,0,0,0,0,0,0,31,0,0,0,0,3,0,0,0,0,0,0,0,41,195,0,1057,0,0,0,0
42,0,0,0,0,0,0,2,0,0,0,0,9,0,0,0,0,0,0,0,0,0,0,0,0,0,0,0,0,0,0,0,0,0,0,0,0,0
42,1048,5,15,0,2,0,0,32,0,0,9,0,1423,0,113,0,0,0,0,0,0,0,4,0,0,0,0,0,0,388,0,0,3318,13,0,0,0
42,0,15,0,0,0,0,11,3235,0,1377,0,0,0,13629,369,0,0,0,0,0,7,0,9,335,0,0,45,0,0,2679,0,0,0,7196,131,0,0
43,0,6580,0,7502,2812,489,0,97,0,0,4,0,0,0,9,0,0,0,0,0,0,0,9,0,0,0,0,0,0,0,0,26,0,1922,0,0,0
43,7,8759,0,8544,0,0,8,0,0,591,0,0,0,0,0,12,0,0,0,0,0,0,7,0,0,0,0,0,0,20,2,0,15,8069,8,0,0
43,0,248,6,9,3,0,0,0,0,2249,161,0,724,326,1105,1124,911,0,0,0,0,0,0,449,59,1534,7164,1048,0,0,0,0,6955,337,0,0,0
44,7,262,0,8450,7,0,13,0,803,256,0,0,40,5,801,0,0,0,0,31,0,0,147,10,0,0,0,4,4,214,122,0,80,9213,8,0,0
45,7808,17,0,23,5,0,0,624,1782,27,451,0,6122,226,52,0,0,0,0,0,0,0,17,0,10474,0,0,0,0,3589,0,0,1586,0,0,0,0
45,0,493,0,11264,0,0,16,0,0,40,0,0,221,0,2444,0,0,0,0,0,0,0,9,0,0,0,3,0,0,0,6,0,2126,270,0,0,0
45,0,4519,0,0,619,0,12,31,0,115,0,0,0,0,4,0,15,9,0,0,0,0,0,4,0,0,15,0,0,35,46,0,5806,0,3,0,0
45,0,4,0,19,0,0,13,0,0,135,0,0,5,302,16673,0,412,4,7,10,0,0,0,72,0,0,2,0,29,51,6,34,3110,43,26,0,0
45,0,0,3,0,0,6,142,11,0,279,0,0,14,307,10367,0,818,0,13,0,0,0,0,752,0,2,0,0,29,169,0,48,1921,53,21,0,0
49,0,0,0,0,0,0,10,405,12,226,0,0,0,3788,1527,0,0,0,0,0,0,0,0,52,0,0,0,0,0,2031,0,0,0,5130,243,10,0
49,5,122,0,5,0,0,72,6,407,1286,8,0,10026,993,800,29,0,0,0,0,4,0,11,985,11,0,88,77,0,47,6,0,8404,0,218,0,0
52,144,3946,31,7,11054,0,10,0,0,473,7,0,1509,2434,3118,0,1349,0,0,89,0,0,7,0,0,0,0,0,0,1139,0,0,700,1687,569,0,0
53,0,14,0,9,0,0,0,334,0,2025,0,0,0,4,6,0,0,0,0,0,0,0,0,0,0,0,0,0,0,3642,0,0,18883,0,0,0,0
54,198,6,0,5,0,8313,13,278,0,181,154,0,1246,1611,145,0,0,0,0,150,0,0,4,0,0,0,0,0,0,4,0,0,8939,0,714,0,0
54,6,11,2,87,6,0,58,469,293,223,0,2,0,0,10,0,0,4112,7,0,11,0,25,0,0,5,14,0,0,16,29889,2,55910,59,218,0,0
55,0,4,0,10423,0,0,6,0,380,232,0,0,0,0,2804,0,0,0,0,0,0,0,0,0,0,0,0,0,0,822,0,0,0,7267,0,0,0
57,0,11,0,12,0,0,21,1862,0,8746,0,0,15,0,4569,0,0,0,0,0,0,0,6,802,0,0,0,0,0,66,3,0,18,17809,391,0,0
59,13,2136,8,11,14317,0,25,45,0,310,0,0,515,3515,2224,0,1406,0,0,949,0,0,0,8,0,0,0,0,0,500,0,0,1905,1114,305,0,0
60,56,6069,11,7777,0,0,0,0,384,740,0,0,0,18,43,0,835,426,0,0,0,0,769,11,0,0,0,47,0,2767,174,0,30,1022,8,0,0
60,23,0,0,11390,0,0,22,1287,0,196,0,3,6847,0,225,0,0,0,0,0,0,0,0,23,0,0,0,0,0,639,0,0,6121,0,174,0,0
60,11,4730,3,2459,0,0,0,0,23,32,25,0,61,33,211,0,42,0,0,9,0,0,193,0,0,12,731,0,0,785,94,3,579,53,0,11,144
60,303,36,0,161,5,0,257,25,0,283,0,0,25,272,3887,0,0,0,0,0,3,0,31,0,0,0,0,0,0,3097,7,0,7818,11,3214,0,0
61,0,3991,0,6201,1638,407,0,20,0,11,0,0,0,0,105,0,446,11,0,0,0,0,216,146,0,246,0,4,0,38,218,0,92,48,0,0,2710
61,0,7,0,4,0,0,0,1003,0,1913,0,0,0,8432,1692,0,0,0,0,0,0,0,5,162,0,0,0,0,0,929,0,0,0,5558,153,0,0
61,0,10133,3,7,0,0,516,0,289,194,0,0,0,0,0,0,0,0,0,0,0,0,0,0,0,0,0,0,0,0,0,0,6640,9,286,0,0
61,0,19521,0,8588,2584,5,0,62,142,0,0,0,0,0,10,0,629,0,0,0,0,0,0,0,0,0,0,0,12,6,2,0,7,1613,0,0,0
61,0,3726,4,4858,0,0,0,7,2,4,25,0,0,0,5,22,0,66,12,134,0,0,902,20,0,0,0,212,85,385,276,6,61,411,0,0,0
61,0,1921,3,5597,521,0,0,12,0,75,59,7,0,84,0,0,0,0,0,297,0,0,0,7,0,376,0,0,0,87,0,0,44,671,0,0,409
61,0,17,0,7589,7328,0,16,0,0,569,0,0,0,0,11,0,0,6,0,15,0,0,0,0,0,0,0,0,0,5,0,0,13763,4395,0,0,0
61,0,8766,13,4650,2925,157,0,55,0,0,0,0,0,0,5,0,0,0,0,0,0,0,0,0,0,0,2,0,0,10,0,11,0,773,0,0,0
61,0,1597,0,6831,0,4,111,12,0,98,0,0,0,0,70,0,0,0,0,0,13,0,511,10,0,0,6,3,8,0,548,0,7,7340,206,0,0
62,0,5,0,18,0,0,0,0,0,1564,0,0,0,0,3202,0,0,0,0,0,0,0,0,430,0,0,6,0,0,78,0,0,37,16606,57,0,0
62,0,0,0,18,0,0,0,0,0,4374,0,0,0,0,2698,0,0,0,0,0,0,0,0,4624,0,0,0,0,0,140,0,0,0,13326,431,0,0
62,0,4,2,10,0,0,0,16,0,48,7,0,60,111,11145,0,1477,0,9,0,0,0,0,82,0,0,0,0,156,267,0,106,5647,701,22,0,0
62,19,13376,0,15491,1590,0,0,0,0,22,0,0,0,0,966,3,83,0,0,0,0,0,0,0,0,0,0,98,0,38,300,0,709,1094,4,0,0
62,0,6586,0,7,0,0,33,157,0,1679,0,0,0,0,7,0,0,0,0,0,0,0,5,125,0,0,0,0,0,0,3,0,2186,4939,259,0,3
62,0,2260,0,154,30,25,0,0,108,290,0,0,0,0,12306,0,16,0,0,0,0,73,5659,4,4,0,22,0,16,9,2,0,2424,18,0,0,3
62,0,4935,0,16,0,0,20,0,521,491,0,0,0,0,16747,0,0,0,0,8,0,0,5851,0,0,0,0,0,16,0,0,0,814,27,6,0,0
62,0,4,12,13,0,0,86,96,0,63,0,0,112,280,8416,0,1972,0,29,0,0,0,0,893,0,0,4,0,339,103,0,517,4299,811,15,0,0
63,26,7196,0,0,0,0,14,53,0,191,0,0,226,200,351,0,0,0,0,0,0,0,0,128,0,0,0,0,0,178,0,0,122,1529,1354,0,0
63,0,7482,0,10,0,0,0,58,0,56,276,0,100,0,1046,2669,265,0,0,0,0,0,945,144,975,102,6127,6975,0,44,0,0,1390,53,0,3,0
63,0,8211,0,6,0,0,0,17,303,476,0,0,125,188,1751,9,5748,265,0,0,6,0,2843,77,0,0,0,0,0,1454,475,0,35,1892,68,12,0
63,0,567,0,0,0,0,54,0,0,4738,3,0,0,0,9,0,206,0,0,0,0,12,24,0,0,0,0,0,0,36,0,0,0,22,0,5189,0
64,0,0,5,0,0,0,0,7,0,14,0,0,0,0,7800,72,1349,0,0,0,0,0,3404,306,0,151,0,0,0,36,0,149,367,6717,0,0,0
64,0,0,0,14,0,0,0,12,0,53,23,0,0,0,5119,153,994,0,0,0,0,0,5551,1358,0,228,0,0,0,35,0,213,323,4310,0,0,0
64,0,2292,0,6317,0,0,4,9,0,4,0,0,0,0,52,0,0,0,0,0,0,0,1864,0,0,0,0,0,0,0,0,0,896,1614,0,0,0
64,0,2117,0,1579,1956,0,0,7,48,4,0,0,0,0,0,0,0,0,0,0,0,0,1573,0,0,0,0,0,24,4,0,0,6,181,12,0,0
64,0,17,0,0,0,4,29,121,0,23,0,0,0,5,1536,0,7,0,0,0,0,0,12,0,0,4,0,0,0,4,3,0,5305,32015,0,0,0
65,2,8,0,0,0,0,0,140,0,39,0,0,0,148,0,0,0,1200,0,0,0,0,9127,0,0,0,0,0,0,56,0,0,1989,4013,0,0,0
65,0,10478,0,9,0,0,0,20,0,260,47,0,765,112,11,0,65,0,0,0,0,0,2252,1059,0,0,0,61,0,1812,573,0,2285,0,0,0,0
65,9,9,0,0,0,0,0,79,0,140,0,0,1763,0,4473,0,0,0,0,0,0,0,6,263,0,0,0,0,0,3308,0,0,7395,3114,0,0,0
65,0,3834,5,6,0,0,5,350,47,424,37,0,477,77,19,0,64,0,0,0,0,0,1454,3631,0,0,0,133,0,2967,325,0,4985,0,3,6,0
66,12,7,0,7,2,0,177,0,308,2660,0,0,17103,1534,84,0,0,0,0,0,0,0,0,1353,0,0,0,0,0,54,5,0,15661,0,448,0,0
69,0,16,0,7177,0,0,30,311,0,13,0,0,0,0,1036,0,0,0,0,0,0,0,4,0,0,0,0,0,0,28,0,0,0,8416,161,0,0
69,12,11203,0,5,0,0,0,17,46,176,5,0,316,0,6501,3,32,7,35,0,0,0,1315,235,0,0,0,201,0,210,0,0,146,1680,18,0,0
71,266,14,0,0,0,551,6,185,21,156,0,0,6988,0,594,0,0,0,0,0,0,998,0,291,0,0,0,18,0,552,0,0,1662,1193,20,0,0
72,0,5090,0,5785,5,0,0,83,0,425,0,0,0,0,0,0,0,0,0,0,0,0,0,0,0,0,6,0,2,6,0,0,6,3205,0,0,0
75,0,6567,6,3539,2971,142,0,32,0,0,0,0,0,0,0,0,0,0,0,0,0,0,10,0,0,0,0,0,0,0,3,9,8,521,0,0,0
86,0,10166,12,5796,4900,271,0,0,161,7,0,0,10,0,0,0,0,0,0,0,0,0,8,0,0,0,0,0,0,0,0,0,15,949,0,0,0
89,0,4,0,0,0,0,0,15,0,176,0,0,0,2256,7201,0,0,0,0,0,0,0,6,0,0,0,0,0,0,405,0,2,10075,0,0,0,0
89,874,10,0,19,2,8774,0,37,0,15,11,0,4750,2111,3989,0,0,0,0,80,0,0,0,150,0,0,0,0,0,171,0,0,3805,0,93,0,0
90,8,6081,0,1199,0,13,21,64,543,541,0,0,2,0,0,0,11,128,16,216,0,28,406,0,0,1083,0,13,0,114,0,11,971,0,95,0,0
90,0,2428,0,8125,0,0,0,0,3,57,0,0,0,0,3730,0,988,0,0,0,0,0,10,0,0,0,0,0,0,1707,3,0,759,1945,0,0,0
90,6,1718,3,25627,4,0,0,146,0,51,71,0,1995,392,29,0,0,0,0,36,0,0,9374,0,8,0,0,0,0,480,0,0,551,3240,0,0,0
91,0,1400,0,11142,0,0,0,0,0,0,0,0,0,0,0,0,0,0,0,0,0,0,1150,6,0,0,0,0,7,0,47,0,0,2622,0,0,0
91,3,3580,5,7206,3534,43,0,82,0,61,0,0,0,0,292,0,536,187,0,0,0,0,330,37,0,151,0,0,0,609,650,0,333,605,252,0,1509
91,0,0,0,11,0,0,0,0,2,1828,0,0,0,0,9758,0,7,0,0,0,0,0,0,63,0,0,0,0,0,0,0,0,0,7543,594,0,0
91,160,11650,3,8,0,0,120,0,489,313,0,0,0,0,455,0,0,0,0,0,0,0,0,296,0,0,28,0,0,1751,0,0,2238,0,457,0,0
91,8,3142,0,548,5850,0,0,5,0,33,0,0,0,0,0,0,0,0,0,0,0,0,0,0,0,0,0,0,0,59,775,0,3238,0,0,0,0
91,8,7895,4,0,0,0,0,12,2,103,0,0,273,29,3435,0,0,51,69,0,0,0,2146,155,0,0,0,466,0,111,5,0,140,1141,25,0,0
91,0,0,0,7199,1998,0,0,0,0,57,0,0,0,0,0,0,0,0,0,0,0,0,0,0,0,0,0,0,0,27,0,0,3561,3172,304,0,0
91,0,4837,0,22,0,0,12,10,234,1322,48,0,0,0,5463,0,0,5,0,0,0,0,2163,0,0,0,2,0,44,1447,155,0,611,8704,0,0,0
91,0,3245,0,7,0,0,24,0,390,1095,29,0,0,0,5246,14,0,0,0,0,0,0,4069,0,0,0,0,0,16,529,201,0,481,10467,4,0,0
91,4,24,4,8,0,0,0,11,0,18,0,0,0,0,6096,60,1661,0,0,0,0,0,2948,12,0,6,0,0,0,25,0,352,677,4649,5,0,0
91,3,11,3,39,0,0,0,18,0,30,0,0,0,0,5282,12,841,0,0,0,0,0,4738,0,0,5,0,0,0,16,0,380,426,2781,5,0,0
92,0,3429,5,1140,1767,0,0,0,16,0,0,0,0,0,26,0,85,0,0,0,0,5,0,0,0,0,18,39,5,0,68,0,0,143,0,0,0
92,27,5664,0,0,0,0,117,0,0,3181,0,0,6,0,0,2,0,0,0,0,0,0,0,0,0,0,0,0,0,61,2,0,580,2683,1696,0,0
92,2,0,0,9,0,0,0,0,0,4600,0,0,0,0,9117,0,0,0,0,0,0,0,0,376,0,0,0,0,0,4,0,0,0,6710,361,0,0
92,0,0,9,0,0,0,0,15,0,55,48,0,278,299,42,0,1402,550,0,0,144,4954,4411,364,0,0,0,0,0,310,0,89,72,2193,0,0,0
92,3049,1660,0,6,0,0,0,75,0,2092,0,0,1216,3100,356,0,0,0,0,0,0,0,0,510,0,0,0,0,0,4060,0,0,761,4102,49,0,0
92,1325,214,0,8,0,894,39,74,0,93,0,0,4145,0,2283,0,0,0,0,0,0,1433,0,486,0,0,0,30,0,364,0,0,632,2121,77,0,0
93,3,3663,9,10,0,0,0,110,0,44,848,0,0,0,1771,0,0,0,0,0,0,0,0,0,0,0,0,0,0,1041,2995,0,1654,4937,2,0,0
93,0,6579,18,0,0,0,16,36,0,390,44,0,2610,0,0,0,40,0,0,0,0,0,2456,623,0,0,0,31,0,908,1168,0,3187,0,0,0,0
93,0,6320,36,3461,0,0,0,9,0,0,182,0,59,19,7,0,208,0,0,1437,0,0,810,255,0,0,0,294,73,537,0,0,48,1538,7,0,0
93,0,3589,10,16317,0,0,0,36,0,65,19,0,0,0,72,0,27,0,0,8,0,0,141,0,0,0,7,0,0,2973,4,0,1370,1983,24,0,3359
93,0,7459,0,13,0,0,0,108,0,88,59,0,1649,0,3886,276,81,0,0,0,0,0,2800,0,608,34,2798,4651,0,1967,0,0,801,1192,105,0,0
94,16,870,12,0,0,0,0,0,0,21,0,0,176,0,5255,0,1025,1161,35,0,0,3773,0,248,0,0,5780,340,0,629,3098,788,241,0,88,0,0
94,19,11,0,0,0,0,23,0,262,446,0,0,6327,0,1766,0,0,0,0,0,0,0,9,0,0,0,0,0,0,449,3,0,13486,0,188,0,0
94,0,15,0,9782,4,0,0,0,0,24,0,0,15818,0,8816,0,0,0,0,0,0,0,10,0,0,0,0,0,0,6,3,0,0,9813,99,0,0
94,0,13789,0,0,0,0,41,210,238,65,0,0,647,0,394,0,289,0,0,0,0,0,0,0,0,0,0,0,0,60,0,0,534,4437,17,0,0
95,14,1899,2,12,0,0,0,8,0,98,0,0,255,264,9383,0,2782,1439,38,0,0,0,0,291,0,0,4,0,984,223,0,330,2579,1862,5,0,0
95,5,2261,6,13,0,0,9,30,0,65,2,0,182,357,8258,0,1757,3614,83,0,0,0,0,720,0,0,0,0,463,195,0,745,3306,2825,11,0,0
95,4,8325,11,12062,393,0,0,367,43,944,0,0,35,0,5,0,0,2,0,0,0,0,8,206,0,0,0,0,0,2131,4,0,105,8047,0,0,0
96,0,4167,5,11730,2122,0,0,0,93,18,0,0,0,0,0,0,0,0,0,0,0,0,941,0,0,0,0,0,16,80,0,0,24,610,12,0,1192
96,0,2794,4,13024,0,0,4,0,0,10,9,0,24,26,0,29,217,0,0,81,0,0,1674,292,0,0,0,0,458,51,292,18,90,788,5,0,0
96,0,4192,0,3413,0,0,0,0,0,12,17,0,34,7,6,10,601,0,0,28,0,0,2099,69,0,0,0,0,178,46,500,0,34,312,2,0,0
96,0,19603,0,6,0,0,0,95,0,60,2,0,7,5,5,0,0,0,0,0,0,0,8,0,0,0,0,0,0,0,0,0,5577,12,0,150,0
98,6,5895,8,9414,475,0,0,9,0,36,51,39,0,8,0,29,341,260,0,152,0,0,1311,1209,0,550,0,0,0,252,0,56,93,285,156,0,259
98,0,5433,3,9760,1087,0,0,0,0,29,40,18,0,0,0,0,496,66,0,20,0,0,742,82,0,492,0,0,0,597,0,31,138,347,164,10,72
99,322,1712,0,9,0,1873,7,35,0,32,0,0,10334,0,5485,0,0,0,0,0,0,761,8,711,0,0,0,88,0,344,0,0,1233,4898,135,0,0
118,0,4651,14,0,0,0,0,5,169,36,0,0,1774,0,184,0,80,0,53,0,8,0,2293,493,0,0,0,248,0,1837,1290,0,6324,633,927,11,0
119,21,5,0,0,0,1013,0,44,0,19,12,0,1963,478,9411,0,0,0,0,159,0,0,0,56,0,0,0,0,11,602,4,0,3881,0,131,0,0
119,0,1049,8,13279,4,4,0,300,0,32,158,5,1210,105,88,0,32,10,0,180,0,0,5461,0,62,177,0,107,6,518,25,0,1691,2506,9,0,0
119,0,17102,0,13244,5320,16,0,22,261,0,0,0,18,0,0,0,1838,0,0,0,0,0,16,0,0,0,8,5,27,0,5,0,27,3804,4,0,0
119,0,6456,10,8,0,0,237,38,9523,1021,0,0,0,166,11,39,0,0,0,0,0,0,0,0,0,0,0,0,0,2947,4,0,28,486,751,0,0
120,0,1722,0,9342,0,0,0,0,0,27,0,0,0,0,471,0,0,0,0,0,0,0,2826,62,0,0,0,0,11,63,22,0,52,1763,9,0,0
120,0,1345,0,10252,0,2,5,10,0,26,0,0,0,0,360,0,0,0,0,0,0,0,1379,35,0,0,3,0,20,67,13,0,42,2276,19,0,0
120,7,16,0,4,0,0,0,0,0,0,0,0,2142,3718,1674,0,0,274,0,0,0,742,1315,0,2,0,0,374,0,86,0,0,3208,3960,0,0,0
120,4,2887,0,0,0,0,0,16,0,41,75,0,0,0,406,27,205,0,0,0,0,0,3344,152,0,235,0,17,0,46,0,180,390,926,3,0,0
121,0,5779,0,18,0,0,0,9,0,8,0,0,0,2705,1049,0,0,0,0,0,0,19,20,406,6,0,0,3,0,5,3,0,702,6106,17,5,0
122,0,6101,0,0,0,12,0,0,0,81,0,0,0,0,42,0,0,699,0,348,0,0,0,0,0,0,0,0,0,539,4975,0,19,1584,79,0,0
122,3,2310,0,2691,3279,171,0,7,0,7,27,0,16,0,64,0,89,204,0,0,0,0,1330,30,0,43,0,37,72,970,304,0,12,563,8,0,2353
122,2,30,0,447,0,0,10,0,4,8,0,0,3862,5,2728,0,0,8,0,0,0,0,0,16,0,0,0,0,2,0,0,0,0,4134,369,0,8
122,0,6,0,4077,605,0,229,0,0,305,0,0,0,0,6,0,0,0,0,0,0,0,0,700,0,0,0,0,31,0,0,0,3934,3538,167,0,0
122,0,0,0,1325,416,0,15,0,24,71,0,0,0,0,1425,0,0,0,0,0,0,0,0,0,0,0,3,0,0,39,0,0,4709,416,728,39,0
122,6,215,10,6364,2,0,0,0,0,24,3,0,238,0,330,0,0,0,0,146,0,0,1614,62,0,0,0,0,22,266,123,0,62,677,0,0,0
122,9,7177,31,0,0,0,0,56,0,88,148,0,856,0,0,0,174,0,0,0,0,0,2558,1136,0,0,0,121,0,429,2058,0,2404,0,0,8,0
123,0,4214,2,5176,127,23,0,6,0,23,20,0,53,0,0,5,171,161,0,191,0,0,1519,141,0,84,0,637,0,504,0,32,9,344,111,0,174
123,31,9736,0,4,0,0,0,104,0,89,0,0,0,0,8,0,0,0,0,0,0,0,0,868,0,0,0,0,0,161,0,0,337,3286,6,0,0
123,5,5656,9,7146,205,21,3,30,0,28,0,0,32,0,0,7,99,372,0,50,0,0,965,132,0,20,0,200,0,140,0,26,17,211,240,0,544
123,136,6171,0,0,0,0,0,0,0,580,0,0,0,0,8,493,0,0,0,0,0,0,5,0,0,0,0,0,0,0,0,0,0,4427,25,0,0
123,14,476,0,0,0,0,0,0,0,214,0,0,0,16,3544,0,1464,101,22,0,0,0,6328,739,0,0,0,683,0,480,1101,14,6221,1005,0,98,0
123,5,4064,0,2,0,0,0,28,0,340,0,0,6,0,891,0,1257,0,0,0,0,0,927,0,0,0,0,0,0,874,156,0,13,10597,2395,0,0
123,0,3207,3,9823,0,0,0,25,97,12,0,0,0,88,270,0,580,192,0,0,0,0,597,0,0,0,0,66,0,556,3,0,145,1906,0,0,0
123,0,5236,0,151,4146,0,0,72,0,64,0,0,0,0,0,0,0,0,0,0,0,0,0,0,0,0,0,0,0,665,863,0,3231,0,0,0,0
123,0,0,0,0,0,0,0,109,0,191,28,0,404,298,0,0,5173,864,0,0,174,4238,3098,181,0,0,0,0,0,391,0,82,1059,1617,0,21,0
124,17,5866,0,0,0,0,36,0,110,115,0,0,0,0,52,0,0,0,0,0,0,0,9,7,0,0,0,0,0,244,4,0,214,0,80,0,0
124,24,873,0,10803,0,0,0,6,0,50,9,0,74,10,136,37,0,76,0,0,0,0,0,99,0,0,0,52,0,472,0,0,418,0,0,0,0
124,75,10,0,6,3,0,0,78,137,2297,0,0,1174,0,296,0,0,0,0,0,0,0,2176,0,0,0,0,0,0,3965,0,0,9311,12,0,0,0
124,6,3010,0,7165,0,0,0,79,0,14,0,0,0,0,0,0,0,0,0,0,0,0,73,0,0,0,0,0,0,458,0,0,116,252,0,6,0
124,3,59,0,0,0,0,0,4,0,17,208,0,17,0,384,25,1927,177,4,47,0,0,616,46,0,42,0,245,28,63,696,0,4806,784,8,0,7051
124,0,2194,0,13854,4,0,0,4,0,22,12,0,661,38,230,45,0,55,0,0,0,7,0,96,0,0,5,103,0,2469,0,0,528,0,0,0,0
125,0,3501,7,690,0,0,0,26,3,13,26,0,0,0,0,4,52,133,66,62,0,54,663,122,0,747,0,46,15,125,220,41,39,0,10,0,0
125,7,5136,0,0,0,0,17,0,270,473,0,0,0,0,3175,7,0,0,0,0,0,0,4205,0,0,0,0,0,25,1345,148,0,335,7287,6,0,0
125,0,6263,0,11,0,0,0,0,59,291,0,0,0,0,4305,0,50,4,0,0,0,0,4115,9,0,8,0,0,28,404,134,4,145,4298,0,0,0
126,0,5808,64,7,0,0,0,0,205,215,0,0,88,70,1364,56,1140,421,43,47,701,0,244,82,0,0,13737,68,35,720,250,31,22,228,707,0,0
126,0,6642,0,6423,0,0,0,7,7,6,27,0,11,0,0,30,5,95,21,190,0,0,1295,40,0,0,0,308,113,460,528,7,82,593,0,0,0
126,4,6294,0,9,0,3,0,171,13,0,0,0,3895,172,658,0,1400,0,4,0,0,4,0,395,0,0,0,0,0,729,0,0,1129,2054,56,0,0
126,0,4933,0,30,0,0,0,146,33,0,0,0,477,118,157,0,184,0,0,0,0,0,0,80,0,0,0,0,0,101,0,0,4100,10855,0,11,0
126,5,4,15,0,0,0,0,266,0,15,405,0,1018,1107,4855,0,1942,0,0,617,0,0,0,7,0,15,0,0,0,752,0,0,5181,1712,380,0,0
126,0,16697,0,7785,6535,0,3,154,352,0,0,0,4,0,0,0,0,0,0,0,0,0,8396,0,0,0,2,0,57,119,0,0,713,150,2,0,1204
126,0,4413,14,8037,2728,0,5,224,217,0,0,0,0,0,0,0,0,0,0,0,0,0,2928,0,0,0,0,0,19,60,0,0,153,45,0,0,2012
126,0,1986,0,15000,0,0,0,19,0,9,8,13,0,9,6,44,0,80,26,84,0,0,1186,73,0,0,0,50,82,116,74,0,38,365,0,0,0
127,11,0,0,0,0,0,0,0,0,3476,0,0,0,0,11496,0,0,0,0,0,0,0,0,19,0,0,0,0,0,0,0,0,166,6312,359,25,0
127,0,10335,0,3,0,0,31,0,110,687,0,0,0,0,169,0,0,0,0,0,0,0,0,0,0,0,0,0,0,19,18,0,5054,0,257,0,0
127,0,15644,0,4329,835,0,0,0,45,0,46,0,151,0,31,0,110,0,0,0,0,0,180,0,0,42,0,76,25,0,135,0,15,303,0,0,0
129,15,10425,12,5117,2673,523,0,37,11,8,0,0,8,0,0,0,0,0,0,0,0,0,12,0,0,0,0,0,0,3,0,13,76,831,2,0,0
146,143,4515,0,3,0,16,31,23,0,1258,0,0,0,0,0,0,5,0,0,3,0,0,0,1481,0,0,24,0,0,3686,0,0,95,2559,2,0,2
147,17,13085,0,5,0,0,0,95,0,0,400,0,246,284,0,0,0,0,0,0,0,0,0,390,0,0,0,0,0,662,5,0,332,1410,24,0,0
150,0,0,0,0,0,0,5,0,0,278,0,0,0,1400,2675,0,0,4,0,0,0,0,0,0,0,0,0,0,0,981,2847,0,4235,5,0,4,0
150,12,12760,12,11771,305,0,0,36,0,72,30,0,0,0,10,0,0,0,0,0,0,0,5,0,0,0,0,0,0,2229,4,24,90,939,285,0,0
151,0,10,0,17,0,0,0,0,0,7,467,25,298,0,166,36,5728,822,8,471,0,0,2762,780,15,147,0,403,270,103,3420,0,1753,1204,73,0,7750
151,0,0,0,12,0,0,0,0,0,7,509,17,46,0,10,38,4095,893,24,775,0,0,1379,1800,0,216,0,225,235,82,931,0,1997,1029,25,0,8133
152,0,3714,0,747,6019,0,0,9,75,0,0,0,0,0,845,0,0,0,0,0,0,0,1376,0,0,0,0,0,16,81,444,0,1557,0,0,0,0
152,475,302,0,0,0,5785,0,108,0,0,0,0,1463,52,2541,0,47,71,7,198,0,0,0,266,0,0,0,506,7,212,0,233,2125,0,33,0,0
152,0,4295,0,3505,2,0,69,276,4,661,70,0,5,0,44,36,0,0,0,0,0,0,191,0,0,0,0,0,0,39,0,0,15462,2419,0,29,0
152,16,4916,0,4601,0,0,16,37,0,227,0,0,0,0,771,0,0,0,0,0,0,0,72,0,0,0,0,0,0,2187,0,0,545,559,0,0,0
153,26,6185,38,0,0,0,57,546,0,310,334,0,151,0,0,0,371,11,0,0,0,0,3150,1188,0,0,4,18,0,2250,1793,0,3797,90,45,285,0
153,0,1823,0,4873,211,157,0,0,0,16,5,0,6,0,0,0,297,299,0,355,0,0,939,137,0,75,0,977,0,451,0,73,0,55,33,0,681
153,2,3451,0,0,0,0,0,0,0,92,0,0,0,0,634,3,42,0,0,0,0,0,0,0,0,0,0,0,0,167,5,0,383,2007,1151,0,0
153,19,3217,0,15808,1168,0,15,0,0,201,0,0,11,0,1145,0,41,0,0,0,0,0,0,0,0,0,0,245,0,99,610,0,3376,3246,3685,0,0
153,0,0,0,8101,2033,0,10,0,0,0,0,0,0,0,383,0,0,0,0,0,0,0,0,0,0,0,0,0,0,2,0,0,1469,3956,448,0,0
153,24,19254,0,12,0,0,15,44,0,557,0,0,0,0,571,742,0,0,0,0,0,0,15,167,0,0,0,0,0,718,0,0,5645,11,514,10,0
153,0,8,0,3810,0,0,0,66,86,261,0,0,656,314,647,0,0,0,0,0,0,0,0,0,0,0,0,0,0,0,0,0,6526,2023,0,0,0
153,12,450,0,0,0,0,0,0,0,98,0,0,0,0,3333,18,508,0,12,0,0,0,12498,321,0,0,3,91,0,2652,2677,77,830,354,61,14,0
153,3,4760,6,8790,525,285,0,2,0,64,37,0,0,0,4,0,608,522,0,216,0,0,652,203,0,161,0,1420,0,2006,0,27,13,286,16,0,1080
153,0,0,0,4369,1042,0,13,0,0,49,0,0,0,0,1273,5,0,0,0,0,0,0,0,0,0,0,0,0,0,0,0,0,4618,1328,1638,0,0
154,6,5,2,0,0,0,0,0,0,849,0,0,0,0,6,0,7,0,0,0,0,0,0,972,0,0,0,0,0,2981,0,0,0,0,0,0,0
154,7,8205,8,22004,6,0,0,18,0,0,0,0,0,37,165,0,194,78,0,0,4,0,2433,367,0,0,3,281,21,1146,721,0,1013,3171,0,0,0
154,0,4099,0,2039,1994,209,0,0,0,8,17,0,0,54,0,0,513,180,0,266,0,0,2189,22,0,36,0,101,43,90,292,0,344,0,21,0,148
154,0,10,0,16767,0,0,0,17,0,297,0,0,0,0,7222,0,0,493,0,0,0,0,7,2,0,0,0,0,0,3,0,0,9,6738,132,0,0
154,0,9307,0,0,0,0,14,141,4,122,0,0,30,0,0,0,0,0,0,0,0,0,2,4,0,0,0,0,0,1918,0,0,44,0,481,0,0
154,0,0,0,13,0,0,0,0,0,434,0,0,0,980,0,0,0,0,0,2,0,0,0,9,0,0,4,0,0,0,0,0,840,4345,219,0,0
154,0,3230,0,3207,5146,373,0,0,0,10,24,0,0,256,0,58,1102,256,0,150,0,0,1060,542,0,68,0,146,23,118,111,6,864,10,48,0,630
154,6,636,0,12298,0,0,0,0,0,38,0,0,21,6,249,74,0,85,0,0,0,0,0,47,2,0,0,102,0,219,9,0,53,97,0,0,0
154,2935,958,0,14,0,2871,0,228,0,50,0,0,2685,0,8394,136,0,0,0,0,0,2193,6,544,0,0,14,90,0,1016,0,0,2698,3385,458,0,0
154,0,4728,0,3773,0,0,0,0,0,4,0,7,0,0,122,24,453,41,2,141,0,0,516,26,0,0,0,190,229,423,258,0,8,100,0,0,11
154,2,2794,0,12911,0,0,0,0,0,5,0,0,42,16,295,31,0,25,0,0,0,0,8,21,0,0,0,85,0,1659,25,0,60,75,0,0,0
155,5,9182,41,18,0,0,0,0,0,51,150,0,46,241,9959,191,0,0,0,1621,0,0,4352,526,168,57,4585,699,67,1335,7,0,275,790,565,0,3
155,15,3495,7,0,0,0,0,7,0,38,0,0,122,0,1908,0,0,256,266,365,0,0,5438,974,0,0,0,1556,3,2893,3444,141,652,3706,74,0,0
155,0,9578,0,0,0,0,0,3,0,13,57,0,0,0,1706,98,421,0,0,0,0,0,4629,82,0,67,0,0,0,681,0,51,796,2216,0,17,0
155,0,8046,0,1880,1636,0,0,0,34,2,0,0,93,0,25,0,96,0,0,0,0,0,81,30,0,223,0,45,13,0,107,0,0,138,0,0,0
155,5,18687,0,7,4,0,17,0,0,87,0,0,6,86,4638,258,0,0,3,0,0,0,7,918,0,0,0,0,0,148,0,0,4028,9,92,0,0
155,0,9327,49,8560,0,1069,0,412,0,24,116,0,0,123,0,0,350,344,203,418,1403,62,1515,105,0,4255,0,557,25,164,231,12,58,882,3,0,0
156,3,4041,10,7,0,0,0,471,62,0,0,0,3493,23,2721,0,371,0,0,0,0,0,12,691,0,0,4,0,322,704,0,0,1540,2398,97,0,0
156,0,1180,0,4,0,0,0,48,0,0,394,0,395,269,35,10,0,391,0,0,0,82,3734,222,33,0,0,264,10,46,3451,0,212,1295,30,0,0
156,30,4,3,8,0,0,0,256,0,154,15,0,236,728,4,0,4940,276,0,0,409,11897,2054,574,0,0,6,0,0,236,0,123,241,1095,284,3,0
156,0,6522,16,7,0,0,0,208,8,13,0,0,5645,69,1961,0,206,0,0,0,0,0,0,488,0,0,0,0,869,478,0,0,1795,2106,43,0,0
157,38,4782,0,7,0,0,0,0,201,293,0,0,0,0,0,0,0,0,0,0,0,0,5,0,0,0,0,2,0,472,0,0,4543,90,0,0,0
157,5,14369,0,9772,760,0,0,525,552,28,0,0,0,0,0,0,0,0,0,0,0,0,5117,0,0,0,0,0,38,0,0,0,276,187,0,0,1019
157,0,4095,0,7194,931,0,0,594,308,0,0,0,0,0,0,0,0,0,0,0,0,0,2318,0,0,0,0,0,11,29,0,0,349,434,0,0,873
158,17,8,0,8,0,0,0,111,9,11,4,4,5410,0,126,0,0,0,0,0,0,0,5363,0,0,0,0,0,192,1300,5,0,4129,2426,0,0,0
158,0,3,0,0,0,0,0,7,0,136,0,0,0,1871,824,0,0,0,0,0,4,0,4,0,0,0,0,0,0,363,5609,0,3535,14,0,0,0
159,0,3219,0,6,0,0,0,0,0,76,0,0,80,244,5785,0,3174,0,35,0,0,0,0,5,0,0,0,0,0,1274,466,0,201,1222,162,0,0
161,20,439,12,0,0,0,3,0,0,27,282,0,259,51,1368,0,1797,1866,307,1709,49,4214,0,319,0,0,4796,1290,0,260,1253,1334,195,0,38,0,0
162,3,0,0,8,0,0,0,52,0,0,0,0,0,0,0,0,160,3,0,0,0,0,7088,0,0,0,3,0,0,278,0,0,5967,3427,61,0,0
162,7,0,3,0,0,0,0,8,0,8,0,0,0,0,0,0,828,0,0,0,0,0,15155,0,0,0,0,0,0,1385,0,0,5645,6189,37,2,0
166,8,25,16,12718,3,0,0,860,0,113,0,0,3357,467,14,0,750,135,0,1215,80,0,11297,927,16,103,0,468,3,1164,190,39,2126,5671,431,5,0
179,0,1956,0,1914,33,22,0,0,18,0,0,0,0,0,64,0,0,0,0,0,0,0,102,0,0,0,0,0,0,7,10,0,16,475,0,8,8
180,24,1281,5,10224,0,0,0,45,0,103,0,0,0,0,467,0,0,0,0,0,0,0,115,0,0,0,0,0,0,1602,3,0,188,930,0,0,0
180,0,5001,0,10542,1371,0,0,40,244,0,0,0,0,0,3,147,762,0,0,0,0,0,0,8,0,0,0,0,22,870,0,0,38,412,20,0,0
180,10,10037,0,0,5,0,0,0,0,138,0,0,0,48,612,0,455,0,0,0,0,0,3,0,0,0,0,0,0,412,62,0,4760,629,1057,0,0
181,13,15,5,5,2,0,11,0,0,34,0,0,268,93,1381,0,0,284,242,428,0,0,7695,2407,0,0,4,289,10,27,4785,256,1481,3816,70,0,0
181,0,5966,0,3562,0,0,0,0,0,16,265,0,335,0,98,226,179,34,22,0,0,0,1676,236,0,0,0,178,286,837,579,46,141,350,0,0,2
181,8,7614,5,809,0,0,0,0,0,231,192,0,273,6,49,619,137,117,136,0,0,0,3024,1064,0,0,0,10,27,329,306,140,287,1404,0,0,0
182,0,0,0,7536,534,0,0,11,0,28,0,2,9,9,0,0,0,0,0,0,0,0,0,0,0,0,0,82,10,171,0,0,1936,185,26,2,0
182,0,10374,18,7,0,0,0,0,292,95,226,0,88,146,2458,33,1324,84,58,225,2053,0,747,235,0,0,68,0,119,3124,248,115,108,590,0,0,0
182,0,3374,24,1359,0,0,0,0,0,0,2,0,79,0,0,0,6,0,0,466,0,0,382,61,0,0,0,83,16,57,0,0,15,278,0,0,0
182,0,3010,0,2834,1834,327,0,0,0,10,31,24,0,33,0,0,885,278,0,110,0,0,723,16,0,16,0,75,45,354,276,0,11,8,7,0,484
182,4,0,0,8,0,0,0,19,0,0,0,0,0,0,0,0,838,0,0,0,0,0,2677,0,0,0,0,678,2,825,0,91,7055,5292,0,0,0
183,0,3471,0,0,0,0,0,21,0,12,0,0,6,3545,6,0,17,0,2,43,0,0,0,147,0,0,0,0,0,5549,139,0,4808,2055,334,0,0
183,37,5616,6,5,0,0,7,344,0,435,0,0,803,658,2424,0,0,0,0,318,0,0,0,72,0,0,0,0,0,471,4,0,159,3823,0,0,0
183,10,1406,0,7503,0,0,0,0,0,16,0,0,222,0,247,0,0,0,0,53,0,0,419,287,0,0,2,57,7,873,0,0,128,801,8,0,0
183,0,1502,35,0,0,0,0,31,0,98,418,0,0,0,722,0,1038,67,0,0,0,0,5127,21,0,0,0,478,25,1159,2145,153,464,524,40,0,0
183,0,0,0,7,0,0,0,0,0,0,0,0,0,0,0,40,56,0,0,0,0,0,3380,1004,0,0,0,0,0,0,0,188,3437,14579,0,11,0
183,0,5,0,0,0,0,0,407,0,585,0,0,0,0,7,0,0,0,0,5,0,0,0,0,0,0,0,0,0,4536,0,0,10921,14,0,0,0
183,35,10531,13,523,2,0,0,117,0,226,93,0,0,3256,2109,467,243,13,0,563,40,0,1389,46,27,97,1982,755,86,2789,194,173,50,794,2789,0,0
183,0,406,0,12954,2,0,0,174,0,5,2569,0,45,13,0,0,1072,239,36,927,682,0,3273,119,20,143,0,193,11,549,257,41,1010,1572,0,0,0
183,0,7500,0,8735,1710,0,0,34,224,0,0,0,8,0,0,17,688,0,0,0,0,0,6,0,0,0,0,0,9,90,0,0,0,1293,0,4,0
184,0,25,0,15,0,0,0,0,0,11,176,10,175,0,1145,60,3396,581,9,115,0,0,1403,168,21,128,0,475,612,106,1449,5,3133,997,45,0,3332
184,3,1752,0,6229,4829,0,14,0,0,0,781,0,52,328,140,132,973,0,21,0,0,0,2447,124,0,0,0,252,11,579,0,35,25,79,10,0,0
184,10,1936,0,0,0,81,0,47,94,22,0,0,0,0,1405,0,28,0,351,0,0,1651,4011,31,0,0,0,0,6,340,3,0,108,1308,152,0,0
184,0,4115,39,0,0,0,0,7,0,67,5,0,0,0,315,50,1794,683,134,38,577,18,427,116,0,7,6166,114,74,113,221,36,5,1977,202,0,0
184,0,23,0,12,0,0,0,0,0,8,349,10,56,0,618,83,5170,938,14,289,5,0,2893,586,0,178,7,446,578,97,978,26,3783,1119,10,0,4500
185,4,6844,64,17,0,0,0,218,0,0,0,0,972,53,1135,0,1816,0,3,0,0,0,4790,937,0,0,2,481,16,643,0,0,196,893,30,0,0
185,3,8374,19,13,0,2,0,548,0,0,0,0,846,21,4728,0,1112,0,0,0,0,0,1292,274,0,0,0,818,39,1083,0,0,640,4260,107,0,0
185,0,63,0,18055,4,0,0,40,0,15,0,0,0,0,9621,0,0,1293,0,0,2,0,10,8,0,0,0,0,0,33,0,0,0,5600,162,0,0
186,0,8814,8,0,0,9,0,12,0,59,0,0,290,41,222,0,0,46,101,74,0,76,1666,206,0,0,0,193,12,764,3296,5,458,1281,15,0,6
186,0,6047,0,2700,899,0,0,0,21,0,17,0,39,0,38,0,70,0,0,0,0,0,154,11,0,77,0,8,8,9,138,0,0,168,0,0,3
186,0,5197,0,2691,201,0,0,12,83,8,0,0,0,137,0,0,0,0,0,0,1685,18,4758,24,0,0,0,0,28,947,0,0,167,0,127,24,6
187,0,1305,16,0,0,0,0,39,0,12,676,0,1163,285,63,0,0,227,0,9,0,549,3577,642,333,341,0,728,9,65,3290,0,290,1855,32,0,0
187,5,5333,0,4160,2182,281,0,0,0,0,46,8,0,0,0,0,150,257,0,16,0,0,1842,144,0,69,0,608,0,49,4,95,12,294,28,0,4
188,18,0,0,7,0,0,0,58,0,1555,0,0,10287,509,0,0,0,0,0,0,0,0,0,350,0,0,0,0,0,7,0,0,0,5088,46,0,0
188,0,371,6,0,0,0,0,0,0,11,59,0,21,0,54,0,927,351,71,350,8,565,643,83,0,0,2545,281,0,0,583,45,38,3,57,0,0
188,9,8512,19,10,14,0,0,137,75,2331,61,0,1252,105,6294,0,3705,0,43,267,1561,0,1833,829,0,0,4,0,0,4446,532,0,319,1671,1035,0,0
189,0,10282,0,17870,0,0,0,0,9,17,21,6,0,85,67,177,1723,429,7,462,0,0,680,20,4,0,614,767,715,1109,670,8,11,247,0,0,206
189,2,3998,38,8413,4,114,0,0,0,12,247,0,0,131,0,39,435,478,165,151,51,53,2190,48,0,1781,0,480,26,12,57,7,0,1305,6,0,0
189,0,8195,17,6089,299,0,0,240,0,46,0,0,0,0,5,0,5,0,0,0,0,0,0,0,0,0,0,0,0,114,0,0,153,2530,3,0,0
190,0,31,0,0,0,0,4,9,0,100,0,0,0,0,1047,9,0,0,0,0,0,0,8,0,2,0,22,19,0,157,2802,0,3066,0,17,0,0
194,0,14947,51,11884,0,0,0,766,0,87,0,0,0,0,7,0,0,0,0,0,0,6,0,0,0,0,0,0,0,0,3,0,0,905,0,0,0
199,5,72,0,78,41,0,0,238,15,6,14,8234,20,402,22,0,13851,156,31,0,1156,269,1017,351,0,0,0,3,0,112,0,1128,971,2760,3,0,2
209,8,1555,0,12733,1073,0,0,0,0,128,0,0,0,0,1050,0,79,0,0,0,0,0,0,0,0,0,0,0,0,238,61,0,829,1359,0,0,0
210,17,5777,0,10,0,2231,3,43,487,943,0,0,2310,27,9630,21,708,0,679,44,0,1847,5373,369,0,0,0,61,19,87,3,0,146,2459,471,0,0
210,11,0,0,3,0,0,0,0,0,28,23,367,91,108,10264,0,0,30,40,92,308,8029,0,158,0,0,0,0,36,606,879,0,206,3,810,0,0
211,0,4461,0,9324,211,0,0,7,57,28,0,0,157,0,0,0,1084,0,0,0,0,0,0,7,0,0,37,0,7,674,0,0,0,581,11,0,0
211,0,48,0,0,0,0,0,0,0,21,81,25,193,75,6305,80,1379,1729,174,611,0,0,6221,526,0,29,0,117,108,1122,4840,65,718,1071,1524,0,0
211,0,39,33,6,3,0,0,95,0,13,285,0,962,1304,217,11,23,1770,28,3392,0,0,4196,2107,0,4,0,1360,16,9,7281,786,2734,4433,5,0,0
211,63,1000,0,5,3,0,0,8,0,9,27,0,2157,358,5,4,1017,0,0,0,0,0,5808,383,0,0,0,0,0,654,1967,0,2078,1355,0,0,0
211,54,17859,0,9768,891,0,0,138,0,302,0,0,10,0,0,0,0,0,0,0,0,0,0,15,0,0,0,0,0,27,0,0,777,3578,0,0,0
211,0,83,37,7,0,0,0,19,0,12,397,52,501,824,1240,120,410,769,0,21,0,5190,3897,823,1012,188,0,453,17,315,1736,0,394,2042,20,0,0
211,12,3916,0,5,0,0,0,0,0,25,27,0,0,7,1291,41,126,0,21,0,0,0,6183,523,0,15,3,285,14,1296,0,49,1291,972,1167,6,0
212,0,6123,0,0,0,0,0,8,0,4,0,0,0,14,1112,3,1072,0,4,0,0,0,548,0,0,0,0,42,0,113,1758,0,10,526,0,0,0
213,0,1152,0,9381,0,0,0,0,53,0,0,0,0,0,18,0,440,903,184,0,0,0,579,0,0,0,4,17,0,40,35,0,266,165,10,0,0
213,0,8003,0,4689,0,0,0,0,0,57,38,0,0,0,19,262,0,309,83,15,0,0,1208,445,0,0,0,0,0,2652,129,72,0,139,356,37,0
213,0,7075,0,0,0,0,0,0,0,36,0,0,0,0,5,3,0,0,0,0,0,0,8,0,0,0,0,0,0,209,0,0,23,18544,2,0,0
213,0,863,3,6169,26,11,0,0,60,0,0,0,0,0,31,0,1880,277,80,0,0,37,983,0,0,0,6,47,0,169,178,0,874,536,5,0,0
213,0,5334,25,6,0,0,0,10,0,6,92,0,80,318,1751,264,372,34,0,356,0,0,2366,420,4,27,2461,220,31,1246,314,52,72,172,35,0,0
213,0,635,0,11151,363,40,0,0,0,22,301,8,7,61,23,0,554,733,0,28,0,1167,388,187,0,0,0,177,41,1176,105,923,25,101,112,0,0
214,4,0,0,7104,500,0,0,0,0,36,0,0,0,11,0,0,0,0,0,0,0,0,0,9,0,0,0,55,0,188,0,0,1852,164,36,0,0
214,0,24,0,4327,0,0,0,44,0,8,839,0,54,0,0,24,604,63,0,105,123,0,980,68,0,50,0,132,6,187,112,4,248,525,4,0,0
214,0,7221,0,10905,230,0,0,47,570,41,0,6,209,143,225,0,0,106,0,0,8659,335,1718,76,0,0,0,0,14,1391,0,0,98,60,301,18,0
214,0,9200,0,6,0,0,53,0,511,336,0,0,1040,2517,9,0,0,0,0,0,0,0,4,71,0,0,0,0,0,3090,0,0,133,693,165,0,0
214,4,5413,5,0,0,0,0,195,3,33,149,6,613,1278,703,138,211,39,0,0,0,0,0,197,0,0,0,43,0,1681,0,0,1125,1619,36,0,0
214,4,451,0,6,0,0,0,0,0,27,127,0,0,58,1921,0,2228,138,99,231,57,0,13994,906,0,0,0,489,0,613,835,259,605,239,702,0,0
214,0,3370,0,16,2,0,131,1755,0,79,0,0,12,0,0,0,14,0,0,0,0,0,7,2,0,0,0,0,0,82,0,0,7574,0,0,2424,0
214,0,1779,5,7244,0,0,0,0,0,26,0,0,46,115,144,0,351,260,0,19,0,0,94,19,0,0,0,171,16,479,2651,0,220,702,0,0,0
214,0,26,0,17,0,0,424,0,0,79,0,0,2830,5395,0,0,18025,0,0,9,0,0,4,0,0,0,0,0,0,5,0,0,9,12,257,0,0
214,0,5228,4,4172,6,91,0,7,0,0,59,10,29,63,0,14,262,179,196,51,2446,26,1745,62,0,538,6,72,55,15,114,6,11,975,139,0,0
215,0,6,3,4,0,0,0,69,5,0,50,1417,59,271,0,0,2410,259,32,0,1454,325,269,118,0,0,0,0,525,180,0,150,399,571,3,0,0
215,5,11742,0,469,0,0,0,0,0,426,0,0,73,167,0,0,0,0,0,339,0,18,535,0,0,0,0,0,0,973,48,0,263,3326,758,0,0
215,0,3904,0,2533,200,0,0,143,135,5,0,0,0,0,0,0,0,0,0,0,0,0,1362,0,0,0,0,0,0,5,0,0,69,39,0,0,282
215,0,3018,25,0,0,0,0,52,0,32,616,0,1455,376,5660,42,360,0,62,0,0,0,1403,744,0,0,0,23,0,2639,832,0,2663,36,0,17,23
215,7,4742,0,2,0,0,0,126,0,298,0,0,10,0,0,0,0,0,0,0,0,0,9,6,0,0,0,0,0,1893,32,0,5,1177,5,0,0
216,0,2522,0,2911,1767,321,0,0,0,4,17,9,0,0,13,9,1014,218,0,73,0,0,446,122,0,18,0,87,93,26,202,5,60,36,0,0,431
216,0,5524,0,9740,288,47,0,8,50,0,7,0,23,64,56,0,0,0,0,0,8,0,695,0,0,0,0,0,10,233,349,0,114,722,0,0,811
216,0,0,0,0,0,0,0,10,0,2,0,0,0,0,0,0,174,0,0,0,0,0,5134,0,0,0,0,221,6,449,0,19,1195,1651,3,0,0
217,0,1721,9,12182,0,0,0,0,0,0,16,9,0,0,102,49,263,817,20,552,0,0,358,43,0,0,1743,216,209,614,443,0,0,123,10,0,17
217,0,9999,0,10,0,0,132,0,1033,5994,0,0,0,0,2103,0,0,0,0,0,0,0,7,25,0,0,0,0,0,2129,86,0,4608,0,1094,8,0
219,8,407,4,9083,0,0,0,0,0,100,0,0,145,0,1848,0,0,0,0,0,0,0,986,80,0,0,0,0,23,396,0,0,36,722,0,0,0
219,0,569,0,11664,0,0,34,0,0,121,0,0,90,0,5053,0,0,0,0,0,0,0,5,0,0,0,0,0,0,0,0,0,7508,1176,0,0,0
221,0,4504,26,0,0,0,0,69,0,2246,0,0,31,238,593,0,2016,144,0,0,0,0,2953,446,0,0,0,1067,31,974,1039,0,140,1107,52,20,0
222,0,7444,6,4447,2735,0,0,0,64,11,197,0,5,0,13,0,312,0,0,0,0,0,302,209,0,188,0,88,17,22,200,4,32,812,0,0,3527
230,0,7186,0,8225,231,0,0,19,205,147,0,0,72,0,188,0,511,0,0,0,0,0,0,8,0,0,227,0,9,1153,0,0,5,608,22,0,0
232,0,10896,0,14976,614,5,0,0,233,113,0,31,729,374,3323,0,23,495,0,0,10054,986,4391,87,0,5,0,99,8,1961,263,342,598,1014,998,0,22
236,0,1060,0,4426,4189,0,0,5,175,39,0,0,91,0,16,0,25,45,0,0,0,0,0,0,0,0,29,0,0,30,0,0,166,6045,0,0,0
236,0,1222,5,12520,4416,0,0,34,170,77,0,0,154,0,61,14,17,223,0,0,0,0,0,0,0,3,33,0,0,36,0,0,27,4187,0,0,0
238,0,10329,6,2720,0,0,0,7,0,0,0,0,21,15,176,0,44,0,0,881,0,0,1280,166,0,0,0,0,40,1316,320,0,138,5054,0,0,0
239,8,3096,0,19,0,87,0,30,324,11,0,0,121,29,1407,0,1022,0,641,73,0,604,10352,104,0,0,2497,6,69,491,4,0,33,1218,889,0,0
240,0,3090,5,27428,8424,9,0,39,0,144,0,0,206,0,117,20,2575,461,11,55,0,5,599,66,0,0,339,100,25,2302,156,30,706,24956,13,0,0
240,0,3118,3,7875,5386,0,0,6,0,11,0,0,231,0,29,21,50,113,0,0,0,0,0,3,0,0,119,0,9,131,2,0,154,4896,0,3,0
240,32,1104,0,0,0,0,0,7,0,0,0,0,168,218,599,0,384,0,0,478,0,0,5155,493,0,0,0,0,0,730,6281,56,1762,1268,0,0,0
242,12,14461,0,693,0,0,0,16,0,143,0,0,11,0,0,227,0,0,0,0,0,0,9,0,0,0,0,0,0,26,0,0,0,4440,17,4,0
243,0,9153,15,2570,0,0,0,10,14,14,110,0,41,15,0,0,80,0,0,629,86,0,675,181,0,0,0,190,55,159,0,0,26,529,0,0,0
243,0,625,77,199,16,0,0,5,0,28,77,40,529,181,882,111,4426,1299,1148,2190,0,20,1379,1464,283,50,19,1360,263,673,11026,885,2310,4047,27,10,0
243,0,4358,0,0,0,0,0,0,10,376,8,0,57,112,2897,90,7197,0,29,0,0,0,6,73,0,0,0,0,19,3772,1076,0,445,1951,1077,0,0
243,0,1091,0,11223,0,33,36,0,0,1080,120,0,0,0,55,0,0,0,0,0,0,0,3794,115,0,0,0,0,118,1717,23,30,1326,2132,0,94,0
243,0,5617,4,5,0,0,0,26,0,0,0,0,49,46,667,15,0,0,19,570,0,0,2198,156,0,0,0,563,13,1043,297,242,199,890,327,10,0
243,4,1227,16,10079,0,0,0,0,7,43,0,0,44,68,868,89,621,510,0,274,0,0,286,17,0,0,0,266,23,889,1512,50,1806,1166,0,0,0
243,0,13265,0,5,0,0,0,57,42,226,0,0,0,29,216,0,0,0,0,0,0,0,0,10,0,0,0,0,0,392,0,0,799,1592,11,0,0
243,0,16,0,13458,0,0,0,47,0,160,25,0,8,16,4,0,2922,10,0,45,0,0,2235,1410,2,0,0,277,0,603,2850,253,573,2056,395,0,0
243,0,0,0,2,0,0,0,34,2,7,13,0,0,0,0,0,324,2,0,0,0,0,6374,0,0,0,0,355,34,574,0,85,3034,5039,62,0,0
244,0,7120,0,42968,2989,6,0,127,465,919,0,0,469,120,1780,11,186,0,0,0,0,1681,17,196,0,0,4,264,77,3207,5,0,384,7703,191,0,4
244,0,2619,2,0,8,0,0,20,0,20,41,0,166,291,1526,12,4,8,17,0,0,0,1567,107,0,0,0,103,0,578,385,0,365,563,0,0,0
244,0,121,12,11,0,0,0,9,0,0,351,4,202,676,419,1320,1601,999,78,239,0,0,3512,1166,0,403,3,152,425,93,1399,41,1957,559,21,0,307
244,0,8276,0,7213,3170,0,0,0,47,0,82,0,0,0,38,0,139,0,0,0,0,0,377,131,0,110,0,35,8,97,770,2,12,723,0,0,692
244,0,9969,0,5588,0,0,0,13,16,14,0,0,192,84,745,0,28,0,0,47,0,0,1894,96,0,0,0,0,19,1322,73,0,62,1773,155,0,0
244,0,2399,11,4998,8438,174,0,0,0,0,351,23,0,105,5,17,1092,842,212,163,728,22,2552,84,0,729,0,245,278,21,542,32,0,83,5,0,1807
244,14,3204,0,0,0,0,0,0,0,895,0,0,11,0,3168,0,0,0,9,0,0,0,193,22,0,0,0,0,0,2180,231,0,0,981,1347,0,0
244,0,5,2,11,0,0,0,8,0,0,189,70,508,165,1614,1895,2693,403,22,44,0,0,2077,166,45,181,0,272,163,276,1360,6,2296,447,43,0,63
245,0,3723,11,5202,0,804,0,0,0,5,28,0,10,4,0,250,273,52,0,78,0,0,883,220,98,8,2050,592,89,873,439,161,21,25,20,0,450
245,0,863,0,5,0,0,31,248,271,3274,0,72,712,0,1492,0,0,0,0,0,0,50,5838,349,0,0,0,45,0,698,0,558,0,8172,79,0,0
245,0,7901,0,7,0,0,0,115,63,150,14,0,140,469,1540,0,49,0,0,254,705,0,3052,454,0,0,0,0,9,604,27,41,359,1532,49,4,0
245,0,1730,6,12981,0,0,0,0,0,18,59,8,0,0,10,49,1187,536,50,111,0,0,278,59,2,3,3716,284,187,771,143,8,8,28,57,0,7
245,0,1263,7,18399,3,0,0,0,39,45,0,0,0,0,46,0,41,1026,91,0,0,0,552,10,0,71,503,62,0,16,79,0,33,502,49,0,0
245,9,1363,0,15519,0,0,0,0,11,16,0,0,0,0,45,0,925,1417,57,0,0,0,1728,0,0,236,2047,166,0,70,266,0,40,1022,299,0,0
245,0,4851,0,0,0,0,0,0,90,310,0,0,552,419,4280,0,782,0,0,0,0,4,0,31,0,0,0,0,0,2646,870,0,4,972,15,0,0
246,0,3871,0,6582,581,0,0,0,77,5,0,3,30,41,558,0,274,228,230,0,4200,113,229,29,0,0,0,3,5,824,72,26,384,186,197,0,0
246,0,3463,0,6976,2659,0,0,0,112,12,0,0,0,0,39,0,51,0,0,0,0,324,5,0,0,0,0,24,0,4043,1658,0,307,449,13,2,0
246,3,3149,3,0,0,0,0,0,0,49,21,0,53,53,263,0,395,252,6,107,543,0,1832,283,0,0,2912,27,0,1204,133,6,43,188,16,0,30
246,10,6286,0,3071,3,2,0,9,719,1416,0,0,16,169,1922,0,0,1857,0,0,0,0,1108,23,0,0,0,21,0,2075,3,0,25,680,406,0,0
247,9,600,16,8,0,0,0,17,0,24,337,47,261,263,0,516,388,214,0,27,451,2153,2927,435,1633,258,0,918,88,291,1564,0,220,1132,10,0,0
247,0,3421,0,4707,766,5,0,0,0,0,10,0,0,29,279,26,664,105,0,248,0,0,2513,31,0,0,2301,11,4,194,205,8,106,10,24,0,15
247,0,3323,0,2765,157,33,0,0,41,0,0,0,17,17,21,0,0,0,0,0,98,0,150,0,0,0,5,0,4,148,136,0,34,89,3,0,158
249,0,2050,0,5834,3,0,0,0,103,18,0,0,48,71,749,0,503,220,0,0,0,0,688,0,0,0,0,23,0,359,0,0,9,1824,0,0,4
249,0,3824,0,0,0,12,0,87,0,776,0,0,345,47,1771,0,567,315,0,0,0,0,504,714,0,0,0,156,0,1023,1132,0,117,711,144,0,41
250,0,5130,0,5311,425,526,0,8,0,4,45,4,7,0,0,29,141,464,0,246,0,0,1124,81,0,120,0,357,0,27,119,47,30,16,0,0,0
250,0,16022,3,4541,81,0,0,66,570,204,72,0,61,1189,0,22,0,13,19,0,0,6,1119,265,0,3,0,0,0,2134,10,0,37,8219,16,0,0
253,0,6200,39,52,0,0,0,491,0,57,20,4783,228,1405,29,0,7872,1662,105,0,1580,699,938,877,0,0,7,0,3722,61,0,657,246,9268,0,0,3
257,0,9,0,5,0,5,27,16,58,174,0,0,2485,91,6248,5,559,0,14,0,0,0,1059,14,0,0,0,0,9,31,0,0,5513,11,0,7,11
258,0,3992,2,8293,0,0,0,186,0,26,89,0,470,0,0,49,0,0,0,0,0,4,4,151,0,0,0,0,126,58,0,0,14,1163,0,0,0
266,0,4077,0,0,0,0,135,0,0,389,33,0,166,3329,0,0,0,0,0,0,0,0,0,1422,0,0,0,0,0,881,0,0,0,90,4,189,0
266,14,89,0,7,0,0,0,4,2,12,0,0,4499,5918,145,0,0,0,0,0,0,0,4003,198,0,0,2,0,0,280,277,0,7702,1975,0,0,0
272,3,1751,0,9670,541,0,0,32,16,61,0,0,0,0,47,3,11,153,0,0,0,0,0,20,0,42,0,7,17,780,558,0,285,582,5,0,0
272,0,2627,7,9417,515,0,0,17,13,74,0,0,0,6,74,0,11,55,0,0,0,12,0,0,0,15,0,5,14,1842,693,0,360,750,0,0,0
272,0,814,0,2506,0,0,0,0,7,0,77,0,0,15,7,8,170,9,12,8,222,15,37,5,0,6,881,16,0,82,22,7,39,15,0,0,0
272,0,27,0,6949,475,324,0,0,0,66,199,29,0,0,6,0,800,122,125,55,586,468,529,84,0,37,0,70,85,157,403,592,18,12,58,0,474
272,0,2771,0,4649,560,0,0,0,0,7,0,0,0,0,0,31,265,148,109,0,0,0,112,5,0,0,1306,0,4,250,175,0,5,428,0,0,0
272,152,13998,0,14,4,0,0,81,0,1111,0,0,0,25,16,0,5,0,0,0,0,0,0,13,0,0,0,0,0,6445,5,0,0,3812,137,30,0
272,0,2661,0,9260,1381,2,0,10,15,45,0,0,0,0,0,141,184,735,598,0,0,0,142,31,0,0,1330,0,6,280,138,0,0,239,18,0,0
273,0,2280,4,0,0,0,6,87,59,164,0,0,528,517,831,0,30,62,36,0,1885,0,1022,280,0,0,17,18,0,2699,875,0,21,1771,44,0,0
273,0,1451,0,0,0,0,0,0,11,21,4661,0,785,270,1214,73,1159,0,31,0,0,31,5,34,0,0,0,50,16,513,557,0,46,668,273,0,0
273,4,1606,29,2767,2,0,0,0,0,0,92,0,36,21,0,0,42,0,0,578,160,0,1306,87,0,0,0,65,34,205,0,0,13,199,18,0,0
273,117,13900,15,2589,1125,0,4,67,709,939,0,0,274,0,114,0,0,23,19,0,0,8,6061,6,0,84,0,0,0,587,40,1430,35,1383,0,0,0
273,0,11,0,5676,0,0,0,24,0,6,37,0,172,7,99,0,1200,0,0,120,0,0,558,135,0,15,0,73,0,100,77,0,1132,202,22,5,0
273,36,148,0,0,0,0,0,0,31,3511,0,0,0,197,2018,0,984,6,0,8,0,0,2506,35,0,0,0,0,0,532,661,0,25,1528,786,0,0
273,0,10243,7,6,0,2,0,0,219,36,0,0,42,0,2589,0,383,184,89,0,1006,189,1264,28,0,0,271,0,40,380,0,0,0,405,588,0,0
274,0,106,7,6888,0,0,0,55,0,11,20,14,0,0,0,0,1682,475,16,0,0,989,86,34,0,0,0,0,41,135,0,12,38,473,9,0,0
274,0,12,0,18,0,0,0,0,0,6,213,7,71,24,5522,149,1930,633,104,130,0,0,2301,67,0,191,0,305,181,311,1674,43,1400,964,32,0,17
274,0,3073,0,0,0,0,0,49,10,0,0,0,179,84,596,0,0,0,0,0,0,0,0,128,0,0,0,0,0,149,0,13,35,1125,45,0,0
274,14,65,24,15,0,0,0,0,0,23,705,4,83,0,3757,461,1059,3270,377,642,0,0,6396,368,0,283,0,356,497,285,1868,72,621,480,31,0,17
274,0,2659,0,6667,0,0,0,0,0,213,35,0,0,0,417,0,351,0,0,203,0,0,1462,71,0,0,0,0,0,762,292,135,0,343,42,28,0
275,0,1431,4,6736,0,0,0,0,0,154,45,11,0,1144,0,13,260,289,21,52,0,694,328,193,0,0,3656,92,88,225,313,7,0,7,13,0,32
275,0,3994,5,14794,0,0,0,20,26,55,0,0,25,57,15,0,359,4,161,257,390,0,901,270,0,0,0,45,8,314,265,191,65,226,176,0,405
275,0,171,0,8025,0,0,0,0,0,129,37,18,0,1054,0,28,160,480,23,61,0,640,278,242,0,22,1724,67,37,24,180,12,0,4,12,0,37
275,0,594,41,3,0,0,0,0,0,0,108,0,35,73,196,36,2231,421,1115,359,0,0,1588,590,44,47,0,486,112,278,996,371,1459,1882,31,6,0
275,0,3418,7,0,2,3280,0,0,0,0,0,0,37,227,173,82,1337,165,16,166,0,0,1118,49,0,280,3981,219,0,883,377,26,19,107,12,0,414
275,0,3910,0,4585,0,0,0,15,0,23,0,0,0,0,305,0,303,0,25,96,364,0,469,20,0,0,0,28,2,446,311,98,82,249,77,0,146
276,0,1019,0,12232,0,0,0,4,0,45,211,0,23,15,4,338,1071,457,381,83,468,51,502,241,0,2042,1671,665,2,89,239,35,0,29,28,0,4776
276,0,6411,0,3736,897,0,0,0,28,0,113,0,7,4,8,59,160,19,17,0,0,0,939,56,0,164,0,141,15,87,63,9,32,794,0,0,191
276,4,1434,38,56,8,0,0,34,0,110,519,19,235,576,8,488,987,453,0,24,1541,4014,3253,540,1206,94,139,651,58,1019,2167,13,305,634,119,0,0
276,0,0,3,0,0,0,0,24,0,0,15,0,0,44,3,0,524,0,0,0,0,0,2162,9,0,4,0,77,0,281,0,60,3544,5016,76,0,0
276,0,1795,5,10150,0,0,0,0,0,52,221,3,87,28,0,432,1225,284,131,301,464,44,2794,77,0,1853,1667,350,0,48,626,37,0,22,18,0,1763
276,13,5112,6,8258,2,0,0,67,0,13,86,0,11,25,175,0,213,646,90,113,0,0,320,103,0,0,0,129,57,58,227,157,70,387,5,0,0
276,0,7649,5,6313,0,1100,0,0,0,100,22,253,4,60,29,95,254,43,0,375,0,1220,1114,244,28,37,1769,536,96,1255,540,83,19,7,4,0,405
276,0,6420,0,7937,0,0,0,13,0,53,200,0,0,0,222,0,112,84,5,123,0,3,795,47,0,0,0,349,26,364,722,57,100,457,9,0,0
277,3,4927,0,1680,0,0,0,0,0,112,0,28,133,496,481,126,285,146,32,907,1855,0,4115,237,0,0,0,59,0,605,368,219,58,745,390,67,25
277,26,2329,5,6,0,0,0,32,0,211,0,0,109,0,4748,211,239,1665,0,0,0,0,921,540,0,0,0,12,0,1079,71,0,386,351,556,79,0
277,0,1571,0,8683,97,0,0,27,6,373,0,0,0,0,628,0,425,0,0,0,0,0,0,61,0,0,0,3,0,250,0,0,223,1803,18,0,4360
277,0,1587,5,5288,3652,289,0,0,0,16,26,8,0,59,140,15,819,302,123,204,0,0,1726,70,0,14,1891,88,40,51,246,14,0,12,32,0,475
278,0,4825,0,6,3,0,0,0,5,36,1402,0,131,216,7357,0,5258,0,11,512,0,0,11,151,0,0,0,0,0,2943,2275,0,14,905,2,0,0
278,0,3444,0,5267,72,0,0,0,28,6,0,8,346,132,20,0,492,63,98,0,6383,37,194,95,0,7,366,25,11,162,68,38,1309,98,110,0,0
278,0,1126,0,9088,585,290,0,0,0,33,43,54,13,0,14,41,349,166,315,24,574,149,232,117,0,16,58,614,0,20,68,8,5,22,46,0,0
278,2,253,66,11,0,0,0,0,17,204,48,96,302,151,271,56,2379,4629,224,1209,0,0,3825,4069,143,39,0,923,230,33,2906,770,645,2980,0,0,3
280,12,2515,0,22,0,0,0,46,0,0,0,0,140,53,80,0,172,0,0,530,0,0,4155,193,0,0,0,37,19,301,4983,187,68,449,0,0,0
282,0,262,0,2090,1356,69,0,12,0,9,187,6,0,69,60,0,851,87,82,92,1102,57,675,14,0,135,2,173,23,14,124,0,31,456,10,0,83
284,0,7581,0,6,0,27,0,6,0,0,0,0,0,676,0,0,0,1153,0,182,0,0,6882,38,0,0,0,0,0,702,11957,0,321,556,136,0,0
289,2,289,26,10,5,0,0,0,0,5,46,3,19,55,3,0,789,223,91,446,0,0,559,236,82,29,0,370,103,11,1151,139,562,437,0,0,0
289,31,677,88,29,0,0,0,12,0,33,592,14,191,1068,25,60,4889,3337,1280,1963,0,0,4566,3828,208,117,0,1003,400,27,4190,1439,2010,2078,4,0,0
294,0,225,0,0,0,0,0,8,0,0,0,0,8,3507,0,0,7,0,0,0,5,0,394,197,0,0,0,0,0,518,949,0,7701,48,0,0,0
300,0,637,0,0,11306,2,11,9,0,6,0,0,49,159,597,0,232,0,0,0,0,0,0,0,0,0,0,0,0,8,2,0,2079,1559,29,0,7
303,3,2265,15,0,0,0,0,0,0,139,153,0,8,407,0,180,117,527,0,0,3178,2902,2344,112,567,0,0,255,26,1490,2047,221,122,455,49,0,0
303,0,4145,11,13872,0,0,0,30,17,16,114,0,50,146,5,22,1365,41,103,101,2903,104,227,66,18,51,6686,147,202,173,580,42,62,233,10,10,0
303,11,3648,0,0,0,0,0,204,0,3,0,2,222,450,957,0,385,0,0,2013,0,0,5537,331,0,6,0,468,19,951,4507,600,466,271,0,0,0
303,7,3475,0,9361,0,0,0,7,6,8,120,3,14,11,0,25,937,553,303,252,0,2999,555,68,0,0,2,334,35,426,529,237,632,260,203,3,0
303,0,415,30,5354,0,0,0,0,0,29,142,0,9,127,31,0,1629,469,226,712,525,3854,645,66,0,23,5741,332,0,80,1224,39,182,8,416,0,0
304,0,4287,0,2361,877,0,0,10,73,26,0,0,11,27,143,16,11,13,0,316,0,55,0,0,0,68,0,23,24,857,433,0,158,661,0,5,0
304,5,930,0,11941,1427,0,0,0,0,306,122,0,17,0,0,1474,1316,225,365,257,0,24,1934,159,0,1392,1181,1001,120,5,779,38,347,103,0,0,478
304,0,3540,50,5975,0,0,0,0,10,176,171,61,58,50,0,0,255,61,0,945,238,0,1567,39,0,172,0,360,29,447,0,0,20,585,0,0,0
304,0,1762,0,6265,0,662,0,0,0,30,26,618,0,0,9,45,128,112,21,119,0,1839,51,56,33,19,3369,305,67,485,332,145,7,6,32,0,0
305,0,8006,0,778,18543,2,0,12,0,48,0,0,0,0,10,0,6,0,0,0,0,0,0,0,0,0,0,0,0,232,289,0,8491,0,0,23,0
305,0,3616,0,8496,0,0,0,0,0,197,69,0,0,0,274,58,2674,47,14,174,559,0,209,228,0,0,0,236,143,747,297,14,0,26,0,0,0
305,2,15173,0,2861,48,0,18,211,0,946,0,0,0,0,8,0,3,0,0,0,0,0,10,0,0,0,2,0,0,15,0,0,1482,3333,55,12,0
305,0,2982,0,0,0,1311,0,0,5,0,53,0,27,20,0,190,1633,648,251,416,250,0,954,118,3,386,2442,145,0,232,719,10,9,14,0,0,1335
305,0,3345,0,8978,1063,747,0,17,0,204,75,9,11,0,24,176,556,696,1019,35,35,254,309,231,0,20,1684,225,316,0,69,17,0,0,19,0,0
305,0,2009,0,10162,983,504,0,0,0,224,33,15,15,0,5,120,454,351,337,32,38,428,206,31,0,25,2558,823,49,0,243,27,0,4,4,0,2
305,0,2905,10,3288,0,0,0,0,0,358,14,0,14,160,230,333,2451,221,0,0,2028,0,698,148,0,45,0,216,4,499,828,126,84,81,345,0,0
305,2,2400,0,4098,481,74,0,0,12,13,0,0,0,0,0,47,144,106,185,0,0,0,244,12,0,0,666,0,117,25,143,4,0,50,8,0,455
306,0,579,0,9214,0,0,0,0,0,0,6,4,4,0,0,18,1027,397,30,108,67,33,244,64,0,15,2974,206,98,306,42,8,143,122,0,0,873
306,0,987,3,6675,0,0,0,0,0,3,6,0,0,0,0,13,811,161,5,132,21,46,236,59,0,0,5444,130,60,174,28,0,63,64,0,0,641
306,0,0,0,0,0,0,0,0,0,22,251,0,10,65,3208,38,1738,871,72,458,0,0,4000,870,0,38,0,216,218,106,813,73,128,1300,66,0,0
306,12,664,6,6947,8146,0,0,0,0,20,307,3,0,46,73,48,3059,2329,305,297,0,1109,474,446,9,283,5946,807,261,10,1279,7,0,69,46,0,0
306,0,22,37,7,0,0,0,0,0,0,40,163,50,470,244,18,3231,253,35,1133,0,0,1086,374,132,113,0,548,445,40,1017,956,24,590,3,3,0
306,0,4,0,0,0,0,0,0,0,10,97,0,23,80,6122,18,833,593,50,277,0,5,5595,617,11,40,4,210,162,33,1472,46,92,729,121,0,0
307,3,3260,0,8,0,0,0,0,14,73,13,0,997,459,307,0,302,187,105,0,3697,0,2935,606,0,0,8505,91,19,1102,1116,0,231,524,260,0,0
307,0,1949,0,4811,9,0,0,0,8,8,9,0,10,6,12,0,531,0,18,29,956,0,517,12,0,0,0,46,6,320,496,29,41,72,31,0,984
307,0,3245,0,8196,1137,0,0,10,93,76,81,0,0,8,0,51,262,23,95,13,217,0,246,82,0,230,4,272,36,1409,19,11,0,1291,0,0,1729
307,0,6256,0,6063,840,2,0,0,88,28,114,0,6,0,0,50,227,9,134,17,929,3,431,17,0,199,0,205,53,911,67,9,0,499,3,0,1502
307,0,376,7,13383,0,0,0,29,0,9,707,128,56,19,0,0,1735,512,21,0,0,1335,48,60,0,0,0,0,194,93,170,48,0,180,48,0,0
307,0,2138,0,7940,0,0,0,7,29,253,0,0,0,0,1012,0,881,0,0,66,0,0,4,66,0,0,529,0,0,716,0,0,38,1096,52,0,113
308,0,3,0,7,0,0,0,9,0,0,0,0,0,173,120,0,186,0,0,0,0,0,4393,547,0,0,0,35,9,454,0,210,2400,7251,174,0,0
308,88,10,0,6,0,0,385,10,0,441,0,0,0,0,1227,0,0,0,0,0,0,0,0,0,0,0,0,0,0,2512,0,0,7635,11,2952,0,0
308,3,3891,0,2105,74,0,0,0,892,238,11,0,31,605,9,3,18,77,44,352,34,562,434,38,0,109,172,12,4,1550,76,8,0,611,117,0,114
308,0,17,0,5404,0,0,0,9,0,70,65,0,0,0,13,0,727,0,10,78,0,0,668,50,0,17,0,86,0,142,151,0,230,790,0,4,0
310,0,2860,0,6128,413,0,0,7,0,20,24,325,91,386,0,0,1003,178,97,0,2679,1018,527,161,8,170,1325,49,9,283,730,19,24,0,284,0,5
310,0,118,0,12305,872,1788,0,0,11,112,120,10,0,40,0,21,845,246,151,0,488,990,210,47,35,208,0,417,728,363,192,291,177,6,7,0,224
310,0,2296,0,14780,1098,5,0,0,0,26,58,236,101,404,0,0,1194,324,208,0,4964,1847,536,275,18,258,2422,209,11,743,698,18,66,0,434,0,0
310,0,2650,0,4236,1578,441,0,0,0,0,32,7,0,43,0,12,318,244,52,287,30,0,533,104,0,67,2174,139,96,18,176,0,0,0,24,0,80
310,0,1401,0,4917,1869,370,0,0,0,0,9,0,0,100,0,4,113,134,323,37,115,0,172,258,0,83,1686,75,103,7,32,5,0,0,98,0,67
312,0,3390,0,6132,623,109,0,4,0,11,117,10,10,0,4,19,1067,53,190,73,785,377,399,52,0,956,0,470,58,16,142,14,158,47,20,0,136
312,3,676,0,11870,5,0,0,0,0,0,3,8,0,0,0,57,1016,201,19,214,8,8,440,29,9,13,4386,271,185,684,22,10,7,14,5,0,57
312,0,1178,16,7383,0,0,0,0,0,0,8,6,0,0,0,23,622,170,8,441,77,16,558,20,0,4,5643,188,211,653,65,25,0,4,0,0,23
315,0,3878,2,11,0,1382,0,12,0,14,4,0,0,24,1309,823,0,2136,0,618,0,0,2831,245,0,0,3,0,0,3140,3490,0,2495,1269,0,0,0
332,0,3085,9,8461,0,1418,0,0,0,19,26,584,12,0,7,45,209,337,546,322,0,2178,122,43,46,100,7013,877,176,417,254,238,0,8,21,0,17
333,0,1899,5,8433,0,0,0,4,0,12,32,0,0,0,0,10,883,489,113,20,436,0,159,34,33,1248,7377,77,145,11,136,13,32,0,28,0,0
333,0,5960,4,9233,11,19,0,0,1897,802,14,607,96,95,70,46,2155,493,138,84,2403,812,168,42,0,51,803,370,871,1094,452,26,141,161,746,0,0
334,0,0,0,0,0,0,0,55,0,0,0,0,0,15,125,0,643,0,0,0,0,0,4893,375,0,0,0,135,11,955,0,224,3475,3062,43,0,0
334,0,1097,3,3446,1487,0,0,0,21,34,0,11,0,55,0,73,439,148,69,0,347,0,114,54,3,78,1233,198,665,25,16,8,0,695,0,0,989
334,0,6850,14,13244,4545,0,0,0,11,71,13,56,0,51,5,201,3718,199,369,6,968,0,1019,57,4,539,3871,801,1549,31,447,68,0,3825,0,3,4680
334,0,2131,0,3393,0,0,0,0,0,17,116,0,5,103,0,0,1086,167,67,21,811,118,377,115,0,573,1240,23,0,24,418,28,0,91,63,0,0
334,0,1094,0,12600,537,670,0,0,0,15,88,55,0,40,9,81,951,323,290,0,494,2580,66,8,9,28,2537,477,108,22,7,6,0,0,53,0,0
334,0,1611,0,6995,304,315,0,0,0,10,58,47,0,86,9,55,709,161,281,9,534,3121,55,20,14,11,2580,174,74,0,23,5,0,0,29,0,0
334,0,2008,0,6029,0,0,0,0,0,365,0,464,0,62,49,17,1281,126,0,56,825,0,106,27,0,44,0,217,509,242,197,6,29,12,107,0,0
334,0,1471,0,11849,17,0,0,0,0,18,0,0,0,565,147,0,3058,6,0,138,10,0,97,111,0,0,8545,2,39,2056,272,0,36,112,1596,0,20
334,0,862,0,15681,0,0,0,0,0,17,0,0,0,947,182,0,3440,0,0,340,13,0,110,65,0,0,9077,0,50,6241,304,0,159,249,1528,0,22
334,0,8714,0,4,0,0,0,101,8,58,470,2,0,65,1382,7,0,1100,19,902,0,0,10436,87,0,0,0,541,0,181,563,20,482,447,46,0,0
335,0,42,15,7294,0,0,0,121,0,5,7,70,23,36,0,0,3189,2106,17,174,41,613,53,104,0,19,0,42,201,0,244,147,10,195,0,0,0
335,0,169,6,30229,0,0,0,59,0,48,188,2,21,0,70,0,3923,9,740,1320,0,0,4528,190,0,105,0,392,4,1953,207,0,919,5138,299,0,0
335,0,8772,14,1989,0,0,0,0,16,733,0,0,22,80,131,350,1772,171,38,13,2039,0,539,102,0,46,5866,120,0,1137,415,134,41,203,195,0,0
335,0,28,0,9692,0,0,0,12,0,0,44,83,6,18,0,0,1610,416,0,35,583,394,53,39,0,13,0,75,134,40,269,18,28,126,3,0,0
336,0,1371,11,7448,619,443,0,10,0,210,122,30,0,16,0,15,511,396,844,557,702,762,877,67,0,770,298,529,75,7,592,32,6,90,4,3,374
336,4,2101,33,9634,381,437,0,21,0,221,105,11,0,0,5,61,810,1204,1919,735,447,515,1765,35,0,1188,726,495,59,9,586,57,6,133,10,0,435
336,0,0,18,6,0,0,0,0,0,166,474,15,0,36,4337,14,2026,1572,0,752,0,0,11436,768,63,86,0,608,401,554,2200,141,156,433,749,10,476
337,24,4357,0,14,3,0,0,398,0,16,0,0,193,184,3143,0,444,71,0,1203,0,0,4277,1022,0,2,0,543,50,1186,3925,683,482,613,0,0,0
337,0,2100,0,5204,1489,807,0,0,0,47,41,19,0,20,0,8,376,250,107,230,16,98,312,60,5,349,4500,366,469,26,172,0,4,4,20,0,38
337,3,3308,3,4,0,0,0,13,3,667,13,0,86,248,72,213,1026,152,174,0,2698,2218,92,137,0,0,9107,107,4,1167,318,26,94,22,167,0,0
337,14,9486,0,8409,1413,0,299,37,56,61,12,0,0,0,4,0,33,7,0,40,0,14,357,43,0,40,80,36,17,602,48,0,83,1710,18,0,1363
337,0,3241,0,7949,0,2,0,0,0,1128,26,0,26,0,69,47,2125,9,16,440,194,0,1567,159,0,0,0,277,0,549,211,17,0,4,0,31,0
337,0,25,0,1323,1576,904,0,0,7,242,122,19,0,7,0,31,862,243,36,0,267,895,184,26,95,85,1159,99,27,22,91,310,0,0,0,0,257
337,0,6881,6,8351,0,330,0,0,0,43,10,0,26,43,31,81,3198,196,162,672,1696,224,5706,75,6,884,2921,375,8,384,351,49,0,65,46,0,0
337,0,2665,0,0,0,0,0,76,0,2,0,0,89,56,448,0,134,0,0,338,0,0,1976,119,0,0,0,232,6,461,2903,102,126,129,0,0,0
338,0,6968,0,0,0,72,0,23,0,402,133,0,0,0,133,17,0,1586,0,153,0,0,3100,0,0,0,0,0,0,1306,6802,0,258,98,52,0,0
338,0,545,3,14,0,0,0,0,0,25,518,0,20,75,1082,314,190,161,38,53,2243,4264,849,19,404,18,0,143,14,144,623,235,0,161,56,2,0
338,0,76,0,0,0,0,0,0,4,17,107,147,50,94,1497,71,3695,207,164,493,0,0,2214,246,22,138,56,271,228,12,1012,452,181,412,0,0,0
339,0,3185,0,3616,63,0,0,0,8,0,0,269,6,24,97,0,1988,174,226,0,3467,789,622,46,0,232,3299,64,4,177,337,11,8,1135,71,0,0
339,7,7019,0,0,0,0,0,0,708,3356,0,0,0,238,0,0,293,319,0,0,2670,0,276,32,0,5,0,0,0,1331,71,0,54,185,447,0,0
339,0,2137,0,4777,118,0,0,0,3,0,0,201,0,41,87,0,1558,256,191,0,3001,378,294,22,15,225,2151,139,3,494,162,6,10,671,31,0,0
340,0,3196,4,7,0,0,0,0,57,44,224,0,31,57,342,26,412,23,11,0,528,0,227,160,0,0,0,0,0,1070,74,29,48,90,0,0,0
340,0,4592,0,10524,870,21,0,0,0,614,37,3,0,77,0,110,185,1537,798,0,0,0,533,157,0,29,6174,0,37,41,101,6,0,39,347,0,45
341,0,9936,0,15385,1820,0,0,0,16,28,10,0,0,0,0,173,726,411,208,0,0,0,445,26,0,0,4175,0,29,1073,428,0,0,1641,16,12,0
342,0,9370,0,3396,128,0,0,34,0,553,0,8,0,7,0,0,17,83,12,0,0,25,2045,53,0,0,914,7,8,467,1168,23,0,610,0,3,32
342,0,1944,64,4245,0,0,0,7,0,130,94,0,21,17,0,23,263,114,0,149,103,53,964,29,0,526,0,808,72,170,0,0,23,413,0,0,0
344,0,591,12,10892,1421,0,0,0,0,6,163,27,0,0,0,819,1096,254,312,196,135,20,1027,189,3,456,5853,744,18,0,606,17,0,13,0,0,418
347,3,195,0,2848,1418,0,0,0,0,60,114,6,0,0,0,20,940,640,55,127,0,1449,67,61,0,65,962,126,494,0,350,5,1877,10,32,3,0
347,0,10632,0,669,21,0,0,0,0,2788,0,0,6,0,0,70,0,831,925,43,161,0,460,28,0,0,0,0,8,1904,32,0,220,64,781,0,0
351,14,231,3,4313,2587,0,0,0,0,223,180,0,0,0,0,26,1715,693,70,79,0,222,161,95,8,38,1830,311,234,5,1089,7,175,109,16,4,0
364,6,12593,7,4581,32,10,0,5,6159,160,22,83,0,47,0,0,994,85,79,63,1664,5315,1566,369,0,247,5854,4,42,2713,130,311,0,417,1041,0,8
364,3,9657,56,0,0,0,0,8,52,134,707,21,71,131,449,2927,662,464,0,317,1348,0,1993,430,0,0,0,659,14,432,1084,23,52,1024,42,0,0
364,0,1148,5,6077,2,0,0,0,9,454,63,0,0,125,0,241,275,2832,88,133,4863,1842,600,259,9,8,4045,86,1824,130,100,34,384,0,36,0,0
364,0,0,5,19,0,0,0,3,0,5,0,0,6,30,27,10,424,0,0,0,0,0,5368,105,0,0,0,327,24,1626,4755,360,4896,3954,18,0,3
365,0,108,0,3730,748,0,0,0,0,78,79,52,0,33,0,387,804,561,195,136,47,123,1071,130,80,301,3719,444,502,0,482,0,10,9,9,19,11
365,0,1869,4,8510,405,24,0,0,22,10,24,0,0,8,9,0,1190,207,87,46,227,0,1085,103,25,0,0,43,10,920,680,74,50,95,9,0,2740
365,0,819,0,6257,0,0,0,0,0,0,125,36,24,5,0,30,959,234,136,107,1035,846,170,131,0,985,2944,69,73,4,445,57,69,52,98,0,7053
365,0,1157,0,12007,871,109,0,0,0,5,13,0,0,9,0,71,431,486,220,22,43,0,241,15,0,19,3195,0,16,30,206,0,0,213,8,0,1224
365,0,5607,13,0,0,0,0,32,0,159,8,0,0,255,0,180,465,134,115,144,159,0,1087,78,0,112,3865,32,10,849,381,43,4,97,26,0,0
365,6,22,0,12,0,0,0,163,0,25,0,0,13,0,67,9,2111,229,0,570,0,0,4443,236,2,0,12,322,25,617,5320,498,239,997,0,0,2
365,6,0,0,30,0,0,0,166,0,392,0,0,142,62,547,0,1386,0,150,3082,0,0,2751,796,2,0,0,287,24,880,1366,1140,480,1741,526,0,0
365,0,1363,0,4647,236,209,0,0,0,6,64,108,0,10,0,124,739,488,260,0,217,990,195,10,34,19,5283,254,207,0,24,4,17,0,0,0,201
365,0,2149,5,7646,0,0,0,0,0,126,64,0,0,429,0,32,549,431,17,44,0,0,130,154,0,40,4783,78,43,16,430,43,0,32,71,0,0
366,0,3,9,13135,0,0,0,0,0,54,282,5,0,26,181,71,846,2017,31,267,0,0,301,116,0,71,0,162,147,0,180,34,0,76,24,23,295
366,0,7087,0,8,0,3,0,19,504,2187,220,0,255,46,37,0,3322,1321,18,0,6218,0,1152,194,0,0,0,0,17,1855,2687,44,96,1699,163,0,0
366,0,1911,2,4129,0,0,0,2,0,14,57,13,40,37,0,10,731,18,63,29,476,0,137,74,0,626,1252,85,53,67,98,13,70,353,4,6,0
366,0,1883,0,6925,869,160,0,0,0,13,84,0,45,0,0,0,0,0,0,0,0,0,350,9,0,0,0,0,0,1207,2,216,51,251,14,2,0
367,0,5209,9,8755,3,1009,0,0,0,16,25,0,0,0,0,0,544,159,234,985,0,457,687,709,23,26,4724,400,62,56,585,34,7,1061,69,0,0
367,3,1436,2,42330,4,0,0,28,4,670,0,10,0,1758,14,0,1022,0,0,171,0,0,2718,1663,0,0,4742,147,33,989,193,107,580,1533,65,0,23
367,0,1006,0,8802,0,0,0,4,0,498,0,3,0,138,0,0,695,0,0,48,0,0,1146,348,0,0,2702,69,21,361,214,49,82,301,13,0,3
367,0,1856,6,2,0,0,0,8,0,60,9,11,10,40,6,182,839,173,428,6,2503,349,151,194,17,46,1876,159,59,226,235,41,0,0,35,0,0
368,0,3455,2,4920,0,1028,0,0,0,23,133,6,10,65,0,78,1255,339,74,227,491,98,674,61,84,694,2408,154,8,125,203,14,0,44,16,0,125
368,0,5579,16,1185,0,0,0,0,61,151,13,0,217,861,14,113,1939,370,264,58,1106,711,690,518,0,74,2257,65,45,150,427,18,390,709,689,0,0
369,0,2258,0,0,0,410,0,10,0,64,21,0,0,0,73,0,840,1133,0,55,0,0,2010,0,0,0,2055,0,0,204,1154,0,66,211,13,0,0
369,0,298,10,32024,0,0,0,9,0,158,186,0,21,13,784,0,6282,0,275,480,0,0,2569,274,0,19,0,261,0,2135,1002,68,3719,2091,48,0,1110
370,0,519,13,0,0,0,0,0,7,165,398,852,413,332,736,76,2586,823,56,1415,115,33,3007,372,0,170,11186,623,968,184,1351,198,14,210,103,3,168
370,5,160,25,6572,0,0,0,0,10,475,286,0,205,62,0,534,521,2565,63,1324,89,4,1577,355,0,870,0,765,2506,41,0,0,125,1451,32,0,0
370,3,20,0,6567,400,0,0,5,0,0,27,0,0,0,0,33,67,0,11,0,0,0,930,36,0,3,0,8,0,454,2402,40,0,217,0,0,3116
373,0,815,0,0,0,0,0,0,0,124,220,0,0,89,195,193,295,86,36,168,3222,3907,939,125,595,57,0,307,75,172,1248,149,155,134,227,0,0
373,0,5,0,6440,1086,500,0,0,0,1648,213,16,0,101,0,8,2255,673,154,177,319,131,463,45,96,179,783,96,66,28,112,347,0,637,9,10,10
373,0,351,0,10235,530,202,0,0,0,18,37,18,0,725,0,29,694,692,470,148,193,1943,128,143,0,425,1403,25,357,0,88,4,0,0,61,0,0
373,0,422,0,5611,839,250,0,0,0,49,47,16,0,205,0,21,1294,263,325,120,239,5341,193,123,0,443,2072,151,245,25,244,16,0,24,88,3,0
374,0,2761,7,4159,1303,486,0,0,0,291,128,14,0,0,5,67,651,1339,235,314,89,2235,992,269,0,262,5018,163,317,55,1076,12,498,0,43,0,107
375,11,1151,0,11,0,4527,0,315,10,0,0,0,138,26,2491,0,31,53,16,342,0,217,0,91,0,0,0,386,135,58,2,523,732,0,0,0,5749
375,0,22,7,7306,0,0,0,35,0,0,137,232,0,6,0,0,666,712,23,161,23,571,39,56,0,0,0,131,250,23,301,196,48,1387,0,0,6788
375,3,25,4,9469,0,0,0,0,0,7,69,160,0,6,0,0,842,319,0,77,45,748,11,28,0,0,0,150,124,7,289,44,7,243,2,0,2433
378,0,2184,2,0,0,0,0,0,0,25,0,0,0,4,11,3,216,74,0,13,13,0,381,22,0,25,4988,88,12,213,233,11,0,1042,7,7,0
411,0,5081,6,0,2,0,0,14,210,16,0,0,0,0,0,19,1056,12,3,0,0,0,1332,65,0,49,3729,122,134,738,270,88,38,7248,0,0,0
416,0,354,0,19075,3771,1969,0,0,0,507,967,314,0,15,0,271,3656,1692,1033,0,2014,2079,79,235,552,1603,3082,536,5212,49,344,290,0,12,28,0,434
422,0,224,0,3246,0,531,0,0,0,26,378,0,0,264,0,13,273,291,79,23,2140,0,56,294,0,45,4674,30,215,16,87,5,654,0,502,0,251
424,0,1403,0,6177,303,584,0,16,0,156,102,39,0,158,0,0,968,452,445,0,739,605,233,103,194,108,2663,97,63,3,240,0,44,0,22,0,91
424,0,1200,0,4096,107,188,0,8,0,44,20,40,0,76,0,6,846,251,137,0,560,1703,157,31,333,56,2979,139,42,5,275,3,52,6,19,0,38
424,0,532,8,13450,0,4,0,0,0,19,77,0,0,0,155,0,758,0,47,201,0,0,1006,105,0,43,0,143,12,522,2264,0,0,315,4,0,1340
424,0,246,3,4665,1488,101,0,0,0,0,51,23,0,58,0,125,239,194,224,0,562,592,423,48,62,891,3452,57,228,0,67,8,0,9,3,0,108
424,0,258,0,5974,1861,216,0,0,0,15,54,33,0,99,0,42,136,176,319,0,195,203,134,85,13,601,1030,18,268,0,24,6,0,8,10,0,49
424,0,621,6,11127,0,0,0,0,0,10,180,0,31,8,234,0,2037,0,24,273,0,0,1386,350,0,28,0,190,52,748,616,0,32,313,92,0,561
425,6,420,16,23,0,0,0,145,0,610,0,0,104,138,1094,35,4119,4,421,1299,0,0,5913,340,0,14,8,475,32,1009,4819,967,161,1845,3,0,3
425,0,746,0,6434,589,375,0,6,0,31,115,81,0,384,0,80,1642,238,245,343,477,8534,221,168,26,293,3112,249,592,6,391,27,0,12,20,5,0
426,2,4945,0,0,0,969,0,27,0,66,299,0,8,11,0,351,1236,289,1600,40,889,0,368,35,407,21,5545,110,279,724,323,6,23,63,53,0,116
426,0,63,0,4,0,60,0,0,0,0,0,0,0,62,0,5,74,19,5,6,206,630,49,9,0,9,748,12,39,17,52,6,0,29,158,0,0
426,0,3839,0,8272,0,61,0,0,0,73,177,716,0,0,0,26,542,514,7,0,423,1386,95,9,18,577,2905,21,73,11,123,4,0,16,67,0,185
426,7,53,12,10467,0,0,0,170,0,113,3,146,0,0,0,0,1173,3908,64,155,79,680,188,86,4,0,42,228,779,10,410,632,67,69,0,0,4038
427,0,513,0,8520,430,69,0,0,0,11,201,0,0,43,11,0,397,267,237,333,1283,273,446,33,299,79,1507,51,281,8,145,19,0,70,7,0,0
427,0,2962,6,8218,14906,0,0,0,0,18,635,67,19,742,17,1638,1372,240,301,172,3087,2796,1234,584,0,8,3161,491,15,361,341,47,112,613,37,0,83
427,0,132,0,11544,0,0,0,0,0,424,0,58,11,99,0,0,963,898,46,114,0,2307,322,156,0,0,1664,64,5,36,593,25,95,661,128,0,1558
427,0,1991,10,4,0,0,0,0,0,62,23,7,0,22,0,662,253,200,7,20,385,0,726,88,11,9,8615,88,41,186,602,19,142,138,122,0,0
427,0,660,0,15036,0,0,0,0,10,452,0,13,7,133,6,0,608,1070,73,177,0,1572,312,496,0,0,425,39,6,5,306,36,117,325,56,0,2042
428,14,8141,0,40,0,0,0,98,0,3075,0,0,1155,561,1030,0,4901,0,0,550,0,0,8145,647,0,0,0,186,106,1787,5889,891,421,12139,2751,0,0
428,0,619,0,10464,0,0,0,0,0,20,16,0,5,0,56,0,383,439,29,38,956,0,100,48,0,0,0,70,9,68,150,28,0,0,71,0,740
428,0,374,0,8025,2232,457,0,0,0,23,72,9,0,389,0,36,107,829,251,14,1232,590,109,268,64,15,4777,380,709,6,42,7,586,6,13,3,0
428,3,131,0,14926,625,680,0,0,0,25,64,27,0,203,17,33,2387,118,346,63,231,25,408,120,368,61,31,160,86,9,53,15,0,17,40,0,826
428,0,436,0,4263,0,2319,0,0,0,14,110,495,8,0,0,182,683,142,90,1489,0,1588,220,179,49,74,5024,378,403,24,626,27,0,307,44,0,0
428,0,359,2,5441,0,1146,0,0,0,12,87,56,9,19,0,27,338,135,61,37,13,131,257,28,95,733,859,73,705,0,113,113,0,19,0,0,0
428,0,387,0,12502,2697,202,0,0,0,40,147,6,0,345,0,60,339,632,267,17,4060,760,224,285,35,14,4590,343,488,34,41,14,1290,8,22,0,0
428,0,97,0,6874,317,356,0,0,0,18,62,25,0,197,5,23,2463,99,358,177,203,35,372,85,304,58,31,131,96,14,75,24,0,11,53,0,253
429,0,405,0,7316,284,0,0,0,0,301,33,80,0,199,0,12,1254,194,147,35,2737,811,198,68,0,471,882,76,550,9,423,6,16,124,161,0,0
429,0,1133,0,5130,2278,0,0,0,0,194,218,0,0,0,0,0,359,326,342,39,1565,0,247,3,0,22,4868,16,4,395,66,7,0,0,192,0,0
429,0,3589,0,4,0,0,0,8,11,190,137,0,0,7,0,0,3338,145,111,0,1094,0,599,11,4,55,2538,2,1291,326,935,5,18,439,85,0,0
431,3,3335,48,28,0,0,0,0,5,61,1162,28,0,13,0,539,2546,470,185,183,711,2464,849,662,1821,198,0,325,72,137,520,868,23,0,81,0,0
431,0,3084,0,1459,0,508,0,0,0,0,121,0,0,12,0,14,803,189,99,218,132,304,327,12,67,481,2120,113,8,211,155,4,0,0,23,0,68
433,0,0,0,11649,0,0,0,0,10,34,518,0,0,177,19,0,2010,44,166,406,0,0,1901,89,48,35,0,231,63,1338,1607,11,16,276,21,19,488
435,0,3035,2,0,0,0,0,0,50,114,5,0,0,0,7,338,346,170,15,73,1053,0,448,51,182,6,5281,64,142,110,764,8,38,214,356,2,197
437,0,1171,0,2198,27,10,0,0,0,80,10,14,0,201,0,0,523,81,294,31,661,1527,133,23,0,192,4842,0,4,23,25,0,0,28,482,0,0
438,0,398,0,4491,722,969,0,6,0,80,362,13,0,155,0,31,397,217,106,163,264,2284,127,104,4,78,2287,261,1433,52,185,0,25,16,40,0,5
438,0,884,0,8357,1401,1470,0,5,0,143,614,8,0,295,0,165,708,765,555,113,451,2861,133,349,0,95,2424,175,1940,19,242,5,18,19,63,0,6
483,0,4288,0,7127,0,0,0,0,0,365,80,0,0,49,93,0,737,498,1032,436,0,1222,2152,182,0,24,3722,59,47,8,233,101,62,844,11,0,917
485,4,1697,0,10946,754,592,0,0,21,292,279,33,0,104,5,259,642,930,841,919,118,767,2371,221,1261,403,6698,153,1084,0,343,42,0,8,0,0,0
485,0,795,4,6204,24,2176,0,0,0,224,49,472,0,55,0,58,553,283,103,922,4,1970,153,77,22,90,5178,363,446,0,773,12,0,5,8,0,0
485,0,1233,6,3791,1388,59,0,0,0,286,210,4,0,9,0,83,1122,497,1516,0,477,332,757,40,17,215,2372,312,60,41,301,35,445,36,96,0,4
486,0,4403,5,6205,0,0,0,5,0,71,43,0,0,0,0,5,470,968,205,107,0,0,403,176,3,16,8027,46,371,0,256,150,0,0,245,17,39
486,0,558,2,966,0,0,0,0,0,47,3136,1470,55,339,0,0,1818,202,245,148,3369,0,120,69,0,7,3543,74,54,176,619,116,206,138,402,0,0
487,2,145,0,7769,351,607,0,0,0,0,57,47,0,157,20,171,1403,174,221,0,556,1274,54,103,220,48,589,307,145,0,62,5,4,3,5,0,29
487,0,357,0,6982,237,609,0,0,0,0,96,74,0,119,48,211,1567,206,272,0,560,1043,205,52,307,62,1266,306,215,0,321,13,0,0,7,0,149
487,0,1219,0,966,0,0,0,0,0,13,66,36,0,5,0,0,454,155,297,0,411,119,39,0,0,120,2573,7,0,51,2,0,0,0,86,0,4
488,0,274,0,7007,208,581,0,0,0,14,323,1455,0,113,0,189,1787,121,72,12,1140,1812,62,30,364,356,2716,112,531,0,179,0,0,0,17,0,139
488,0,286,0,4938,120,462,0,0,12,151,288,474,0,80,331,51,718,150,24,0,805,325,469,82,187,155,546,77,254,130,50,0,0,494,0,18,181
488,0,652,0,10295,0,0,0,0,0,167,37,8,0,91,0,25,4477,289,196,72,689,282,114,77,66,51,1612,15,43,0,599,28,11,74,318,0,1864
488,0,6052,2,0,0,0,0,0,0,200,277,37,72,127,0,15,2408,155,18,338,0,4802,2096,162,18,98,9521,225,116,831,3365,62,20,301,1774,0,1879
488,4,2254,4,0,0,149,0,10,0,595,259,0,0,0,1381,21,1266,236,154,508,0,0,3948,18,0,216,0,36,0,273,1123,0,13,2575,667,0,0
488,0,611,3,9973,0,0,0,12,0,225,185,5,0,470,0,74,3230,753,702,88,713,273,85,307,52,74,782,31,68,0,488,32,13,41,688,0,1515
489,0,62,0,12967,0,0,0,0,0,0,91,7,0,23,8,90,1134,2135,16,1840,0,0,671,166,0,18,0,86,29,281,1196,22,8,1456,143,0,0
489,22,4203,0,0,0,0,0,33,0,306,0,0,256,2108,319,0,1611,0,0,1536,0,0,2334,341,0,0,0,87,25,271,1475,1191,130,369,467,0,0
489,3,3012,0,2938,597,0,0,0,0,212,438,19,0,2,0,35,1505,430,291,44,1499,299,289,0,0,921,5313,5,0,747,10,3,0,2571,48,0,0
489,0,240,0,4727,0,404,0,0,0,93,118,45,15,118,0,48,1056,420,109,45,191,273,205,205,124,827,2176,197,265,0,169,73,54,0,5,0,0
489,0,487,2,2745,939,204,0,0,0,20,117,131,0,54,0,86,1061,670,488,162,467,4616,199,72,37,290,3133,373,842,0,168,9,234,12,2,0,92
489,0,1074,0,2758,499,0,0,0,0,133,134,18,0,6,0,33,1920,354,422,13,1096,322,77,2,0,1549,1545,0,0,1539,8,0,0,2884,56,0,0
490,0,893,4,8787,2435,59,0,0,8,18,242,0,0,322,0,32,313,107,144,0,2708,702,60,232,12,46,1873,184,357,28,472,11,6,3,43,0,0
490,4,55,7,13,0,0,0,17,0,36,501,0,92,720,415,15,4396,369,886,1357,0,0,1582,2005,0,17,9,107,20,394,614,1639,331,2243,57,0,0
490,3,138,10,13,0,0,0,0,0,17,426,0,133,675,337,78,5218,103,106,345,0,0,2061,338,0,17,0,189,19,479,499,1557,118,2623,21,0,0
490,0,1300,5,4819,0,908,0,0,44,794,92,179,0,30,0,137,754,128,268,374,584,0,255,28,123,44,2626,112,83,691,117,25,11,44,131,0,82
490,0,44,0,7316,331,530,0,0,0,28,115,264,0,0,0,18,1806,577,63,8,752,187,31,53,0,742,1229,87,598,7,45,83,60,32,83,0,17
490,0,1369,0,4583,425,149,0,0,0,5,64,107,0,0,0,48,571,11,114,34,163,1166,599,10,0,74,3194,103,0,0,196,0,0,29,0,0,0
490,0,594,0,2882,4116,0,0,0,0,27,216,81,5,90,0,178,559,206,94,29,801,4632,99,156,70,45,2693,255,226,75,235,28,0,732,67,0,0
491,0,2303,0,10697,0,0,0,0,0,123,164,0,0,0,5,0,641,390,28,74,868,0,713,16,0,0,12,21,26,176,253,26,0,21,38,0,1897
491,0,1240,2,9799,0,0,0,0,0,95,103,0,0,4,0,0,616,702,124,99,518,0,415,53,0,0,0,28,31,337,58,29,0,41,27,0,2602
493,0,392,4,14115,1285,1702,0,0,0,30,168,162,0,25,0,85,1856,369,138,610,1325,4380,1430,61,26,313,6149,557,306,51,1672,4,434,123,9,18,51
493,0,84,0,6624,702,827,0,0,0,39,78,104,0,18,0,50,1184,349,188,88,675,1574,265,87,9,112,2602,381,136,25,245,0,202,69,8,0,16
495,0,10,5,10853,424,8,0,0,0,17,37,0,0,0,0,50,795,1245,544,0,0,0,32,0,0,27,506,284,107,26,271,31,649,657,183,0,7253
495,0,12,0,8691,454,7,0,0,0,9,32,0,0,0,5,25,503,636,221,8,0,0,77,9,0,17,1698,140,48,25,744,24,749,359,244,0,4270
497,0,5,3,11875,0,132,0,5,0,3,50,205,0,0,0,0,385,255,0,12,271,795,83,9,0,0,711,51,152,0,415,44,419,57,12,0,365
497,0,1635,5,8703,838,222,0,7,12,67,18,0,0,162,0,67,239,1069,216,130,1182,25,576,107,2,374,1830,210,290,5,108,0,0,72,0,0,289
499,0,1446,0,7255,1417,0,0,0,0,9,49,23,41,0,0,62,1293,169,331,61,446,366,637,108,2,49,3615,48,195,0,548,18,0,131,37,0,0
539,0,361,0,14575,0,0,0,0,0,51,158,2,52,206,0,0,1291,164,251,1669,0,1018,2705,340,12,84,2042,178,53,4,1498,245,5,560,0,0,8
539,0,301,16,16627,0,0,0,0,0,45,136,0,0,145,9,0,2139,161,648,1054,0,1195,1186,324,6,199,2927,259,71,47,1004,157,14,851,30,0,249
547,0,1041,0,8844,0,0,0,0,0,0,275,0,5,0,98,0,752,2272,694,809,3101,0,920,379,0,0,11,55,35,87,182,82,10,0,51,0,587
547,0,776,0,11632,1489,631,0,0,0,78,89,35,0,0,507,26,363,314,103,130,223,32,475,29,450,72,4195,113,251,56,292,5,6,16,49,0,3
547,0,257,0,9488,1234,693,0,0,0,44,39,0,0,0,369,18,145,667,365,50,116,50,489,82,195,61,1168,28,225,9,62,0,0,0,80,0,0
548,17,0,0,6,0,0,0,497,0,59,11,0,16,0,15,0,1386,0,0,3529,0,0,3310,766,0,0,0,339,21,783,3877,2206,335,4924,131,0,0
548,0,816,0,3855,112,306,0,0,0,11,148,152,0,88,0,191,627,1087,1772,111,1007,2360,101,227,19,659,2153,121,1232,0,106,8,6,12,0,4,194
549,0,529,0,6189,0,1435,0,0,0,50,18,54,0,0,0,78,489,107,78,399,167,1970,168,50,17,81,2488,177,386,0,280,13,0,0,33,0,0
549,0,1093,0,4718,0,1178,0,0,0,27,273,39,0,16,0,181,577,433,1526,90,369,1931,132,121,106,236,5225,142,1560,16,66,35,16,10,125,0,0
549,8,8281,47,3599,290,18,0,323,52,57,29,0,0,0,0,197,447,172,208,114,0,0,463,147,0,466,10,76,32,595,255,228,612,75,0,0,3553
550,0,1639,3,8822,1283,293,0,0,0,85,152,4,8,249,0,84,484,267,225,17,1250,785,208,147,8,663,3773,632,809,4,503,3,56,0,50,11,0
551,9,1278,19,3314,0,0,0,75,0,240,48,45,139,3135,84,693,795,1171,70,1617,0,0,4908,1303,0,207,0,229,125,167,937,515,31,697,17,0,0
551,0,317,0,2809,1279,793,0,0,0,11,26,32,0,42,0,31,286,125,35,0,490,833,117,86,41,39,1271,147,558,9,50,0,0,8,13,0,139
551,0,1235,0,3540,0,0,0,0,0,104,20,18,0,184,0,7,92,151,30,47,0,135,156,55,6,23,4135,121,40,46,320,18,0,4,90,32,20
551,0,527,5,2916,1460,0,0,0,0,36,745,40,9,594,0,30,731,632,596,39,1169,1750,174,649,0,999,4174,25,1018,53,120,20,0,36,474,0,0
551,0,1052,0,2548,0,29,0,0,0,134,128,104,0,9,0,71,2068,2112,2353,0,335,325,251,140,0,716,1932,53,0,18,63,8,0,3,41,0,86
551,0,280,0,5101,0,0,0,0,0,29,26,0,26,155,0,0,617,58,0,177,0,0,728,1201,0,0,4788,36,0,40,161,9,32,0,433,69,21
551,0,73,0,5901,289,406,0,0,0,78,124,152,0,0,0,6,1453,1746,613,20,591,340,49,35,11,1385,1669,79,676,0,151,184,0,8,65,0,31
552,0,396,0,6156,176,348,0,0,0,5,70,49,0,7,0,29,861,347,184,63,449,1752,133,22,0,306,3330,31,230,0,114,0,0,0,0,0,54
553,0,1397,25,0,4,0,0,68,0,226,1313,0,11,102,0,208,493,3167,1451,37,2513,2608,281,465,53,62,6702,193,743,14,415,52,5,0,111,0,0
553,0,539,0,7224,313,243,0,0,12,46,113,103,0,25,0,59,880,415,479,3,1814,287,85,96,9,1120,3204,519,1212,0,99,0,0,0,0,0,328
554,0,91,0,10485,17,439,0,8,0,11,49,104,0,0,13,0,548,760,4,160,870,5187,66,5,0,4,2968,203,464,0,209,41,25,40,30,5,0
554,8,1931,0,4973,294,0,0,0,0,282,64,6,0,224,6,115,548,2717,412,10,778,121,341,523,10,46,3740,68,245,172,79,29,488,53,219,0,119
555,0,6240,34,11,0,1172,0,58,16,1262,3217,32,288,94,91,151,4334,1673,495,419,9628,0,6470,448,0,842,9,411,29,175,2522,592,227,27,778,3,0
555,0,2250,0,4501,2539,1833,0,45,0,80,55,1066,0,423,0,150,238,672,832,75,375,195,421,185,18,1611,819,277,871,27,189,49,79,172,10,0,0
555,0,1707,2,5461,1752,1615,0,27,0,62,89,466,0,146,7,186,831,718,802,45,917,263,199,241,43,1649,2354,777,2424,19,77,7,77,27,32,0,0
555,0,1303,0,7828,3466,239,0,0,0,101,82,8,18,88,0,13,1256,20,30,222,211,0,423,212,0,28,4533,596,9,0,128,54,73,38,0,25,0
555,0,802,0,6,0,0,0,17,0,20,76,0,0,35,0,67,1813,556,300,39,1316,3034,394,504,70,346,2860,95,1540,172,633,52,7,94,30,0,758
556,0,206,0,3893,743,410,0,0,0,7,310,1184,0,66,0,552,3037,281,102,74,2204,1367,307,175,47,480,2738,293,607,0,471,9,12,0,53,20,168
557,0,513,0,5522,354,76,0,0,0,77,527,92,0,388,0,137,1294,199,80,153,0,0,251,0,17,19,7486,70,70,0,175,0,0,912,69,0,5
559,0,314,3,9,0,0,0,0,3,38,45,0,144,319,1398,0,2055,259,51,826,3,3123,4451,440,0,4,0,70,0,822,550,1831,120,2817,32,0,0
559,0,749,2,6304,568,0,0,0,0,8,106,106,0,22,0,356,2376,1775,1652,4,219,449,396,172,2,137,2307,100,2753,7,604,29,0,18,7,0,0
560,5,1924,4,3842,0,203,0,0,23,733,224,20,0,545,0,248,754,1382,1855,194,239,1973,428,147,41,173,3098,49,340,133,1334,30,0,7,462,0,29
593,0,323,0,9638,0,320,0,0,0,18,145,223,0,0,0,337,2418,587,1096,0,724,136,409,24,45,974,2163,768,492,90,123,6,9,34,23,0,2204
593,0,884,0,13506,0,287,0,0,0,18,197,357,11,0,0,260,2507,361,1351,0,1090,190,494,27,27,293,2777,534,411,59,309,0,10,29,33,0,1931
594,0,2852,0,17979,0,306,0,0,0,13,402,643,0,0,5,338,3145,757,1702,8,1233,177,801,55,71,400,3509,1043,593,106,603,6,0,10,87,0,1617
594,0,263,0,7448,0,209,0,0,0,13,85,241,0,0,0,283,1521,504,788,0,406,214,199,22,30,665,1920,761,619,98,93,3,0,8,69,0,955
599,0,796,0,6778,0,97,0,0,0,10,117,117,0,0,3,26,701,139,60,4,202,234,336,13,3,207,5551,180,10,0,39,17,7,200,5,0,8
599,0,559,0,9957,0,130,0,0,0,16,71,144,0,0,0,16,936,252,166,0,273,303,172,6,19,1093,3830,331,20,0,18,15,7,337,8,0,6
604,0,152,0,3071,0,10,0,0,0,518,101,18,0,8,0,10,1135,212,247,0,155,157,82,116,4,847,3717,91,104,0,16,0,0,6,813,0,26
604,0,1020,3,2695,0,4,0,0,0,337,94,19,0,6,0,12,812,130,210,0,109,133,149,55,8,336,5084,66,113,0,80,9,0,10,451,0,16
606,0,3719,13,4737,55,63,0,12,0,189,27,363,0,27,0,389,583,580,303,76,592,190,220,291,8,2617,473,470,1454,137,95,46,618,3047,0,0,75
606,0,2526,0,3097,41,88,0,0,0,128,105,719,0,10,0,166,1019,341,280,24,1124,662,107,187,53,1129,665,174,1303,134,196,43,454,46,18,0,23
606,0,2337,0,3124,327,430,0,72,0,104,207,512,0,25,26,604,1309,1529,2031,80,464,9709,320,196,29,511,3624,263,2083,0,55,14,0,42,0,0,527
607,0,917,0,5824,2459,0,0,0,4,77,297,5,63,2732,25,38,535,938,406,37,1459,1025,398,732,29,1112,2315,21,708,10,93,0,0,10,508,0,62
607,0,543,0,4094,1488,0,0,0,0,44,121,3,41,1750,40,18,544,246,100,22,1464,951,230,170,62,448,5075,16,527,55,104,14,0,26,365,0,195
608,0,49,3,12904,0,914,0,0,0,36,75,59,0,50,0,217,639,557,509,48,205,53,384,93,668,1315,1628,195,1840,0,138,224,0,5,0,0,0
608,0,2622,13,8427,0,0,0,0,0,48,57,11,56,306,0,56,782,641,53,208,3157,0,495,321,0,679,4519,114,167,17,204,4,0,82,186,11,0
608,0,509,0,6294,2009,632,0,0,0,16,111,10,0,0,0,37,553,535,160,136,67,972,408,57,135,52,3802,83,224,8,382,10,1238,493,107,0,0
608,0,252,0,6652,2500,1047,5,0,0,21,203,97,0,37,0,151,653,895,333,15,965,2124,296,288,68,34,2667,164,364,16,128,0,13,0,77,0,0
608,0,323,9,13349,4102,1524,0,0,0,8,190,16,0,0,10,64,841,1209,318,243,300,1372,1222,166,131,139,2518,283,444,9,557,20,2166,1533,145,0,0
609,0,1525,8,5575,995,1426,0,0,0,78,198,286,0,111,7,126,864,742,689,69,3049,402,99,114,25,1441,1058,959,1382,107,19,10,105,45,93,0,0
609,0,492,0,4707,96,64,0,0,0,127,67,0,0,0,20,22,498,678,463,485,318,2551,560,27,0,46,1661,34,0,144,547,0,0,2061,1547,0,7
609,0,676,0,3625,92,30,0,0,0,142,24,0,0,16,18,19,768,492,474,147,894,4258,446,35,0,72,3406,24,15,91,504,2,0,947,862,0,2
609,0,2434,5,2960,569,504,0,0,0,50,142,191,0,201,0,112,1079,448,346,39,2395,461,129,42,13,853,1358,273,2149,47,46,7,141,18,91,0,2
610,0,3333,34,40,0,453,0,0,11,38,721,0,0,18,13,96,3319,516,1221,45,3291,2099,513,66,4,14,19854,182,730,97,480,41,0,26,280,0,2
610,5,2447,8,20,0,1083,0,0,11,67,686,6,0,46,13,129,2193,669,1956,29,1861,1691,120,78,0,24,14332,372,379,238,248,24,0,69,597,0,0
610,0,200,0,4949,144,251,0,0,0,12,52,53,0,0,0,47,1594,243,433,112,0,1425,305,0,136,46,38,142,0,5,105,49,0,7,0,0,0
610,9,43,0,0,0,0,0,0,0,180,0,0,469,505,1294,0,1305,364,333,684,864,2587,1320,475,0,0,0,21,0,331,551,391,12,900,241,0,0
611,3,46,0,6537,1288,680,0,0,0,103,56,575,0,0,3,82,724,978,126,0,152,2204,109,31,224,1404,2738,101,1721,37,99,417,0,9,7,0,37
611,4,45,0,10889,2091,1367,0,0,0,81,19,155,0,0,0,24,281,839,116,0,30,445,55,43,31,763,741,79,250,7,43,180,0,3,14,0,11
612,0,85,0,4546,0,2125,0,0,0,6,152,57,0,0,6,88,792,533,275,290,1646,2761,160,42,32,59,10200,290,1379,4,108,28,3,0,20,0,9
612,4,195,6,8171,61,707,0,0,6,37,36,177,0,0,0,5,509,511,46,39,109,1549,86,52,0,20,2889,255,378,14,175,77,5,12,16,22,811
613,0,1643,0,6615,0,1043,0,0,0,13,37,78,0,7,0,58,925,116,130,43,318,8,134,44,381,478,1530,435,306,202,269,0,0,0,0,0,1155
613,0,966,0,13,0,0,0,0,0,46,211,199,16,37,0,34,1949,204,209,10,1591,1259,134,197,10,1530,4911,189,1499,17,750,8,0,287,46,0,1523
613,0,1130,4,10116,0,1430,0,0,0,28,150,95,0,14,0,127,1889,366,214,24,239,23,156,157,127,1260,881,1338,254,631,219,4,0,22,5,0,1685
613,0,2552,3,9938,0,986,0,0,0,550,221,39,0,27,0,146,846,229,82,613,0,1116,2654,35,101,34,4203,221,164,213,738,9,0,9,378,0,2
614,0,510,0,7320,775,1146,0,0,0,19,268,0,0,0,0,98,257,530,944,7,396,0,130,337,3,116,3950,106,117,126,552,152,9,0,60,0,201
615,0,44,0,9392,2519,20,0,0,0,7,165,381,0,1162,0,77,2020,330,76,25,83,689,1836,292,0,63,589,459,34,8,300,8,0,202,79,0,0
615,0,54,0,8057,1861,8,0,0,0,12,142,248,0,741,0,53,1863,180,47,9,57,1070,1859,478,0,31,1172,430,10,17,442,0,4,62,83,0,0
615,0,0,0,28,2,0,0,144,0,125,0,0,514,13,1369,0,2632,0,47,6344,8,0,7326,665,7,0,7,259,19,906,2811,1974,631,1860,120,0,0
616,0,2526,12,3046,1643,794,0,9,0,232,256,9,0,79,6,1338,272,1550,1770,121,996,631,687,231,0,657,4766,266,3661,0,270,104,0,0,26,126,0
616,0,490,0,4309,382,3569,0,0,0,99,186,141,0,122,15,119,2106,585,347,65,384,921,1007,569,72,265,2846,815,684,33,177,22,0,15,6,6,60
618,0,105,0,3320,246,311,0,0,0,111,165,1463,0,174,0,156,1520,95,121,33,1575,734,88,47,345,481,2469,131,588,0,124,0,0,6,96,0,113
618,0,379,0,8678,572,600,0,0,0,0,248,67,0,0,15,614,1798,425,291,62,2064,5,58,207,116,111,2433,525,593,32,175,22,0,6,39,0,0
618,0,859,0,9733,869,745,0,0,0,5,251,62,0,0,0,709,837,450,317,57,2325,0,118,66,70,63,3709,251,239,18,378,21,0,5,46,0,0
666,0,178,0,6092,481,437,0,0,0,79,544,0,0,0,0,1819,1139,171,180,35,1965,1023,124,0,0,0,967,156,45,29,69,14,0,11,25,30,88
666,3,29,0,2281,0,5,0,23,0,48,0,0,174,99,84,0,7244,150,19,179,0,0,1730,328,6,0,7,535,26,980,713,149,860,1220,41,0,0
666,0,19,0,445,0,0,0,27,0,69,0,0,259,106,246,0,5072,244,33,747,0,0,9840,691,5,0,0,454,46,957,1040,276,721,867,27,0,0
667,0,70,0,9262,0,2488,0,0,0,10,78,252,0,56,0,39,459,154,111,51,542,1170,26,19,21,61,3423,254,239,4,34,42,0,0,32,0,52
667,0,54,0,5493,0,1219,0,0,0,23,69,529,0,5,10,75,663,189,79,116,1384,2575,43,15,17,46,7004,198,401,4,54,16,0,0,21,0,31
669,0,1268,0,7799,865,1240,0,0,0,27,35,25,31,241,0,85,827,428,477,142,192,36,176,89,248,368,531,872,603,5,65,20,0,124,0,0,2623
669,0,1531,0,8912,1519,2014,0,0,0,40,68,29,32,72,0,153,1161,786,791,397,293,81,264,138,312,222,499,472,536,7,215,10,0,98,5,0,2173
670,0,246,0,4603,0,406,0,0,12,87,156,1157,0,290,0,65,1327,225,1194,66,1800,739,110,57,77,603,1622,210,774,0,145,0,0,3,51,0,38
670,0,98,0,3539,5,664,0,0,19,68,160,427,50,522,0,86,1533,339,801,66,1249,416,68,101,98,1696,986,224,1150,0,96,2,0,0,60,0,60
670,0,928,0,7096,892,837,0,0,0,14,36,2,0,112,0,99,1326,652,278,243,125,34,463,13,146,87,9039,219,418,12,797,0,0,14,47,15,39
671,4,3097,14,11720,0,0,0,0,2,23,184,26,0,66,11,430,1114,1692,225,2082,0,0,3104,220,7,286,0,379,545,291,935,85,689,209,17,0,0
671,3,478,11,9634,0,0,0,0,0,220,99,77,0,170,7,270,1737,1269,297,670,0,0,1157,1315,0,589,0,273,309,388,316,79,602,1636,39,0,0
672,0,2169,0,8407,0,2014,0,0,0,0,84,559,0,405,0,29,66,443,896,55,31,136,170,385,174,229,135,57,341,5,57,62,0,301,4,0,0
672,0,1163,0,8711,0,3003,0,4,0,39,164,1627,0,149,0,320,501,790,997,91,222,242,453,544,826,588,739,869,507,0,120,82,4,149,0,0,0
673,0,264,0,11054,2320,1564,0,0,0,37,80,135,0,33,0,148,1347,498,163,0,290,915,133,131,183,2309,3717,1302,336,44,19,283,0,5,35,0,86
673,0,541,3,10848,1767,1373,0,0,0,16,114,107,0,20,4,254,1725,477,98,0,298,468,115,66,223,911,5859,563,1333,36,78,626,0,0,18,0,219
673,0,163,0,7845,87,336,0,0,0,26,111,0,0,852,0,37,1578,220,169,0,867,1422,70,260,0,860,1151,53,873,30,139,0,0,23,41,0,84
673,0,676,0,5045,63,176,0,0,6,13,188,8,8,718,0,41,1279,148,85,0,1149,2911,72,178,0,516,1953,34,628,6,184,3,0,15,18,0,45
674,8,41,0,1624,8,238,54,0,0,38,75,274,0,36,0,0,363,180,240,13,93,916,45,188,0,108,460,73,293,0,168,0,146,42,16,0,172
674,0,1483,3,2113,489,1117,0,0,6,78,101,832,0,663,0,188,489,1151,650,160,1510,63,446,250,64,2300,1522,738,797,22,316,80,39,252,0,2,238
674,0,182,0,7939,0,209,0,0,0,94,38,22,0,26,4,0,372,331,80,17,784,3006,134,39,0,30,3283,130,332,7,305,40,0,13,158,0,0
675,2,1902,0,6911,102,172,0,0,0,211,120,14,0,11,0,161,322,1015,1163,153,435,1117,51,67,61,137,5562,85,193,31,280,0,11,26,51,0,3
675,0,824,0,22384,1578,3528,0,0,0,63,334,37,0,3295,11,175,2215,2891,6247,22,8089,3003,285,934,0,217,10992,287,2685,63,178,149,55,16,3899,0,1131
675,0,249,0,5192,363,951,0,0,0,25,108,7,17,957,0,74,1002,660,796,9,1287,614,78,152,0,76,2578,41,408,17,74,88,45,0,1141,0,421
676,0,1470,14,1508,0,191,0,8,0,28,231,111,0,156,0,99,1197,1171,1129,11,1033,292,245,94,0,489,10762,71,421,14,82,11,0,0,39,0,3
677,3,1812,0,5406,0,223,0,0,0,38,104,134,0,391,8,62,1142,560,504,13,1713,2118,113,493,111,1325,4545,99,768,76,266,7,4,116,459,2,0
677,0,1409,0,8334,0,756,0,0,0,168,19,12,0,86,0,96,498,484,307,38,146,803,298,49,113,33,4567,30,295,135,266,0,0,0,77,3,22
678,0,352,2,12,0,282,0,0,2,24,113,137,0,166,0,126,4844,1307,621,268,4578,0,1026,94,182,451,18,348,117,0,1796,32,92,338,176,0,115
681,0,329,0,28,0,0,0,0,0,8,64,1680,0,136,0,61,1333,194,79,0,849,4104,14,166,92,2064,5562,126,348,0,119,0,0,105,60,0,480
681,0,415,2,16,0,0,0,0,0,18,90,1447,0,257,0,58,1474,372,139,0,969,2805,62,378,81,2341,4232,342,776,7,116,0,24,938,198,0,2537
729,0,807,0,4224,1710,758,0,0,0,313,487,20,0,0,41,1406,1349,304,270,5,1948,815,344,36,43,47,2149,178,111,4,276,6,0,0,51,8,110
729,0,1005,0,8948,1282,2371,0,0,0,51,104,103,0,89,195,195,480,232,141,24,585,3276,219,148,44,156,1277,185,271,55,55,0,46,34,64,0,90
729,0,830,0,15789,2257,4454,0,0,0,109,109,84,0,374,7,97,391,466,341,0,157,1453,96,405,177,236,784,214,463,39,58,6,0,135,65,0,173
731,0,1341,0,17,0,1134,0,0,3,208,1022,375,11,29,0,82,2334,947,716,264,2256,0,451,11,212,341,6555,452,530,71,933,4,189,4,241,0,5
731,0,953,8,23,0,3025,0,12,0,431,370,641,9,19,0,169,2171,1835,3328,146,984,0,387,0,236,360,3602,630,1077,137,851,7,238,8,196,0,20
732,0,141,4,7571,359,455,0,0,0,0,50,3,0,0,3,18,462,149,14,134,0,398,156,18,141,29,2946,84,23,114,98,28,46,795,0,0,296
732,0,173,0,4861,314,111,0,0,0,0,46,26,0,7,0,107,956,634,606,299,129,1257,214,90,30,52,5098,161,221,0,105,8,0,0,3,0,239
732,0,82,12,9245,553,699,0,0,0,0,70,0,0,0,0,61,334,256,30,40,0,370,109,55,85,52,1613,114,39,213,55,35,59,1094,0,0,841
733,0,230,0,7344,0,388,0,0,0,12,17,34,0,57,0,29,558,160,93,12,361,3885,109,23,29,10,5032,57,191,29,189,4,0,9,110,0,5
733,0,348,3,5435,0,2472,0,0,0,92,181,755,13,21,0,53,1386,103,195,11,770,817,347,165,525,827,4991,137,769,13,370,12,0,432,15,0,127
733,0,597,0,23882,0,1008,0,0,0,10,52,76,0,121,4,63,786,345,478,11,485,5200,158,77,119,56,6216,207,629,23,133,0,7,16,263,0,13
733,0,358,6,5711,0,2529,0,0,5,17,224,266,0,108,7,81,1009,108,282,18,500,408,208,391,380,1231,4777,233,632,17,217,19,0,604,10,0,182
734,16,0,8,7594,0,0,0,0,0,148,0,0,0,0,0,0,534,68,23,0,0,0,2600,41,0,0,0,7,0,130,178,148,0,1269,22,0,0
734,0,776,0,2559,450,578,0,0,0,55,63,434,0,82,0,101,817,990,1377,319,1014,77,449,54,1596,1340,1503,495,214,24,36,19,596,0,30,35,128
734,0,31,0,3601,780,698,0,0,0,177,74,194,0,37,0,34,724,227,470,13,293,1829,60,64,141,1036,3256,205,550,0,0,145,0,48,49,0,91
735,0,34,0,2575,0,2535,0,0,0,101,219,518,0,0,3,186,470,154,617,119,914,4096,156,670,12,111,5498,177,889,0,149,185,0,7,0,0,99
736,0,510,0,4378,164,531,0,0,0,98,302,46,45,316,0,155,1144,199,181,6,918,3351,109,160,12,1213,5400,280,1808,5,421,11,0,0,0,0,176
737,0,243,0,4924,274,310,0,42,0,22,157,6,30,799,7,21,922,414,469,0,2609,2391,119,150,0,102,2935,46,135,54,52,32,0,0,1137,0,77
737,0,713,0,6182,0,786,0,0,5,120,151,14,26,195,0,129,901,421,674,0,430,1133,457,459,93,470,3567,56,353,51,384,0,6,39,458,0,4
737,0,342,0,7790,0,747,0,0,0,128,57,27,48,370,0,87,806,206,220,0,741,606,233,412,279,591,1522,176,123,45,221,0,11,139,546,2,12
737,0,985,15,2677,0,0,0,0,0,50,43,26,0,0,0,450,365,601,213,731,82,0,1712,20,34,779,76,389,80,0,1162,0,100,102,7,0,0
737,0,743,0,2675,133,141,0,20,0,21,52,5,35,1092,7,5,679,329,674,0,2935,3596,65,159,0,41,3960,70,130,25,49,34,0,0,653,0,52
737,0,1280,6,3407,20,32,0,0,2,411,113,57,7,312,0,13,653,286,704,10,3854,1691,186,140,0,142,4058,32,51,62,33,6,7,3182,1827,0,0
737,0,403,0,1200,0,6,0,0,0,241,239,10,13,535,0,0,335,186,1951,20,1390,716,820,150,0,148,2362,0,24,414,17,0,0,3025,2182,0,0
739,0,912,3,8918,183,406,0,0,0,20,80,0,0,97,0,52,1927,330,1041,79,99,1111,42,265,92,192,1273,78,226,42,257,5,450,155,8,0,1089
739,0,1154,0,9606,199,397,0,0,0,0,22,0,12,21,0,60,809,126,510,146,293,1903,61,133,210,101,3478,63,115,68,443,10,341,177,30,0,155
739,0,64,6,508,82,20,0,0,0,613,157,489,108,247,0,47,2376,281,83,0,1199,2212,158,289,32,885,4804,71,113,0,210,14,37,895,19,4,299
790,0,498,0,4759,75,234,0,0,0,46,72,172,0,55,0,332,522,262,790,75,460,6159,27,110,391,510,1802,226,364,8,114,0,36,0,24,3,169
791,0,148,0,2292,0,136,0,0,0,282,356,264,0,548,0,139,1654,197,554,61,485,826,61,88,111,628,1799,109,500,0,207,0,0,0,49,0,77
791,5,3881,44,7942,0,841,0,0,0,64,240,63,8,0,0,549,1387,734,311,908,582,181,599,72,61,260,1200,405,864,285,1429,85,0,174,82,11,0
792,0,2221,0,6016,0,49,0,7,0,454,61,4,0,19,0,44,707,554,1547,11,604,3093,235,113,9,67,5167,10,252,142,619,3,9,0,212,0,4
792,0,699,5,10546,0,0,0,0,0,30,146,0,0,40,30,0,1405,77,110,431,0,0,3659,134,0,0,0,191,107,481,550,88,23,60,146,0,0
792,0,206,0,2833,62,274,0,0,0,392,61,29,8,231,0,62,1459,297,459,0,3330,2876,1015,200,0,1446,2800,37,246,6,329,72,0,44,295,26,0
793,0,46,0,8312,4,1993,0,0,0,26,130,125,0,0,14,352,902,440,390,148,548,1009,98,22,10,82,7641,262,1068,0,116,122,6,9,0,0,1941
793,0,41,0,5638,0,2513,0,0,0,71,92,98,0,0,9,329,384,443,349,56,453,466,92,80,9,78,4271,143,419,0,82,154,5,5,0,0,1606
793,0,1093,0,4761,1957,1248,0,0,0,11,232,103,0,76,0,83,150,99,212,126,12,74,493,93,26,871,89,2036,461,0,67,27,9,636,0,0,6211
793,0,2533,0,6332,1518,4343,0,0,0,23,42,140,0,51,0,98,420,297,228,70,94,524,301,83,65,717,349,885,995,0,292,17,8,18,2,0,698
794,13,603,0,6329,0,1606,0,0,0,206,71,397,0,12,0,85,1295,111,57,59,948,556,232,100,2,546,2169,294,671,97,519,0,0,16,0,43,7
795,0,2677,0,6307,1467,407,3,0,0,29,77,672,0,34,0,35,1113,346,454,71,425,2778,294,17,127,507,3774,101,484,9,208,0,15,15,5,0,0
795,0,1141,4,1312,0,60,0,0,0,893,13,139,0,0,0,34,1084,255,679,24,1867,358,341,39,0,554,4599,128,446,5,46,0,0,13,133,0,14
796,0,27,0,1440,0,1338,0,0,0,25,57,306,0,0,0,151,1235,194,116,26,886,1602,23,170,646,222,2752,89,470,0,291,71,19,66,46,112,41
797,0,343,0,5695,44,210,0,0,0,91,104,0,0,37,0,86,805,310,103,20,679,1852,108,81,87,1039,3354,107,1883,10,420,0,0,34,41,0,0
798,0,415,0,10,0,272,0,0,0,90,237,48,0,5,0,127,1117,927,336,41,1202,0,248,13,108,166,4337,95,337,22,170,4,0,11,921,0,0
799,0,1078,0,6184,899,547,0,0,0,240,83,425,0,48,0,145,268,287,109,0,238,1433,55,35,1066,1776,3975,141,593,0,76,266,17,4,16,0,90
800,0,52,0,4562,0,0,0,0,0,0,25,0,0,60,0,27,2410,185,115,0,1233,1454,231,65,0,72,2163,11,31,28,86,0,0,574,335,0,7
800,0,245,0,4523,0,0,0,0,0,0,24,11,0,423,0,141,3787,156,211,0,2355,2595,985,416,0,120,5493,14,82,17,106,0,7,1666,366,0,22
852,0,182,0,2470,0,1449,0,0,0,71,416,448,0,65,0,463,1481,657,240,105,603,181,820,59,2173,2071,2681,369,1339,0,165,45,0,10,0,34,0
853,0,109,0,3554,182,332,0,20,0,34,111,72,0,0,0,231,426,267,649,21,337,3779,28,147,293,262,1096,326,1427,0,13,0,55,0,0,43,136
853,0,732,0,5915,1500,2245,0,0,0,21,79,106,0,110,0,178,300,1316,0,306,23,0,188,209,31,413,317,586,1252,0,402,0,0,234,0,20,682
854,0,95,0,2389,0,33,0,0,0,30,0,0,0,46,0,0,249,161,124,0,572,446,121,0,0,425,245,0,100,0,41,0,0,0,0,0,0
854,0,965,0,2991,0,351,0,0,0,809,96,76,0,0,0,97,1637,390,479,0,1205,1446,164,69,47,482,5434,69,1468,0,50,0,0,0,262,0,41
855,0,222,0,7643,2,627,0,0,0,267,27,37,0,0,0,37,657,172,206,0,1139,2789,40,10,68,12,7246,74,345,183,105,0,0,0,97,0,23
855,0,98,0,6008,0,2213,0,0,6,120,104,455,0,0,0,245,601,170,181,132,968,2536,242,189,21,204,5553,231,2816,2,119,125,0,0,5,0,33
855,0,194,0,11030,0,1629,0,0,0,192,12,12,0,45,8,12,150,283,358,0,217,717,34,21,36,18,1362,21,367,79,98,6,29,0,106,0,20
856,3,439,6,7798,0,1403,0,0,0,319,568,220,0,789,0,101,2530,1759,1484,84,3088,0,311,82,721,285,2924,212,1496,0,727,27,0,10,409,0,0
856,0,393,10,3545,0,443,0,0,0,305,2439,489,0,438,5,292,4069,1094,828,31,13001,0,549,45,1341,475,11591,492,667,23,772,71,0,11,439,0,0
856,0,214,0,4805,0,763,0,0,0,54,175,579,0,58,0,197,2183,228,138,85,1007,844,165,151,606,1388,2115,159,176,10,491,0,0,0,19,0,494
856,0,4208,18,5633,0,45,9,0,0,101,119,108,35,0,0,573,549,854,938,1044,626,0,1781,282,206,1010,716,512,48,342,341,87,13,178,182,64,0
864,0,190,0,2849,0,0,0,0,0,23,29,770,0,319,0,53,1644,320,857,0,1033,5253,130,480,0,523,4592,33,177,25,388,0,0,5,467,0,43
