pair_id,group_A,group_B,metric_distance,higgins_angle,metric_energy_delta,dominant_contrast_carrier,boundary_pressure_delta,rank,classification
P014,2000,2014,39.17866470882883,103.05574593553527,1255.6203425192402,Nuclear,999999999990003.5,1,STRONG_DIVERGENCE
P038,2001,2014,38.96233322754501,103.84780036317933,1267.6668477759915,Nuclear,999999999995668.0,2,STRONG_DIVERGENCE
P061,2002,2014,38.77242429496364,103.84194303358693,1274.4322783557122,Nuclear,999999999997310.1,3,STRONG_DIVERGENCE
P104,2004,2014,38.328395052045764,103.61461869509516,1288.524577436497,Nuclear,999999999999117.6,4,STRONG_DIVERGENCE
P083,2003,2014,38.2521498364839,101.25631587358534,1282.7975188195833,Nuclear,999999999998684.1,5,STRONG_DIVERGENCE
P124,2005,2014,38.24382943024509,103.90463992658331,1292.0487704364928,Nuclear,999999999999293.1,6,STRONG_DIVERGENCE
P143,2006,2014,38.2199286511637,104.34143467705638,1293.9867798713587,Nuclear,999999999999418.4,7,STRONG_DIVERGENCE
P161,2007,2014,38.06423780167688,103.45370123697238,1296.2329831898144,Nuclear,999999999999489.6,8,STRONG_DIVERGENCE
P194,2009,2014,38.044406387034854,104.74438212639073,1299.9494127129285,Nuclear,999999999999635.2,9,STRONG_DIVERGENCE
P209,2010,2014,38.003084062474734,105.11155005927475,1301.8374034238595,Nuclear,999999999999706.4,10,STRONG_DIVERGENCE
P178,2008,2014,37.932410926056,102.35294976411681,1297.2812044293948,Nuclear,999999999999543.5,11,STRONG_DIVERGENCE
P223,2011,2014,37.33692739524425,97.88032264930541,1304.6605776213485,Nuclear,999999999999752.9,12,STRONG_DIVERGENCE
P270,2014,2025,36.481284055004956,88.8779256772232,1317.2200597679293,Nuclear,999999999999920.4,13,STRONG_DIVERGENCE
P269,2014,2024,36.4144716617125,87.52343318054463,1316.6336788965564,Nuclear,999999999999912.4,14,STRONG_DIVERGENCE
P268,2014,2023,36.31773494874354,85.72536870748917,1316.5015990080533,Nuclear,999999999999899.4,15,STRONG_DIVERGENCE
P264,2014,2019,36.22782217999415,84.14669199417958,1314.157501377754,Nuclear,999999999999860.1,16,STRONG_DIVERGENCE
P266,2014,2021,36.113550302795424,82.10691689565259,1315.5214311085065,Nuclear,999999999999892.0,17,STRONG_DIVERGENCE
P263,2014,2018,35.898902862328065,78.79367726384655,1313.7751648469232,Nuclear,999999999999853.5,18,STRONG_DIVERGENCE
P267,2014,2022,35.88531657320742,77.92782723370736,1316.0003971959577,Nuclear,999999999999890.0,19,STRONG_DIVERGENCE
P265,2014,2020,35.86064921823433,78.05765277820763,1314.1935884176153,Nuclear,999999999999880.2,20,STRONG_DIVERGENCE
P262,2014,2017,35.437415636154334,71.98078775855234,1312.149119550252,Nuclear,999999999999827.4,21,STRONG_DIVERGENCE
P236,2012,2014,35.15454910161714,70.64293022792617,1304.745036875132,Nuclear,999999999999766.5,22,STRONG_DIVERGENCE
P261,2014,2016,34.949446022146844,65.36181532454634,1310.447246519137,Nuclear,999999999999801.2,23,STRONG_DIVERGENCE
P248,2013,2014,34.870572644974985,66.10702430233745,1306.9160586480275,Nuclear,999999999999788.5,24,STRONG_DIVERGENCE
P260,2014,2015,33.66755592026156,49.67460545972657,1305.7397077588735,Nuclear,999999999999772.6,25,STRONG_DIVERGENCE
P025,2000,2025,7.223275777699131,57.05779690364364,61.59971724868915,Solar,9916.855252918289,26,STRONG_DIVERGENCE
P015,2000,2015,7.219540375432219,59.20677767516743,50.11936523963331,Nuclear,9769.097345132745,27,STRONG_DIVERGENCE
P024,2000,2024,7.166770537617042,56.37258675407666,61.013336377316115,Solar,9908.924610051994,28,STRONG_DIVERGENCE
P020,2000,2020,7.096571174718825,56.39921515499704,58.57324589837504,Solar,9876.7824019025,29,STRONG_DIVERGENCE
P023,2000,2023,7.026002874809416,53.79072817417586,60.881256488813136,Solar,9895.922690763055,30,STRONG_DIVERGENCE
P021,2000,2021,6.995876484093234,53.94925372696933,59.90108858926622,Solar,9888.544025157235,31,STRONG_DIVERGENCE
P022,2000,2022,6.973230167305361,53.19133385362117,60.380054676717435,Solar,9886.53609341826,32,STRONG_DIVERGENCE
P019,2000,2019,6.648397217603109,48.783706783590304,58.537158858513855,Solar,9856.597855227883,33,STRONG_DIVERGENCE
P039,2001,2015,6.640536086044673,59.73219884471795,38.07285998288198,Nuclear,4104.657345132744,34,STRONG_DIVERGENCE
P017,2000,2017,6.6214748807410775,49.644147476806246,56.52877703101177,Solar,9823.871382636658,35,STRONG_DIVERGENCE
P018,2000,2018,6.563419843754589,47.61549745104401,58.15482232768296,Solar,9850.062415196746,36,STRONG_DIVERGENCE
P016,2000,2016,6.5375748690495765,49.18481593647734,54.8269039998968,Solar,9797.805243445695,37,STRONG_DIVERGENCE
P049,2001,2025,6.5068980222326305,56.70853515523958,49.55321199193782,Solar,4252.415252918288,38,STRONG_DIVERGENCE
P048,2001,2024,6.4528855141637305,56.01413372905025,48.966831120564784,Solar,4244.4846100519935,39,STRONG_DIVERGENCE
P044,2001,2020,6.400689398042448,56.1093002326413,46.52674064162371,Solar,4212.342401902498,40,STRONG_DIVERGENCE
P047,2001,2023,6.3198548760114335,53.58552215958226,48.834751232061805,Solar,4231.482690763052,41,STRONG_DIVERGENCE
P045,2001,2021,6.29058325149148,53.65165343683087,47.85458333251489,Solar,4224.104025157233,42,STRONG_DIVERGENCE
P062,2002,2015,6.281308458078339,59.779016845527615,31.30742940316132,Nuclear,2462.5119792790856,43,STRONG_DIVERGENCE
P046,2001,2022,6.2785390553802305,53.14743885200773,48.333549419966104,Solar,4222.096093418259,44,STRONG_DIVERGENCE
P072,2002,2025,6.1181591943534,57.27821973110302,42.787781412217164,Solar,2610.26988706463,45,STRONG_DIVERGENCE
P071,2002,2024,6.066231388182682,56.55607505922003,42.201400540844126,Solar,2602.339244198335,46,STRONG_DIVERGENCE
P067,2002,2020,6.021631570279538,56.51880997616739,39.76131006190305,Solar,2570.197036048839,47,STRONG_DIVERGENCE
P041,2001,2017,5.950952633943864,49.610691800637944,44.48227177426044,Solar,4159.431382636656,48,STRONG_DIVERGENCE
P043,2001,2019,5.945315795131788,48.440543213437316,46.490653601762524,Solar,4192.1578552278825,49,STRONG_DIVERGENCE
P070,2002,2023,5.929616977670892,54.06289609561759,42.06932065234115,Solar,2589.3373249093943,50,STRONG_DIVERGENCE
P068,2002,2021,5.9026555333668576,54.06066525691969,41.089152752794234,Solar,2581.9586593035747,51,STRONG_DIVERGENCE
P040,2001,2016,5.900652212193933,49.47317264736573,42.78039874314547,Solar,4133.3652434456935,52,STRONG_DIVERGENCE
P069,2002,2022,5.883499666721799,53.48350954306095,41.56811884024545,Solar,2579.950727564601,53,STRONG_DIVERGENCE
P042,2001,2018,5.869331620129411,47.40223476739693,46.108317070931626,Solar,4185.6224151967435,54,STRONG_DIVERGENCE
P013,2000,2013,5.853769342870896,41.10788350491187,51.295716128787255,Nuclear,9784.961013645227,55,STRONG_DIVERGENCE
P084,2003,2015,5.66027098349693,57.73827283870642,22.94218893929028,Nuclear,1088.4708391086474,56,STRONG_DIVERGENCE
P094,2003,2025,5.591143766264122,57.6728017337644,34.422540948346125,Solar,1236.228746894192,57,STRONG_DIVERGENCE
P064,2002,2017,5.565759833043788,49.77265075485997,37.71684119453978,Solar,2517.286016782998,58,STRONG_DIVERGENCE
P066,2002,2019,5.557076712595373,48.7502688229854,39.72522302204187,Solar,2550.012489374224,59,STRONG_DIVERGENCE
P093,2003,2024,5.535161697575202,56.785193490059385,33.83616007697309,Solar,1228.2981040278971,60,STRONG_DIVERGENCE
P063,2002,2016,5.516509804591843,49.51229211348475,36.01496816342481,Solar,2491.219877592035,61,STRONG_DIVERGENCE
P105,2004,2015,5.509147454123892,59.98923367220815,17.21513032237635,Nuclear,654.9241167862867,62,STRONG_DIVERGENCE
P065,2002,2018,5.476302782548439,47.60549992651043,39.34288649121097,Solar,2543.4770493430856,63,STRONG_DIVERGENCE
P089,2003,2020,5.465780229768622,56.00619059656238,31.396069598032014,Solar,1196.155895878401,64,STRONG_DIVERGENCE
P092,2003,2023,5.395103506186263,54.22594721969722,33.70408018847011,Solar,1215.2961847389563,65,STRONG_DIVERGENCE
P012,2000,2012,5.389133931754435,35.96624117717226,49.124694355891805,Nuclear,9762.987315010572,66,STRONG_DIVERGENCE
P090,2003,2021,5.3526240196754005,53.80928872597325,32.72391228892319,Solar,1207.9175191331367,67,STRONG_DIVERGENCE
P125,2005,2015,5.32905887102068,60.29139230891707,13.690937322380801,Nuclear,479.5022531082035,68,STRONG_DIVERGENCE
P091,2003,2022,5.322462373309398,53.09694177835045,33.20287837637441,Solar,1205.909587394163,69,STRONG_DIVERGENCE
P037,2001,2013,5.222444253797595,41.2227725649062,39.249210872035924,Nuclear,4120.521013645224,70,STRONG_DIVERGENCE
P115,2004,2025,5.219071801281487,58.157322479688425,28.695482331432196,Solar,802.6820245718313,71,STRONG_DIVERGENCE
P144,2006,2015,5.20030312389734,60.07020240762896,11.752927887514605,Nuclear,354.27234513274345,72,STRONG_DIVERGENCE
P114,2004,2024,5.169522743196531,57.30507350811662,28.109101460059158,Solar,794.7513817055365,73,STRONG_DIVERGENCE
P110,2004,2020,5.142080169089941,56.89612069704729,25.669010981118085,Solar,762.6091735560403,74,STRONG_DIVERGENCE
P113,2004,2023,5.041436522148703,54.95876080435797,27.97702157155618,Solar,781.7494624165955,75,STRONG_DIVERGENCE
P162,2007,2015,5.023043875792289,59.4334494991657,9.506724569059188,Nuclear,282.9674750028733,76,STRONG_DIVERGENCE
P088,2003,2019,5.01044568533212,48.43665068443829,31.359982558170827,Solar,1175.971349203786,77,STRONG_DIVERGENCE
P111,2004,2021,5.010246177141358,54.59013357503729,26.996853672009262,Solar,774.370796810776,78,STRONG_DIVERGENCE
P112,2004,2022,4.99510918507081,54.230486230572666,27.475819759460478,Solar,772.3628650718024,79,STRONG_DIVERGENCE
P086,2003,2017,4.97948267877273,48.61514330385267,29.351600730668743,Solar,1143.24487661256,80,STRONG_DIVERGENCE
P135,2005,2025,4.9734105556311485,58.332067043510804,25.171289331436647,Solar,627.2601608937481,81,STRONG_DIVERGENCE
P134,2005,2024,4.933586739101724,57.6027319929733,24.58490846006361,Solar,619.3295180274531,82,STRONG_DIVERGENCE
P130,2005,2020,4.926831951177891,57.30757521812412,22.144817981122536,Solar,587.1873098779571,83,STRONG_DIVERGENCE
P085,2003,2016,4.91095399214662,47.942244290073354,27.64972769955377,Solar,1117.178737421597,84,STRONG_DIVERGENCE
P087,2003,2018,4.903680010486001,46.82787693081193,30.97764602733993,Solar,1169.4359091726476,85,STRONG_DIVERGENCE
P179,2008,2015,4.854182795421148,57.96609434190528,8.458503329478564,Nuclear,229.12437215977047,86,STRONG_DIVERGENCE
P060,2002,2013,4.830937727314136,40.973910002903295,32.48378029231527,Nuclear,2478.3756477915663,87,STRONG_DIVERGENCE
P195,2009,2015,4.810974090610833,59.458922934436295,5.7902950459449265,Nuclear,137.34980414913684,88,STRONG_DIVERGENCE
P133,2005,2023,4.802326695999761,55.18761504090999,24.45282857156063,Solar,606.3275987385123,89,STRONG_DIVERGENCE
P131,2005,2021,4.78243669864322,54.920949843700996,23.472660672013713,Solar,598.9489331326928,90,STRONG_DIVERGENCE
P132,2005,2022,4.75706127321746,54.429119564244886,23.95162675946493,Solar,596.9410013937191,91,STRONG_DIVERGENCE
P036,2001,2012,4.754891856930345,35.94815829014074,37.078189099140474,Nuclear,4098.547315010571,92,STRONG_DIVERGENCE
P154,2006,2025,4.738034984769203,56.57826299819902,23.23327989657045,Solar,502.030252918288,93,STRONG_DIVERGENCE
P107,2004,2017,4.707466774619499,50.03162913377945,23.624542113754813,Solar,709.6981542901992,94,STRONG_DIVERGENCE
P210,2010,2015,4.703078638181932,59.45700700513518,3.9023043350138664,Nuclear,66.25510594699267,95,STRONG_DIVERGENCE
P153,2006,2024,4.694184526525593,55.79654771787239,22.646899025197413,Solar,494.0996100519931,96,STRONG_DIVERGENCE
P149,2006,2020,4.692994132043462,55.66227221749976,20.20680854625634,Solar,461.95740190249705,97,STRONG_DIVERGENCE
P106,2004,2016,4.6895472940969505,49.83046172083219,21.922669082639842,Solar,683.6320150992362,98,STRONG_DIVERGENCE
P109,2004,2019,4.676548897062097,49.189822378890064,25.632923941256898,Solar,742.4246268814254,99,STRONG_DIVERGENCE
P172,2007,2025,4.6107721424738894,57.394863884843616,20.987076578115037,Solar,430.72538278841785,100,STRONG_DIVERGENCE
P108,2004,2018,4.591832399633234,47.90130270744981,25.250587410426,Solar,735.8891868502869,101,STRONG_DIVERGENCE
P152,2006,2023,4.571400036586671,53.54181484839047,22.514819136694435,Solar,481.0976907630523,102,STRONG_DIVERGENCE
P171,2007,2024,4.571150933787926,56.62393152669404,20.400695706741995,Solar,422.794739922123,103,STRONG_DIVERGENCE
P167,2007,2020,4.564756493304473,56.15824415500278,17.96060522780092,Solar,390.65253177262696,104,STRONG_DIVERGENCE
P150,2006,2021,4.5495655657658824,53.26664559824669,21.534651237147518,Solar,473.71902515723275,105,STRONG_DIVERGENCE
P151,2006,2022,4.541749137455795,53.077830200276416,22.013617324598734,Solar,471.7110934182591,106,STRONG_DIVERGENCE
P127,2005,2017,4.50032108168606,50.37361101737494,20.100349113759265,Solar,534.276290612116,107,STRONG_DIVERGENCE
P126,2005,2016,4.488945736814479,50.11655531076138,18.398476082644294,Solar,508.210151421153,108,STRONG_DIVERGENCE
P129,2005,2019,4.4539282782435725,49.48402587103921,22.10873094126135,Solar,567.0027632033422,109,STRONG_DIVERGENCE
P189,2008,2025,4.453591709716883,55.92883484595397,19.93885533853441,Solar,376.882279945315,110,STRONG_DIVERGENCE
P170,2007,2023,4.437371709971709,54.15311205317448,20.268615818239013,Solar,409.79282063318215,111,STRONG_DIVERGENCE
P168,2007,2021,4.416117149090437,53.789979183603094,19.2884479186921,Solar,402.4141550273626,112,STRONG_DIVERGENCE
P188,2008,2024,4.409216639218893,55.09388484800763,19.35247446716137,Solar,368.95163707902014,113,STRONG_DIVERGENCE
P169,2007,2022,4.387720201121629,53.27884795021369,19.767414006143316,Solar,400.40622328838896,114,STRONG_DIVERGENCE
P184,2008,2020,4.385971368815513,54.42753065685421,16.9123839882203,Solar,336.8094289295241,115,STRONG_DIVERGENCE
P128,2005,2018,4.373496466640408,48.23257967987982,21.72639441043045,Solar,560.4673231722037,116,STRONG_DIVERGENCE
P059,2002,2012,4.3587947752611,35.563221886064234,30.312758519419816,Nuclear,2456.401949156913,117,STRONG_DIVERGENCE
P145,2006,2016,4.323341813789085,49.48767284495915,16.460466647778098,Nuclear,382.98024344569296,118,STRONG_DIVERGENCE
P146,2006,2017,4.298687561622105,49.24408654057581,18.16233967889307,Solar,409.04638263665595,119,STRONG_DIVERGENCE
P187,2008,2023,4.274341215832277,52.60819702528561,19.220394578658393,Solar,355.9497177900793,120,STRONG_DIVERGENCE
P185,2008,2021,4.243900853854283,52.12201646421486,18.240226679111476,Solar,348.57105218425977,121,STRONG_DIVERGENCE
P148,2006,2019,4.222745769203566,47.88283455294996,20.170721506395154,Solar,441.77285522788213,122,STRONG_DIVERGENCE
P186,2008,2022,4.217518081133783,51.62552905959068,18.719192766562692,Solar,346.56312044528613,123,STRONG_DIVERGENCE
P082,2003,2013,4.1705482731346395,38.489216115115134,24.118539828444227,Nuclear,1104.3345076211283,124,STRONG_DIVERGENCE
P147,2006,2018,4.155838032706744,46.85700355232124,19.788384975564256,Solar,435.23741519674365,125,STRONG_DIVERGENCE
P163,2007,2016,4.1451363015303,48.96231930700261,14.214263329322678,Nuclear,311.6753733158228,126,STRONG_DIVERGENCE
P164,2007,2017,4.141366487247626,49.11979315487391,15.916136360437653,Solar,337.74151250678585,127,STRONG_DIVERGENCE
P011,2000,2011,4.103149153818554,15.104087130888239,49.04023510210838,Wind,9749.42152466368,128,STRONG_DIVERGENCE
P166,2007,2019,4.086554815976069,48.2422266982839,17.924518187939736,Solar,370.4679850980119,129,STRONG_DIVERGENCE
P205,2009,2025,4.0821333544947755,52.81462402418752,17.270647055000772,Solar,285.1077119346814,130,STRONG_DIVERGENCE
P200,2009,2020,4.061827795599079,52.22440758235893,14.24417570468666,Solar,245.03486091889047,131,STRONG_DIVERGENCE
P224,2011,2015,4.048621571500509,52.43226391455059,1.0791301375249276,Nuclear,19.675820469066196,132,STRONG_DIVERGENCE
P204,2009,2024,4.041742083854276,52.089136043060705,16.684266183627734,Solar,277.1770690683865,133,STRONG_DIVERGENCE
P165,2007,2018,4.004427675556095,46.93793182862163,17.54218165710884,Solar,363.93254506687344,134,STRONG_DIVERGENCE
P103,2004,2013,3.9957024372223917,40.505655982188465,18.391481211530298,Nuclear,670.7877852987675,135,STRONG_DIVERGENCE
P180,2008,2016,3.9671868404063364,47.341992720791694,13.166042089742055,Nuclear,257.83227047272,136,STRONG_DIVERGENCE
P181,2008,2017,3.9570137195954245,47.36860567460363,14.86791512085703,Solar,283.89840966368297,137,STRONG_DIVERGENCE
P203,2009,2023,3.933854801607886,50.1065997858119,16.552186295124756,Solar,264.1751497794457,138,STRONG_DIVERGENCE
P202,2009,2022,3.9294437442756625,50.07577432092699,16.050984483029055,Solar,254.7885524346525,139,STRONG_DIVERGENCE
P201,2009,2021,3.9118832905054544,49.787081515498194,15.572018395577839,Solar,256.79648417362614,140,STRONG_DIVERGENCE
P183,2008,2019,3.910477482639411,46.559602310279615,16.876296948359112,Solar,316.62488225490915,141,STRONG_DIVERGENCE
P220,2010,2025,3.8817478690945872,51.86589201437357,15.382656344069714,Solar,214.01301373253722,142,STRONG_DIVERGENCE
P215,2010,2020,3.8706022300893483,51.31654717863269,12.3561849937556,Solar,173.9401627167463,143,STRONG_DIVERGENCE
P196,2009,2016,3.8488704946890007,48.06042925013742,10.497833806208417,Nuclear,166.05770246208635,144,STRONG_DIVERGENCE
P219,2010,2024,3.8377797877650086,51.05286568356615,14.796275472696674,Solar,206.08237086624234,145,STRONG_DIVERGENCE
P182,2008,2018,3.8237451829455593,45.19258791420686,16.493960417528214,Solar,310.0894422237707,146,STRONG_DIVERGENCE
P010,2000,2010,3.814094089854572,14.205990138138764,46.217060904619444,Wind,9702.842239185753,147,STRONG_DIVERGENCE
P123,2005,2013,3.807004836363522,40.656753166311056,14.867288211534749,Nuclear,495.3659216206843,148,STRONG_DIVERGENCE
P247,2012,2025,3.7586331774651924,54.047364777667205,12.47502289279735,Other Fossil,153.86793790771708,149,STRONG_DIVERGENCE
P217,2010,2022,3.744427978328315,49.358363726097416,14.162993772097995,Solar,183.69385423250833,150,STRONG_DIVERGENCE
P197,2009,2017,3.7399107357463746,46.77196346418824,12.199706837323392,Solar,192.12384165304937,151,STRONG_DIVERGENCE
P218,2010,2023,3.735375288495903,49.16737961770919,14.664195584193694,Solar,193.08045157730152,152,STRONG_DIVERGENCE
P216,2010,2021,3.716032114060053,48.855031665751696,13.684027684646779,Solar,185.70178597148197,153,STRONG_DIVERGENCE
P211,2010,2016,3.715000153243071,47.82360522027372,8.609843095277357,Nuclear,94.96300425994218,154,STRONG_DIVERGENCE
P142,2006,2013,3.69862866794402,40.66347164351315,12.929278776668554,Nuclear,370.13601364522424,155,STRONG_DIVERGENCE
P234,2011,2025,3.6913922267957644,52.62492941477909,12.559482146580775,Solar,167.43372825461074,156,STRONG_DIVERGENCE
P081,2003,2012,3.6816579317087057,32.8008686151636,21.947518055548777,Nuclear,1082.360808986475,157,STRONG_DIVERGENCE
P246,2012,2024,3.6662491439707714,52.174399705125445,11.88864202142431,Other Fossil,145.93729504142217,158,STRONG_DIVERGENCE
P009,2000,2009,3.6644842266666977,14.342953288035877,44.32907019368838,Wind,9631.747540983608,159,STRONG_DIVERGENCE
P233,2011,2024,3.6331376776537128,51.433170106166166,11.973101275207735,Solar,159.50308538831587,160,STRONG_DIVERGENCE
P199,2009,2019,3.591529653323521,44.44174802754476,14.208088664825475,Solar,224.8503142442755,161,STRONG_DIVERGENCE
P212,2010,2017,3.5779881629853034,46.21556202378309,10.311716126392332,Solar,121.0291434509052,162,STRONG_DIVERGENCE
P229,2011,2020,3.5653341034908967,49.644769572831805,9.53301079626666,Solar,127.36087723881982,163,STRONG_DIVERGENCE
P198,2009,2018,3.55523661401275,43.89099713197902,13.825752133994579,Solar,218.31487421313702,164,STRONG_DIVERGENCE
P102,2004,2012,3.523751147404654,34.768766917032835,16.220459438634848,Nuclear,648.8140866641143,165,STRONG_DIVERGENCE
P160,2007,2013,3.495397084288107,39.63191755696948,10.683075458213136,Nuclear,298.83114351535414,166,STRONG_DIVERGENCE
P232,2011,2023,3.4771224760265715,48.536219745836085,11.841021386704755,Solar,146.50116609937504,167,STRONG_DIVERGENCE
P245,2012,2023,3.4434407284250033,48.04042590104114,11.75656213292133,Other Fossil,132.93537575248132,168,STRONG_DIVERGENCE
P280,2015,2025,3.441614244908551,49.550126923252876,11.480352009055848,Nuclear,147.75790778554455,169,STRONG_DIVERGENCE
P230,2011,2021,3.4283383582534754,47.58870942577149,10.86085348715784,Solar,139.1225004935555,170,STRONG_DIVERGENCE
P214,2010,2019,3.402257010208597,43.56104534139272,12.320097953894415,Solar,153.75561604213132,171,STRONG_DIVERGENCE
P259,2013,2025,3.3800149356482057,50.24314031190859,10.3040011199019,Other Fossil,131.89423927306376,172,STRONG_DIVERGENCE
P213,2010,2018,3.3763669251033437,43.160848370975366,11.937761423063519,Solar,147.22017601099284,173,STRONG_DIVERGENCE
P231,2011,2022,3.3754093072761435,46.67719284563316,11.339819574609056,Solar,137.11456875458185,174,STRONG_DIVERGENCE
P193,2009,2013,3.3450179636173205,40.258903218931835,6.9666459350988745,Nuclear,153.21347266161766,175,STRONG_DIVERGENCE
P122,2005,2012,3.3438883652067917,34.8632493687793,12.696266438639299,Nuclear,473.392222986031,176,STRONG_DIVERGENCE
P008,2000,2008,3.3337783927664026,11.987198352572234,41.66086191015474,Wind,9539.972972972975,177,STRONG_DIVERGENCE
P279,2015,2024,3.3317727904522627,47.45655626146049,10.893971137682808,Nuclear,139.82726491924967,178,STRONG_DIVERGENCE
P177,2008,2013,3.3286249550055897,38.195937012228946,9.634854218632512,Nuclear,244.9880406722513,179,STRONG_DIVERGENCE
P035,2001,2011,3.316670075721458,13.423215292201016,36.99372984535705,Wind,4084.9815246636776,180,STRONG_DIVERGENCE
P258,2013,2024,3.2772823581704977,48.20993523672301,9.71762024852886,Other Fossil,123.96359640676886,181,STRONG_DIVERGENCE
P208,2010,2013,3.272569755504447,40.56637161580429,5.0786552241678145,Nuclear,82.11877445947349,182,STRONG_DIVERGENCE
P243,2012,2021,3.271231983813254,44.9453000481155,10.776394233374415,Other Fossil,125.55671014666181,183,STRONG_DIVERGENCE
P141,2006,2012,3.2627694833066228,35.09795080301455,10.758257003773103,Nuclear,348.162315010571,184,STRONG_DIVERGENCE
P242,2012,2020,3.2534935590144776,44.56442106356263,9.448551542483235,Other Fossil,113.79508689192613,185,STRONG_DIVERGENCE
P007,2000,2007,3.2069828410660794,11.08436960511095,40.61264067057412,Wind,9486.129870129871,186,STRONG_DIVERGENCE
P278,2015,2023,3.1175261869093154,43.505655931960504,10.761891249179827,Nuclear,126.82534563030883,187,STRONG_DIVERGENCE
P225,2011,2016,3.1009752340680814,41.315860833850834,5.786668897788418,Nuclear,48.383718782015706,188,STRONG_DIVERGENCE
P226,2011,2017,3.091392993223397,41.577101539703996,7.488541928903393,Solar,74.44985797297872,189,STRONG_DIVERGENCE
P228,2011,2019,3.091028495207535,41.774986686752065,9.496923756405476,Solar,107.17633056420485,190,STRONG_DIVERGENCE
P159,2007,2012,3.0492305416224506,33.8428109965414,8.512053685317685,Nuclear,276.85744488070077,191,STRONG_DIVERGENCE
P257,2013,2023,3.0435336215104765,43.883708953010704,9.58554036002588,Other Fossil,110.96167711782802,192,STRONG_DIVERGENCE
P244,2012,2022,3.043024982742031,40.81943835130514,11.25536032082563,Solar,123.54877840768815,193,STRONG_DIVERGENCE
P241,2012,2019,3.002382836615819,40.410408671528366,9.41246450262205,Other Fossil,93.61054021731115,194,STRONG_DIVERGENCE
P034,2001,2010,2.986067194725397,11.606603778935558,34.17055564786811,Wind,4038.402239185751,195,STRONG_DIVERGENCE
P192,2009,2012,2.977842574239435,35.097827984982935,4.795624162203424,Nuclear,131.23977402696434,196,STRONG_DIVERGENCE
P227,2011,2018,2.9659062253752944,39.7297887885129,9.11458722557458,Solar,100.64089053306637,197,STRONG_DIVERGENCE
P006,2000,2006,2.9546769983850805,9.472038902261263,38.3664373521187,Wind,9414.825000000003,198,STRONG_DIVERGENCE
P207,2010,2012,2.9414285509907923,35.63923305561348,2.907633451272364,Nuclear,60.14507582482017,199,STRONG_DIVERGENCE
P276,2015,2021,2.894212202701694,39.66273540633937,9.781723349632912,Nuclear,119.44668002448931,200,STRONG_DIVERGENCE
P176,2008,2012,2.89254326450632,32.52684888686471,7.4638324457370615,Nuclear,223.01434203759797,201,STRONG_DIVERGENCE
P058,2002,2011,2.8511732482162646,12.58632092152027,30.22829926563639,Wind,2442.8361588100192,202,STRONG_DIVERGENCE
P255,2013,2021,2.850410980208751,40.47294896434226,8.605372460478964,Other Fossil,103.5830115120085,203,STRONG_DIVERGENCE
P033,2001,2009,2.8323073986420306,11.718287795233799,32.28256493693705,Wind,3967.307540983607,204,STRONG_DIVERGENCE
P274,2015,2019,2.8313754808390126,38.7564657941913,8.417793618880548,Nuclear,87.50051009513865,205,STRONG_DIVERGENCE
P005,2000,2005,2.8062626492300504,9.456001404222732,36.428427917252506,Wind,9289.595092024541,206,STRONG_DIVERGENCE
P254,2013,2020,2.801332328715301,39.63169487222027,7.277529769587785,Other Fossil,91.82138825727282,207,STRONG_DIVERGENCE
P275,2015,2020,2.726100368850955,37.011618182673814,8.453880658741733,Nuclear,107.68505676975363,208,STRONG_DIVERGENCE
P240,2012,2018,2.6183039319683643,34.15902349559898,9.030127971791154,Solar,87.07510018617268,209,STRONG_DIVERGENCE
P253,2013,2019,2.6134296941076745,36.52468959251958,7.2414427297266,Other Fossil,71.63684158265784,210,STRONG_DIVERGENCE
P277,2015,2022,2.592308692446754,34.05566310488641,10.260689437084128,Nuclear,117.43874828551564,211,STRONG_DIVERGENCE
P256,2013,2022,2.591301967242404,35.74610400907739,9.08433854793018,Other Fossil,101.57507977303483,212,STRONG_DIVERGENCE
P222,2011,2013,2.558417007001185,32.76984091946628,2.2554810266788756,Nuclear,35.53948898154701,213,STRONG_DIVERGENCE
P057,2002,2010,2.534659010706297,11.061465926258585,27.405125068147452,Wind,2396.2568733320927,214,STRONG_DIVERGENCE
P032,2001,2008,2.5141240240611666,9.601840955679087,29.614356653403412,Wind,3875.5329729729733,215,STRONG_DIVERGENCE
P004,2000,2004,2.5140021713183622,8.739640462255124,32.90423491725696,Wind,9114.173228346459,216,STRONG_DIVERGENCE
P289,2016,2025,2.4734109821889314,38.52247196968855,6.772813248792357,Other Fossil,119.05000947259505,217,STRONG_DIVERGENCE
P273,2015,2018,2.4136531685890628,31.95416289663867,8.035457088049652,Nuclear,80.96507006400017,218,STRONG_DIVERGENCE
P031,2001,2007,2.3866891545367594,8.674282572570684,28.56613541382279,Wind,3821.6898701298705,219,STRONG_DIVERGENCE
P056,2002,2009,2.3758961490100097,10.993696711660386,25.517134357216392,Wind,2325.1621751299485,220,STRONG_DIVERGENCE
P239,2012,2017,2.368335676467334,30.585845624786923,7.404082675119968,Solar,60.88406762608503,221,STRONG_DIVERGENCE
P288,2016,2024,2.3425457252819095,36.13985573206465,6.186432377419317,Other Fossil,111.11936660630016,222,STRONG_DIVERGENCE
P237,2012,2015,2.203489286720278,27.82918923359596,0.9946708837415024,Solar,6.110030122172503,223,STRONG_DIVERGENCE
P221,2011,2012,2.2006349874139537,27.464217909627962,0.08445925378342523,Nuclear,13.565790346893692,224,STRONG_DIVERGENCE
P252,2013,2018,2.1930998027825006,29.680377939138502,6.859106198895704,Other Fossil,65.10140155151936,225,STRONG_DIVERGENCE
P080,2003,2011,2.1882628270047633,10.358216006361578,21.86305880176535,Solar,1068.7950186395813,226,STRONG_DIVERGENCE
P030,2001,2006,2.122300534288911,6.752924736606094,26.31993209536737,Wind,3750.385,227,STRONG_DIVERGENCE
P287,2016,2023,2.0790518258501463,31.286501607289807,6.0543524889163365,Other Fossil,98.11744731735932,228,STRONG_DIVERGENCE
P055,2002,2008,2.03442088067265,8.426061204792813,22.848926073682755,Wind,2233.387607119315,229,STRONG_DIVERGENCE
P003,2000,2003,2.010074242537227,6.684369409707761,27.177176300343028,Wind,8680.626506024098,230,STRONG_DIVERGENCE
P029,2001,2005,1.983975249493856,7.023259622757485,24.381922660501175,Wind,3625.1550920245404,231,STRONG_DIVERGENCE
P079,2003,2010,1.9480131964120808,10.380038017180699,19.039884604276413,Wind,1022.2157331616547,232,STRONG_DIVERGENCE
P272,2015,2017,1.93063116255478,24.805977915154436,6.409411791378465,Nuclear,54.774037503912524,233,STRONG_DIVERGENCE
P054,2002,2007,1.9007211491994762,7.371124626762218,21.80070483410213,Wind,2179.544504276212,234,STRONG_DIVERGENCE
P238,2012,2016,1.8798712220068592,23.681607566868163,5.702209644004993,Solar,34.81792843512201,235,STRONG_DIVERGENCE
P251,2013,2017,1.8688358732494357,24.98671538047374,5.233060902224517,Solar,38.91036899143171,236,STRONG_DIVERGENCE
P285,2016,2021,1.8622864953034757,27.72873163670256,5.0741845893694215,Other Fossil,90.7387817115398,237,STRONG_DIVERGENCE
P297,2017,2025,1.7964830073728146,28.188921837515544,5.070940217677382,Other Fossil,92.98387028163204,238,STRONG_DIVERGENCE
P078,2003,2009,1.78640394851551,10.099307224539748,17.151893893345353,Wind,951.1210349595106,239,STRONG_DIVERGENCE
P101,2004,2011,1.7854780106890713,10.4581161685576,16.136000184851422,Solar,635.2482963172206,240,STRONG_DIVERGENCE
P284,2016,2020,1.7716019370372038,26.48669822919563,3.746341898478242,Other Fossil,78.97715845680412,241,STRONG_DIVERGENCE
P028,2001,2004,1.6848353464869406,6.204039023142057,20.857729660505626,Wind,3449.733228346457,242,STRONG_DIVERGENCE
P283,2016,2019,1.6732057891505538,24.86218040324973,3.7102548586170574,Nuclear,58.79261178218914,243,STRONG_DIVERGENCE
P053,2002,2006,1.6467600484815599,5.693765620346911,19.554501515646713,Wind,2108.239634146342,244,STRONG_DIVERGENCE
P296,2017,2024,1.6428429406365912,25.57137798039005,4.4845593463043425,Other Fossil,85.05322741533715,245,STRONG_DIVERGENCE
P249,2013,2015,1.60958323303599,20.742130008332808,1.176350889153948,Nuclear,15.863668512480814,246,STRONG_DIVERGENCE
P286,2016,2022,1.552954220627981,21.792915783768606,5.553150676820637,Other Fossil,88.73084997256613,247,STRONG_DIVERGENCE
P121,2005,2011,1.5386272695154788,10.569247198558473,12.611807184855873,Solar,459.8264326391373,248,STRONG_DIVERGENCE
P052,2002,2005,1.4961441691235842,5.678279084818649,17.616492080780517,Wind,1983.009726170882,249,STRONG_DIVERGENCE
P100,2004,2010,1.4492146732753048,8.430007610814839,13.312825987362483,Solar,588.6690108392941,250,STRONG_DIVERGENCE
P304,2018,2025,1.4011312891865442,23.044505392891928,3.4448949210061954,Other Fossil,66.79283772154439,251,STRONG_DIVERGENCE
P295,2017,2023,1.3931217899580461,20.925091647802574,4.352479457801362,Nuclear,72.05130812639631,252,STRONG_DIVERGENCE
P077,2003,2008,1.387506005484319,6.529904812604265,14.483685609811715,Wind,859.3464669488769,253,STRONG_DIVERGENCE
P140,2006,2011,1.3558080873933933,9.793075101952766,10.673797749989678,Solar,334.59652466367726,254,STRONG_DIVERGENCE
P271,2015,2016,1.320047814318257,16.25905519478246,4.707538760263491,Nuclear,28.70789831294951,255,STRONG_DIVERGENCE
P002,2000,2002,1.3160568240100783,3.8784429866228143,18.81193583647199,Wind,7306.58536585366,256,STRONG_DIVERGENCE
P250,2013,2016,1.3019704874644575,16.9692839975348,3.531187871109543,Solar,12.844229800468696,257,STRONG_DIVERGENCE
P099,2004,2009,1.2866105406822144,8.090461126514484,11.424835276431423,Solar,517.5743126371499,258,STRONG_DIVERGENCE
P076,2003,2007,1.2707327463322178,5.835839871960663,13.435464370231092,Wind,805.5033641057742,259,STRONG_DIVERGENCE
P303,2018,2024,1.2422139313348002,20.326935118789066,2.858514049633156,Other Fossil,58.8621948552495,260,STRONG_DIVERGENCE
P120,2005,2010,1.2249436735183623,8.77896285921806,9.788632987366935,Other Fossil,413.2471471612108,261,STRONG_DIVERGENCE
P282,2016,2018,1.218207797652662,17.45071914765324,3.3279183277861613,Nuclear,52.25717175105066,262,STRONG_DIVERGENCE
P027,2001,2003,1.2159780071471216,4.770466640730764,15.130671043591697,Wind,3016.186506024096,263,STRONG_DIVERGENCE
P051,2002,2004,1.2061307551078042,5.0095752356567,14.092299080784969,Wind,1807.5878624927986,264,STRONG_DIVERGENCE
P293,2017,2021,1.1402057481905572,16.995553163113883,3.372311558254447,Other Fossil,64.67264252057679,265,STRONG_DIVERGENCE
P158,2007,2011,1.125948113059648,8.616889656233571,8.42759443153426,Solar,263.2916545338071,266,STRONG_DIVERGENCE
P292,2017,2020,1.0424597425921913,16.007805448481484,2.0444688673632676,Other Fossil,52.911019265841105,267,STRONG_DIVERGENCE
P075,2003,2006,1.0421795173806072,4.718948892133286,11.189261051775674,Wind,734.198493975904,268,STRONG_DIVERGENCE
P119,2005,2009,1.0392933851517998,7.850368894030422,7.900642276435875,Other Fossil,342.15244895906665,269,STRONG_DIVERGENCE
P310,2019,2025,1.021866982781259,16.148965785098905,3.0625583901752993,Other Fossil,60.25739769040591,270,STRONG_DIVERGENCE
P302,2018,2023,0.9842331380080602,15.522559957574291,2.7264341611301752,Other Fossil,45.86027556630866,271,MODERATE_DIVERGENCE
P322,2022,2025,0.9602409167782103,17.484535221440893,1.2196625719717193,Other Fossil,30.319159500028917,272,MODERATE_DIVERGENCE
P139,2006,2010,0.9526887089467356,6.500363828968807,7.850623552500739,Solar,288.0172391857508,273,MODERATE_DIVERGENCE
P175,2008,2011,0.9502223954652578,6.88841846565186,7.379373191953636,Solar,209.44855169070428,274,MODERATE_DIVERGENCE
P291,2017,2019,0.9419667832161248,14.340145113482215,2.008381827502083,Nuclear,32.72647259122613,275,MODERATE_DIVERGENCE
P315,2020,2025,0.9268641255216772,14.263810637658453,3.0264713503141145,Nuclear,40.07285101579093,276,MODERATE_DIVERGENCE
P098,2004,2008,0.9146944409804972,5.070320852646112,8.756626992897786,Wind,425.79974462651626,277,MODERATE_DIVERGENCE
P294,2017,2022,0.9038149541457039,11.83920557130124,3.8512776457056628,Other Fossil,62.66471078160312,278,MODERATE_DIVERGENCE
P191,2009,2011,0.8924868419488466,8.832224079818657,4.711164908419999,Nuclear,117.67398368007065,279,MODERATE_DIVERGENCE
P074,2003,2005,0.8881030229852249,4.47622477279449,9.251251616909478,Wind,608.9685860004439,280,MODERATE_DIVERGENCE
P157,2007,2010,0.877854928145664,7.64930369959043,5.604420234045321,Other Fossil,216.71236905588063,281,MODERATE_DIVERGENCE
P309,2019,2024,0.8551861091028136,13.458775468579628,2.4761775188022597,Other Fossil,52.32675482411102,282,MODERATE_DIVERGENCE
P001,2000,2001,0.8478459611375836,2.818940681527431,12.046505256751331,Wind,5664.440000000001,283,MODERATE_DIVERGENCE
P206,2010,2011,0.8378426019884997,9.401280077677892,2.823174197488939,Nuclear,46.579285477926476,284,MODERATE_DIVERGENCE
P321,2022,2024,0.8359013335579574,15.181276648973517,0.6332817005986797,Other Fossil,22.388516633734028,285,MODERATE_DIVERGENCE
P138,2006,2009,0.7939623900662602,6.064965875368056,5.962632841569679,Wind,216.9225409836066,286,MODERATE_DIVERGENCE
P299,2018,2020,0.7814362989282642,12.806647448244574,0.4184235706920809,Other Fossil,26.719986705753456,287,MODERATE_DIVERGENCE
P097,2004,2007,0.7765870445687357,3.9832456933331235,7.708405753317162,Wind,371.95664178341343,288,MODERATE_DIVERGENCE
P281,2016,2017,0.767881969213521,10.946784075293353,1.7018730311149746,Other Fossil,26.066139190963014,289,MODERATE_DIVERGENCE
P050,2002,2003,0.7576012954323174,3.7738017267838004,8.36524046387104,Wind,1374.041140170438,290,MODERATE_DIVERGENCE
P300,2018,2021,0.7571736668727787,12.051055427272816,1.7462662615832603,Other Fossil,38.48160996048914,291,MODERATE_DIVERGENCE
P314,2020,2024,0.745508496107639,11.329342432523887,2.440090478941075,Nuclear,32.14220814949604,292,MODERATE_DIVERGENCE
P174,2008,2010,0.7450871749361198,6.677070450778994,4.5561989944646974,Other Fossil,162.8692662127778,293,MODERATE_DIVERGENCE
P319,2021,2025,0.6959751395997428,11.76280432049023,1.6986286594229352,Bioenergy,28.31122776105525,294,MODERATE_DIVERGENCE
P156,2007,2009,0.6805344571479613,6.31383606124177,3.716429523114261,Other Fossil,145.61767085373646,295,MODERATE_DIVERGENCE
P313,2020,2023,0.6440632683604465,9.434964692690437,2.3080105904380943,Nuclear,19.140288860555202,296,MODERATE_DIVERGENCE
P235,2012,2013,0.6398569747278474,7.5395503751110935,2.1710217728954504,Solar,21.973698634653317,297,MODERATE_DIVERGENCE
P118,2005,2008,0.6254781926010476,4.261680082294857,5.232433992902237,Solar,250.37788094843302,298,MODERATE_DIVERGENCE
P308,2019,2023,0.6221557527655895,8.904379945507829,2.344097630299279,Bioenergy,39.32483553517018,299,MODERATE_DIVERGENCE
P301,2018,2022,0.6011722863532878,8.578203169486825,2.225232349034476,Solar,36.47367822151547,300,MODERATE_DIVERGENCE
P305,2019,2020,0.5916597033693066,9.792590280165218,0.03608703986118478,Nuclear,20.184546674614978,301,MODERATE_DIVERGENCE
P073,2003,2004,0.5824908157361852,3.3324141756589025,5.727058616913929,Wind,433.54672232236067,302,MODERATE_DIVERGENCE
P312,2020,2022,0.5554172093215642,8.357582279435038,1.8068087783423952,Other Fossil,9.753691515762014,303,MODERATE_DIVERGENCE
P320,2022,2023,0.5551450108099307,10.000686813725437,0.5012018120956991,Nuclear,9.386597344793188,304,MODERATE_DIVERGENCE
P173,2008,2009,0.5459607396594613,5.277428968858742,2.6682082835336374,Other Fossil,91.77456801063363,305,MODERATE_DIVERGENCE
P307,2019,2022,0.5315250483547768,7.821024328892486,1.84289581820358,Nuclear,29.938238190376993,306,MODERATE_DIVERGENCE
P096,2004,2006,0.5147595915163357,2.195393215595795,5.462202434861744,Solar,300.6517716535433,307,MODERATE_DIVERGENCE
P318,2021,2024,0.5144514862615838,8.732648595247824,1.1122477880498955,Other Fossil,20.38058489476036,308,MODERATE_DIVERGENCE
P290,2017,2018,0.5079445208402903,7.1965581015517515,1.6260452966711867,Nuclear,26.19103256008765,309,MODERATE_DIVERGENCE
P026,2001,2002,0.49668891644538343,1.524796811457089,6.7654305797206575,Wind,1642.1453658536584,310,MODERATE_DIVERGENCE
P137,2006,2008,0.4864626894333145,3.9883905904014387,3.2944245580360416,Nuclear,125.14797297297298,311,MODERATE_DIVERGENCE
P298,2018,2019,0.4679858258773958,7.623566734675846,0.38233653083089614,Other Fossil,6.535440031138478,312,MODERATE_DIVERGENCE
P324,2023,2025,0.4565906862255409,8.287151334620756,0.7184607598760202,Other Fossil,20.93256215523573,313,MODERATE_DIVERGENCE
P117,2005,2007,0.4495985945455398,2.5915964532886493,4.184212753321614,Wind,196.5347781053302,314,MODERATE_DIVERGENCE
P306,2019,2021,0.4364955159444518,6.586051330200778,1.3639297307523641,Other Fossil,31.94616992935066,315,MODERATE_DIVERGENCE
P316,2021,2022,0.42469194733615373,7.426051150276011,0.4789660874512158,Other Fossil,2.0079317389736673,316,MODERATE_DIVERGENCE
P095,2004,2005,0.3919659988999332,2.4786725045331766,3.524192999995549,Hydro,175.42186367808324,317,MODERATE_DIVERGENCE
P136,2006,2007,0.37173969786153865,3.2121754700713376,2.246203318455418,Hydro,71.30487012987015,318,MODERATE_DIVERGENCE
P311,2020,2021,0.3396256379484563,4.710529853138205,1.3278426908911793,Nuclear,11.761623254735682,319,MODERATE_DIVERGENCE
P317,2021,2023,0.3340790125045886,5.3329000277104095,0.980167899546915,Nuclear,7.378665605819521,320,MODERATE_DIVERGENCE
P323,2023,2024,0.3276012057395553,6.0418218329497835,0.13207988850298058,Other Fossil,13.00191928894084,321,MODERATE_DIVERGENCE
P116,2005,2006,0.3162106958154217,2.6642023508475408,1.9380094348661956,Other Fossil,125.22990797546004,322,MODERATE_DIVERGENCE
P190,2009,2010,0.282317711920328,2.4031591966928803,1.88799071093106,Solar,71.09469820214417,323,WEAK_DIVERGENCE
P325,2024,2025,0.22165070814766033,3.759846546592248,0.5863808713730396,Bioenergy,7.930642866294889,324,WEAK_DIVERGENCE
P155,2007,2008,0.2132334221181432,2.0078872829718066,1.0482212395806236,Nuclear,53.84310284310283,325,WEAK_DIVERGENCE
