degree_k,subset_id,carrier_subset,subset_metric_energy,subset_boundary_pressure,subset_stability_score,dominant_time_window,rank,classification
2,S0024,Nuclear-Solar,24.67799804982279,22160117434508.68,0.000123986716393827,2014,1,UNSTABLE_SUBCOMPOSITION
2,S0025,Nuclear-Wind,24.00311210689097,4714317976514.098,0.000153200748683002,2014,2,UNSTABLE_SUBCOMPOSITION
2,S0015,Gas-Nuclear,23.505562520541034,424269798253539.0,8.451773401015007e-05,2014,3,UNSTABLE_SUBCOMPOSITION
2,S0010,Coal-Nuclear,22.98552132559668,334613068352906.75,8.688897256462424e-05,2014,4,UNSTABLE_SUBCOMPOSITION
2,S0023,Nuclear-Other Fossil,20.826043374439415,115119692863596.3,9.866686390326778e-05,2014,5,UNSTABLE_SUBCOMPOSITION
2,S0019,Hydro-Nuclear,20.345072751297202,76887609153870.3,0.00010376463809412947,2014,6,UNSTABLE_SUBCOMPOSITION
2,S0004,Bioenergy-Nuclear,19.915328221465717,22235395965071.758,0.00012212838982789774,2014,7,UNSTABLE_SUBCOMPOSITION
2,S0018,Gas-Wind,11.345472259875143,2351.0,0.030658447070877743,2000,8,UNSTABLE_SUBCOMPOSITION
2,S0013,Coal-Wind,11.036251954485463,2166.818181818182,0.029047767854799823,2000,9,UNSTABLE_SUBCOMPOSITION
2,S0017,Gas-Solar,7.831130554786356,761.2941176470588,0.02372552985462082,2000,10,UNSTABLE_SUBCOMPOSITION
2,S0012,Coal-Solar,7.685553180090504,701.7058823529411,0.02237737600919841,2000,11,UNSTABLE_SUBCOMPOSITION
2,S0027,Other Fossil-Wind,7.04924098919976,1662.6363636363637,0.02160396733362577,2000,12,UNSTABLE_SUBCOMPOSITION
2,S0022,Hydro-Wind,5.8016715023473475,768.9090909090909,0.03997491666723446,2000,13,UNSTABLE_SUBCOMPOSITION
2,S0026,Other Fossil-Solar,5.722541035034957,538.5882352941176,0.027792040890488638,2000,14,UNSTABLE_SUBCOMPOSITION
2,S0021,Hydro-Solar,4.036966953232606,249.44117647058818,0.045437875665374695,2000,15,UNSTABLE_SUBCOMPOSITION
2,S0002,Bioenergy-Gas,3.5265887429883813,20.678716674197922,0.6574971647689776,2012,16,MODERATE_SUBCOMPOSITION
2,S0001,Bioenergy-Coal,3.3154671368161885,17.365096952908587,0.7178426525118018,2004,17,MODERATE_SUBCOMPOSITION
2,S0007,Bioenergy-Wind,2.4705958229662603,147.45454545454547,0.11668773810436188,2000,18,UNSTABLE_SUBCOMPOSITION
2,S0006,Bioenergy-Solar,1.7548161752422293,48.382352941176464,0.19537193246590054,2000,19,UNSTABLE_SUBCOMPOSITION
2,S0005,Bioenergy-Other Fossil,1.3698925115313652,12.345747982619491,0.4825570586025131,2000,20,UNSTABLE_SUBCOMPOSITION
2,S0016,Gas-Other Fossil,1.254488520556838,17.17700513630976,0.3767912840857017,2020,21,UNSTABLE_SUBCOMPOSITION
2,S0011,Coal-Other Fossil,1.1093338893449245,14.443303042275781,0.41795499002653996,2020,22,UNSTABLE_SUBCOMPOSITION
2,S0014,Gas-Hydro,1.101301943120496,6.857269056032307,0.8999799933573003,2017,23,MODERATE_SUBCOMPOSITION
2,S0028,Solar-Wind,1.0815374691086386,10.674698795180722,0.46094462003871045,2023,24,UNSTABLE_SUBCOMPOSITION
2,S0009,Coal-Hydro,0.9725050416423577,5.745265151515151,0.9637299157052817,2019,25,STABLE_SUBCOMPOSITION
2,S0003,Bioenergy-Hydro,0.7503269112014651,6.24332712600869,0.8785556998327052,2000,26,MODERATE_SUBCOMPOSITION
2,S0020,Hydro-Other Fossil,0.26442703545159074,4.178000000000001,0.9666748530512385,2024,27,STABLE_SUBCOMPOSITION
2,S0008,Coal-Gas,0.012553125483323503,2.35393839156502,0.9998102897707888,2016,28,STABLE_SUBCOMPOSITION
3,S0071,Gas-Nuclear-Wind,39.23609792487143,428984116230052.1,6.279500619270988e-05,2014,1,UNSTABLE_SUBCOMPOSITION
3,S0061,Coal-Nuclear-Wind,38.68325692464874,339327386329419.9,6.387794160668795e-05,2014,2,UNSTABLE_SUBCOMPOSITION
3,S0070,Gas-Nuclear-Solar,37.343127416766784,446429915688046.7,5.7422835396217995e-05,2014,3,UNSTABLE_SUBCOMPOSITION
3,S0060,Coal-Nuclear-Solar,36.89938170367331,356773185787414.4,5.834523865192871e-05,2014,4,UNSTABLE_SUBCOMPOSITION
3,S0082,Nuclear-Other Fossil-Wind,34.585597647020094,119834010840109.4,6.851070203965298e-05,2014,5,UNSTABLE_SUBCOMPOSITION
3,S0081,Nuclear-Other Fossil-Solar,34.15105497286476,137279810298103.98,6.250696150389365e-05,2014,6,UNSTABLE_SUBCOMPOSITION
3,S0077,Hydro-Nuclear-Wind,33.433237573690334,81601927130383.39,7.051547368872603e-05,2014,7,UNSTABLE_SUBCOMPOSITION
3,S0083,Nuclear-Solar-Wind,33.175098417214926,26874435411021.777,7.736627328394097e-05,2014,8,UNSTABLE_SUBCOMPOSITION
3,S0076,Hydro-Nuclear-Solar,32.70669183623506,99047726588377.98,6.407158069848805e-05,2014,9,UNSTABLE_SUBCOMPOSITION
3,S0036,Bioenergy-Gas-Nuclear,31.29831965666343,446505194218609.75,5.659203567180489e-05,2014,10,UNSTABLE_SUBCOMPOSITION
3,S0051,Coal-Gas-Nuclear,31.00242464774737,758882866606444.8,4.820164259283127e-05,2014,11,UNSTABLE_SUBCOMPOSITION
3,S0046,Bioenergy-Nuclear-Wind,30.926024100881968,26949713941584.855,7.692263158511958e-05,2014,12,UNSTABLE_SUBCOMPOSITION
3,S0045,Bioenergy-Nuclear-Solar,30.898761631020495,44395513399579.44,6.948151822220252e-05,2014,13,UNSTABLE_SUBCOMPOSITION
3,S0031,Bioenergy-Coal-Nuclear,30.810877789252388,356848464317977.44,5.750200382753596e-05,2014,14,UNSTABLE_SUBCOMPOSITION
3,S0069,Gas-Nuclear-Other Fossil,30.3907296103582,539389491117134.44,5.133120397145421e-05,2014,15,UNSTABLE_SUBCOMPOSITION
3,S0065,Gas-Hydro-Nuclear,29.967958143305832,501157407407408.3,5.250734224964113e-05,2014,16,UNSTABLE_SUBCOMPOSITION
3,S0059,Coal-Nuclear-Other Fossil,29.94726572625401,449732761216502.06,5.2085942139331496e-05,2014,17,UNSTABLE_SUBCOMPOSITION
3,S0055,Coal-Hydro-Nuclear,29.53539941235749,411500677506776.06,5.329955740457696e-05,2014,18,UNSTABLE_SUBCOMPOSITION
3,S0044,Bioenergy-Nuclear-Other Fossil,28.07417607162433,137355088828667.06,6.157986603823627e-05,2014,19,UNSTABLE_SUBCOMPOSITION
3,S0075,Hydro-Nuclear-Other Fossil,27.62369544079215,192007302017465.6,5.693108730804447e-05,2014,20,UNSTABLE_SUBCOMPOSITION
3,S0040,Bioenergy-Hydro-Nuclear,27.340485255976247,99123005118941.06,6.322097388533886e-05,2014,21,UNSTABLE_SUBCOMPOSITION
3,S0054,Coal-Gas-Wind,14.92951822656261,4516.818181818182,0.01706210100215864,2000,22,UNSTABLE_SUBCOMPOSITION
3,S0074,Gas-Solar-Wind,13.505426855846757,2354.090909090909,0.01841830716545941,2000,23,UNSTABLE_SUBCOMPOSITION
3,S0064,Coal-Solar-Wind,13.202228402456399,2169.909090909091,0.01721272514749793,2000,24,UNSTABLE_SUBCOMPOSITION
3,S0073,Gas-Other Fossil-Wind,13.099467846421161,4012.6363636363635,0.016885822761515783,2000,25,UNSTABLE_SUBCOMPOSITION
3,S0063,Coal-Other Fossil-Wind,12.796551222020096,3828.4545454545455,0.016133186734238907,2000,26,UNSTABLE_SUBCOMPOSITION
3,S0068,Gas-Hydro-Wind,12.165630470228656,3118.9090909090914,0.02084940494066141,2000,27,UNSTABLE_SUBCOMPOSITION
3,S0058,Coal-Hydro-Wind,11.873618998983442,2934.727272727273,0.01994585046921373,2000,28,UNSTABLE_SUBCOMPOSITION
3,S0039,Bioenergy-Gas-Wind,11.561771217219858,2497.4545454545455,0.029833111380737354,2000,29,UNSTABLE_SUBCOMPOSITION
3,S0034,Bioenergy-Coal-Wind,11.214876609511936,2313.2727272727275,0.02818568338156205,2000,30,UNSTABLE_SUBCOMPOSITION
3,S0053,Coal-Gas-Solar,10.352824573573454,1461.9999999999998,0.013115287093275325,2000,31,UNSTABLE_SUBCOMPOSITION
3,S0072,Gas-Other Fossil-Solar,9.8721067402521,1298.8823529411764,0.0173300283793817,2000,32,UNSTABLE_SUBCOMPOSITION
3,S0062,Coal-Other Fossil-Solar,9.678285402980256,1239.2941176470586,0.016338662688969788,2000,33,UNSTABLE_SUBCOMPOSITION
3,S0084,Other Fossil-Solar-Wind,9.235546328895571,1665.7272727272727,0.016022093291879966,2000,34,UNSTABLE_SUBCOMPOSITION
3,S0079,Hydro-Other Fossil-Wind,8.743559684665797,2430.545454545455,0.016573852515364123,2000,35,UNSTABLE_SUBCOMPOSITION
3,S0038,Bioenergy-Gas-Solar,8.741690315344645,808.6764705882351,0.029772481127356646,2000,36,UNSTABLE_SUBCOMPOSITION
3,S0067,Gas-Hydro-Solar,8.646266300759638,1009.7352941176468,0.01935423612893128,2000,37,UNSTABLE_SUBCOMPOSITION
3,S0033,Bioenergy-Coal-Solar,8.50389099476595,749.0882352941175,0.027366772805645295,2000,38,UNSTABLE_SUBCOMPOSITION
3,S0057,Coal-Hydro-Solar,8.463350116643648,950.1470588235292,0.01826670497767729,2000,39,UNSTABLE_SUBCOMPOSITION
3,S0080,Hydro-Solar-Wind,7.28011728312573,772.0,0.028980420387447404,2000,40,UNSTABLE_SUBCOMPOSITION
3,S0048,Bioenergy-Other Fossil-Wind,7.259819549131591,1809.090909090909,0.021053965481498245,2000,41,UNSTABLE_SUBCOMPOSITION
3,S0078,Hydro-Other Fossil-Solar,6.6826233491461045,787.0294117647056,0.020080703836484574,2000,42,UNSTABLE_SUBCOMPOSITION
3,S0043,Bioenergy-Hydro-Wind,6.015062824343382,915.3636363636364,0.034645849017781255,2000,43,UNSTABLE_SUBCOMPOSITION
3,S0047,Bioenergy-Other Fossil-Solar,5.898166481205697,585.970588235294,0.02822108704545568,2000,44,UNSTABLE_SUBCOMPOSITION
3,S0029,Bioenergy-Coal-Gas,4.5697393368585955,35.78490736556711,0.5694335456958478,2012,45,MODERATE_SUBCOMPOSITION
3,S0042,Bioenergy-Hydro-Solar,4.361406693117533,296.82352941176464,0.04512704895473059,2000,46,UNSTABLE_SUBCOMPOSITION
3,S0037,Bioenergy-Gas-Other Fossil,4.100646516717723,30.067329417080884,0.8381994694559292,2020,47,MODERATE_SUBCOMPOSITION
3,S0032,Bioenergy-Coal-Other Fossil,3.863129025128319,27.693512304250557,0.8698867582693665,2003,48,MODERATE_SUBCOMPOSITION
3,S0035,Bioenergy-Gas-Hydro,3.5854783982068956,24.162675101671937,0.6837413513218956,2012,49,MODERATE_SUBCOMPOSITION
3,S0049,Bioenergy-Solar-Wind,3.5379663115447526,150.54545454545453,0.10971465486697346,2000,50,UNSTABLE_SUBCOMPOSITION
3,S0030,Bioenergy-Coal-Hydro,3.3588660597733413,22.506152125279645,0.7486126587144586,2003,51,MODERATE_SUBCOMPOSITION
3,S0066,Gas-Hydro-Other Fossil,1.7468116660859498,20.271829316475703,0.4790580891743023,2020,52,UNSTABLE_SUBCOMPOSITION
3,S0041,Bioenergy-Hydro-Other Fossil,1.589764305456281,17.58907510862818,0.5524867807835352,2000,53,MODERATE_SUBCOMPOSITION
3,S0052,Coal-Gas-Other Fossil,1.5842503569233908,30.620308178585542,0.270906684839813,2020,54,UNSTABLE_SUBCOMPOSITION
3,S0056,Coal-Hydro-Other Fossil,1.5641773109592485,17.538127222441723,0.5399467894950895,2020,55,MODERATE_SUBCOMPOSITION
3,S0050,Coal-Gas-Hydro,1.390906740164118,11.444220090863201,0.8954860179274758,2017,56,MODERATE_SUBCOMPOSITION
4,S0126,Coal-Gas-Nuclear-Wind,46.4442366464363,763597184582957.8,4.557050254398338e-05,2014,1,UNSTABLE_SUBCOMPOSITION
4,S0148,Gas-Nuclear-Solar-Wind,46.222406480512475,451144233664559.8,5.145207074791305e-05,2014,2,UNSTABLE_SUBCOMPOSITION
4,S0138,Coal-Nuclear-Solar-Wind,45.73498704299753,361487503763927.56,5.207844860315748e-05,2014,3,UNSTABLE_SUBCOMPOSITION
4,S0147,Gas-Nuclear-Other Fossil-Wind,43.99195988575158,544103809093647.3,4.768125463626871e-05,2014,4,UNSTABLE_SUBCOMPOSITION
4,S0137,Coal-Nuclear-Other Fossil-Wind,43.504751819978615,454447079193015.2,4.822442167329778e-05,2014,5,UNSTABLE_SUBCOMPOSITION
4,S0125,Coal-Gas-Nuclear-Solar,43.34915937816034,781042984040952.4,4.3125682290695355e-05,2014,6,UNSTABLE_SUBCOMPOSITION
4,S0142,Gas-Hydro-Nuclear-Wind,43.051096542036106,505871725383921.4,4.847720766015912e-05,2014,7,UNSTABLE_SUBCOMPOSITION
4,S0132,Coal-Hydro-Nuclear-Wind,42.57206734113001,416214995483289.1,4.9042431429292806e-05,2014,8,UNSTABLE_SUBCOMPOSITION
4,S0106,Bioenergy-Gas-Nuclear-Wind,42.38332983736375,451219512195122.9,5.1109096758684975e-05,2014,9,UNSTABLE_SUBCOMPOSITION
4,S0146,Gas-Nuclear-Other Fossil-Solar,41.908882027590685,561549608551641.94,4.511960571582796e-05,2014,10,UNSTABLE_SUBCOMPOSITION
4,S0096,Bioenergy-Coal-Nuclear-Wind,41.86313828411062,361562782294490.6,5.1734697154185146e-05,2014,11,UNSTABLE_SUBCOMPOSITION
4,S0154,Nuclear-Other Fossil-Solar-Wind,41.68023651224827,141994128274617.06,5.462264460800346e-05,2014,12,UNSTABLE_SUBCOMPOSITION
4,S0136,Coal-Nuclear-Other Fossil-Solar,41.503495427164644,471892878651009.75,4.560640697114051e-05,2014,13,UNSTABLE_SUBCOMPOSITION
4,S0141,Gas-Hydro-Nuclear-Solar,40.74901638640024,523317524841915.9,4.577238515273182e-05,2014,14,UNSTABLE_SUBCOMPOSITION
4,S0105,Bioenergy-Gas-Nuclear-Solar,40.605712132423264,468665311653117.5,4.812878664613013e-05,2014,15,UNSTABLE_SUBCOMPOSITION
4,S0131,Coal-Hydro-Nuclear-Solar,40.35180865084108,433660794941283.75,4.6277238949067724e-05,2014,16,UNSTABLE_SUBCOMPOSITION
4,S0095,Bioenergy-Coal-Nuclear-Solar,40.167342044517035,379008581752485.2,4.868599359363797e-05,2014,17,UNSTABLE_SUBCOMPOSITION
4,S0152,Hydro-Nuclear-Solar-Wind,39.973179416349765,103762044564891.08,5.56506107869506e-05,2014,18,UNSTABLE_SUBCOMPOSITION
4,S0151,Hydro-Nuclear-Other Fossil-Wind,39.14478387981316,196721619993978.66,5.1363343614277964e-05,2014,19,UNSTABLE_SUBCOMPOSITION
4,S0150,Hydro-Nuclear-Other Fossil-Solar,37.93652459963927,214167419451973.28,4.84619645048365e-05,2014,20,UNSTABLE_SUBCOMPOSITION
4,S0117,Bioenergy-Nuclear-Other Fossil-Wind,37.81710651324675,142069406805180.16,5.424591962501729e-05,2014,21,UNSTABLE_SUBCOMPOSITION
4,S0116,Bioenergy-Nuclear-Other Fossil-Solar,37.13330968376824,159515206263174.75,5.104318586144694e-05,2014,22,UNSTABLE_SUBCOMPOSITION
4,S0118,Bioenergy-Nuclear-Solar-Wind,36.95169392274831,49109831376092.52,5.890375291633053e-05,2014,23,UNSTABLE_SUBCOMPOSITION
4,S0112,Bioenergy-Hydro-Nuclear-Wind,36.64305365808447,103837323095454.16,5.530499922885653e-05,2014,24,UNSTABLE_SUBCOMPOSITION
4,S0086,Bioenergy-Coal-Gas-Nuclear,36.63051053644568,781118262571515.4,4.2512262571149314e-05,2014,25,UNSTABLE_SUBCOMPOSITION
4,S0111,Bioenergy-Hydro-Nuclear-Solar,35.740254531131,121283122553448.75,5.1911947445987094e-05,2014,26,UNSTABLE_SUBCOMPOSITION
4,S0104,Bioenergy-Gas-Nuclear-Other Fossil,35.19895194576139,561624887082205.1,4.44519880649328e-05,2014,27,UNSTABLE_SUBCOMPOSITION
4,S0124,Coal-Gas-Nuclear-Other Fossil,34.84675137798111,874002559470040.0,3.992087175016231e-05,2014,28,UNSTABLE_SUBCOMPOSITION
4,S0094,Bioenergy-Coal-Nuclear-Other Fossil,34.760793229597155,471968157181572.75,4.493350930096199e-05,2014,29,UNSTABLE_SUBCOMPOSITION
4,S0100,Bioenergy-Gas-Hydro-Nuclear,34.572090545307155,523392803372479.1,4.515327163590402e-05,2014,30,UNSTABLE_SUBCOMPOSITION
4,S0120,Coal-Gas-Hydro-Nuclear,34.461258353840556,835770475760314.0,4.049050350778406e-05,2014,31,UNSTABLE_SUBCOMPOSITION
4,S0090,Bioenergy-Coal-Hydro-Nuclear,34.14211069400981,433736073471846.8,4.56531147306974e-05,2014,32,UNSTABLE_SUBCOMPOSITION
4,S0140,Gas-Hydro-Nuclear-Other Fossil,33.6484480727033,616277100271003.6,4.228683474300209e-05,2014,33,UNSTABLE_SUBCOMPOSITION
4,S0130,Coal-Hydro-Nuclear-Other Fossil,33.25145170888608,526620370370371.3,4.272255872563626e-05,2014,34,UNSTABLE_SUBCOMPOSITION
4,S0110,Bioenergy-Hydro-Nuclear-Other Fossil,31.73554540269337,214242697982536.34,4.779949052180343e-05,2014,35,UNSTABLE_SUBCOMPOSITION
4,S0129,Coal-Gas-Solar-Wind,19.49624927191471,4519.909090909091,0.007514960318788771,2000,36,UNSTABLE_SUBCOMPOSITION
4,S0149,Gas-Other Fossil-Solar-Wind,17.14220541428085,4015.727272727272,0.007867125075925926,2000,37,UNSTABLE_SUBCOMPOSITION
4,S0139,Coal-Other Fossil-Solar-Wind,16.842229258632123,3831.545454545455,0.007515788180325665,2000,38,UNSTABLE_SUBCOMPOSITION
4,S0128,Coal-Gas-Other Fossil-Wind,15.903670369472724,6178.454545454546,0.014445355381966372,2000,39,UNSTABLE_SUBCOMPOSITION
4,S0089,Bioenergy-Coal-Gas-Wind,15.853464521307375,4663.272727272727,0.018295487083645097,2000,40,UNSTABLE_SUBCOMPOSITION
4,S0145,Gas-Hydro-Solar-Wind,15.599040341235296,3122.0,0.00991293548212047,2000,41,UNSTABLE_SUBCOMPOSITION
4,S0135,Coal-Hydro-Solar-Wind,15.307243050453458,2937.818181818182,0.009447071013013538,2000,42,UNSTABLE_SUBCOMPOSITION
4,S0123,Coal-Gas-Hydro-Wind,15.134877913477064,5284.727272727272,0.015603808662873912,2000,43,UNSTABLE_SUBCOMPOSITION
4,S0109,Bioenergy-Gas-Solar-Wind,14.005070512483504,2500.5454545454545,0.01583185127067424,2000,44,UNSTABLE_SUBCOMPOSITION
4,S0099,Bioenergy-Coal-Solar-Wind,13.672110869354636,2316.3636363636365,0.014844318423963094,2000,45,UNSTABLE_SUBCOMPOSITION
4,S0108,Bioenergy-Gas-Other Fossil-Wind,13.508139423558875,4159.090909090909,0.0171191507878171,2000,46,UNSTABLE_SUBCOMPOSITION
4,S0144,Gas-Hydro-Other Fossil-Wind,13.408301125275587,4780.545454545454,0.015222378591599566,2000,47,UNSTABLE_SUBCOMPOSITION
4,S0098,Bioenergy-Coal-Other Fossil-Wind,13.175391152171985,3974.9090909090914,0.016288190763115305,2000,48,UNSTABLE_SUBCOMPOSITION
4,S0134,Coal-Hydro-Other Fossil-Wind,13.116715206235718,4596.363636363637,0.014602417705784292,2000,49,UNSTABLE_SUBCOMPOSITION
4,S0103,Bioenergy-Gas-Hydro-Wind,12.497978591249545,3265.3636363636365,0.02145374011375122,2000,50,UNSTABLE_SUBCOMPOSITION
4,S0093,Bioenergy-Coal-Hydro-Wind,12.173409184729538,3081.1818181818185,0.020442640931453628,2000,51,UNSTABLE_SUBCOMPOSITION
4,S0088,Bioenergy-Coal-Gas-Solar,12.06305445770349,1509.3823529411764,0.01625402226284334,2000,52,UNSTABLE_SUBCOMPOSITION
4,S0153,Hydro-Other Fossil-Solar-Wind,11.978192492187453,2433.6363636363635,0.00895599493568407,2000,53,UNSTABLE_SUBCOMPOSITION
4,S0127,Coal-Gas-Other Fossil-Solar,11.807800152648447,1999.5882352941176,0.01361691820809925,2000,54,UNSTABLE_SUBCOMPOSITION
4,S0122,Coal-Gas-Hydro-Solar,10.820005399177822,1710.441176470588,0.013481007700713596,2000,55,UNSTABLE_SUBCOMPOSITION
4,S0107,Bioenergy-Gas-Other Fossil-Solar,10.72972877007006,1346.2647058823527,0.019071333977078924,2000,56,UNSTABLE_SUBCOMPOSITION
4,S0097,Bioenergy-Coal-Other Fossil-Solar,10.478801964030083,1286.6764705882351,0.017754620439946932,2000,57,UNSTABLE_SUBCOMPOSITION
4,S0143,Gas-Hydro-Other Fossil-Solar,10.105428021091425,1547.3235294117644,0.01621936796576907,2000,58,UNSTABLE_SUBCOMPOSITION
4,S0133,Coal-Hydro-Other Fossil-Solar,9.895663567398469,1487.7352941176468,0.015304187803651987,2000,59,UNSTABLE_SUBCOMPOSITION
4,S0119,Bioenergy-Other Fossil-Solar-Wind,9.724312001541605,1812.181818181818,0.013301282764865077,2000,60,UNSTABLE_SUBCOMPOSITION
4,S0102,Bioenergy-Gas-Hydro-Solar,9.50056564028577,1057.1176470588234,0.022564192411671236,2000,61,UNSTABLE_SUBCOMPOSITION
4,S0092,Bioenergy-Coal-Hydro-Solar,9.257817699112676,997.5294117647059,0.02097227328781696,2000,62,UNSTABLE_SUBCOMPOSITION
4,S0114,Bioenergy-Hydro-Other Fossil-Wind,8.853077386348897,2577.0,0.016650357129405918,2000,63,UNSTABLE_SUBCOMPOSITION
4,S0115,Bioenergy-Hydro-Solar-Wind,7.947957417049275,918.4545454545454,0.02096019163896622,2000,64,UNSTABLE_SUBCOMPOSITION
4,S0113,Bioenergy-Hydro-Other Fossil-Solar,6.949485310847107,834.4117647058822,0.020930078387372545,2000,65,UNSTABLE_SUBCOMPOSITION
4,S0087,Bioenergy-Coal-Gas-Other Fossil,5.29416196336051,45.17352010845007,0.7776955760616224,2020,66,MODERATE_SUBCOMPOSITION
4,S0085,Bioenergy-Coal-Gas-Hydro,4.839371450626107,39.26886579304112,0.6235637096055774,2017,67,MODERATE_SUBCOMPOSITION
4,S0101,Bioenergy-Gas-Hydro-Other Fossil,4.133512832425068,33.635009310986966,0.8300626198570101,2012,68,MODERATE_SUBCOMPOSITION
4,S0091,Bioenergy-Coal-Hydro-Other Fossil,3.890976262993946,32.865212527964204,0.8640502306384609,2003,69,MODERATE_SUBCOMPOSITION
4,S0121,Coal-Gas-Hydro-Other Fossil,2.3573047777997655,33.71513235875149,0.3305114482414715,2020,70,UNSTABLE_SUBCOMPOSITION
5,S0198,Coal-Gas-Nuclear-Solar-Wind,53.66587701867237,785757302017465.4,4.206466173277633e-05,2014,1,UNSTABLE_SUBCOMPOSITION
5,S0209,Gas-Nuclear-Other Fossil-Solar-Wind,50.918850752102344,566263926528155.1,4.3568633509037276e-05,2014,2,UNSTABLE_SUBCOMPOSITION
5,S0204,Coal-Nuclear-Other Fossil-Solar-Wind,50.470853349605655,476607196627522.8,4.3961462427979055e-05,2014,3,UNSTABLE_SUBCOMPOSITION
5,S0207,Gas-Hydro-Nuclear-Solar-Wind,49.49193044440904,528031842818429.06,4.4102904167263615e-05,2014,4,UNSTABLE_SUBCOMPOSITION
5,S0197,Coal-Gas-Nuclear-Other Fossil-Wind,49.251032026565426,878716877446553.2,3.9760791419240024e-05,2014,5,UNSTABLE_SUBCOMPOSITION
5,S0202,Coal-Hydro-Nuclear-Solar-Wind,49.05047613380581,438375112917796.8,4.4509527939373435e-05,2014,6,UNSTABLE_SUBCOMPOSITION
5,S0161,Bioenergy-Coal-Gas-Nuclear-Wind,48.846581286843666,785832580548028.6,4.17670490246451e-05,2014,7,UNSTABLE_SUBCOMPOSITION
5,S0192,Coal-Gas-Hydro-Nuclear-Wind,48.443609812512015,840484793736827.1,4.021005124977214e-05,2014,8,UNSTABLE_SUBCOMPOSITION
5,S0183,Bioenergy-Gas-Nuclear-Solar-Wind,48.04485676947501,473379629629630.5,4.5888711288913347e-05,2014,9,UNSTABLE_SUBCOMPOSITION
5,S0173,Bioenergy-Coal-Nuclear-Solar-Wind,47.57047257699417,383722899728998.2,4.6330260339689854e-05,2014,10,UNSTABLE_SUBCOMPOSITION
5,S0196,Coal-Gas-Nuclear-Other Fossil-Solar,46.244290230278736,896162676904547.8,3.825588927168424e-05,2014,11,UNSTABLE_SUBCOMPOSITION
5,S0206,Gas-Hydro-Nuclear-Other Fossil-Wind,46.198557201487915,620991418247516.8,4.160945287542117e-05,2014,12,UNSTABLE_SUBCOMPOSITION
5,S0182,Bioenergy-Gas-Nuclear-Other Fossil-Wind,46.106530028181965,566339205058718.1,4.324782834801174e-05,2014,13,UNSTABLE_SUBCOMPOSITION
5,S0160,Bioenergy-Coal-Gas-Nuclear-Solar,46.08420761313331,803278380006023.0,4.0059398872163506e-05,2014,14,UNSTABLE_SUBCOMPOSITION
5,S0201,Coal-Hydro-Nuclear-Other Fossil-Wind,45.757271988278276,531334688346884.3,4.197326015893116e-05,2014,15,UNSTABLE_SUBCOMPOSITION
5,S0172,Bioenergy-Coal-Nuclear-Other Fossil-Wind,45.632314933094676,476682475158085.94,4.364158725518166e-05,2014,16,UNSTABLE_SUBCOMPOSITION
5,S0210,Hydro-Nuclear-Other Fossil-Solar-Wind,45.52344450673009,218881737428486.38,4.611424469136777e-05,2014,17,UNSTABLE_SUBCOMPOSITION
5,S0191,Coal-Gas-Hydro-Nuclear-Solar,45.261666178245335,857930593194821.8,3.8629191923257505e-05,2014,18,UNSTABLE_SUBCOMPOSITION
5,S0177,Bioenergy-Gas-Hydro-Nuclear-Wind,45.1060131130776,528107121348992.1,4.380105008693611e-05,2014,19,UNSTABLE_SUBCOMPOSITION
5,S0167,Bioenergy-Coal-Hydro-Nuclear-Wind,44.63834110988384,438450391448359.9,4.420841406672652e-05,2014,20,UNSTABLE_SUBCOMPOSITION
5,S0181,Bioenergy-Gas-Nuclear-Other Fossil-Solar,44.15375588256365,583785004516712.8,4.1486043110908956e-05,2014,21,UNSTABLE_SUBCOMPOSITION
5,S0205,Gas-Hydro-Nuclear-Other Fossil-Solar,43.826213095313314,638437217705511.2,3.997987461798745e-05,2014,22,UNSTABLE_SUBCOMPOSITION
5,S0171,Bioenergy-Coal-Nuclear-Other Fossil-Solar,43.74499795975391,494128274616080.4,4.1846475635746126e-05,2014,23,UNSTABLE_SUBCOMPOSITION
5,S0189,Bioenergy-Nuclear-Other Fossil-Solar-Wind,43.54844230228083,164229524239687.8,4.803344279881121e-05,2014,24,UNSTABLE_SUBCOMPOSITION
5,S0200,Coal-Hydro-Nuclear-Other Fossil-Solar,43.450385054381236,548780487804878.9,4.031332326182334e-05,2014,25,UNSTABLE_SUBCOMPOSITION
5,S0176,Bioenergy-Gas-Hydro-Nuclear-Solar,42.978037129479326,545552920806986.7,4.1950519906480934e-05,2014,26,UNSTABLE_SUBCOMPOSITION
5,S0166,Bioenergy-Coal-Hydro-Nuclear-Solar,42.5758222985631,455896190906354.5,4.2322453366819054e-05,2014,27,UNSTABLE_SUBCOMPOSITION
5,S0187,Bioenergy-Hydro-Nuclear-Solar-Wind,41.934970385430084,125997440529961.8,4.871652100440738e-05,2014,28,UNSTABLE_SUBCOMPOSITION
5,S0186,Bioenergy-Hydro-Nuclear-Other Fossil-Wind,41.11828449071645,218957015959049.44,4.579603815594297e-05,2014,29,UNSTABLE_SUBCOMPOSITION
5,S0185,Bioenergy-Hydro-Nuclear-Other Fossil-Solar,39.865365207487734,236402815417044.06,4.384942865199446e-05,2014,30,UNSTABLE_SUBCOMPOSITION
5,S0159,Bioenergy-Coal-Gas-Nuclear-Other Fossil,39.128311747505556,896237955435110.9,3.76914059869095e-05,2014,31,UNSTABLE_SUBCOMPOSITION
5,S0155,Bioenergy-Coal-Gas-Hydro-Nuclear,38.57209108806113,858005871725384.8,3.810322415392196e-05,2014,32,UNSTABLE_SUBCOMPOSITION
5,S0175,Bioenergy-Gas-Hydro-Nuclear-Other Fossil,37.14361301303741,638512496236074.4,3.9420671221675855e-05,2014,33,UNSTABLE_SUBCOMPOSITION
5,S0190,Coal-Gas-Hydro-Nuclear-Other Fossil,36.95072381098956,950890168623909.2,3.633231826073888e-05,2014,34,UNSTABLE_SUBCOMPOSITION
5,S0165,Bioenergy-Coal-Hydro-Nuclear-Other Fossil,36.74156727951476,548855766335442.06,3.97517183454132e-05,2014,35,UNSTABLE_SUBCOMPOSITION
5,S0199,Coal-Gas-Other Fossil-Solar-Wind,21.651241191186365,6181.545454545454,0.005475698227038743,2000,36,UNSTABLE_SUBCOMPOSITION
5,S0195,Coal-Gas-Hydro-Solar-Wind,20.36197759366889,5287.818181818182,0.006123709593117294,2000,37,UNSTABLE_SUBCOMPOSITION
5,S0164,Bioenergy-Coal-Gas-Solar-Wind,20.023986568736987,4666.363636363637,0.00783485510103712,2000,38,UNSTABLE_SUBCOMPOSITION
5,S0208,Gas-Hydro-Other Fossil-Solar-Wind,18.195511305085496,4783.636363636363,0.006263954260704467,2000,39,UNSTABLE_SUBCOMPOSITION
5,S0203,Coal-Hydro-Other Fossil-Solar-Wind,17.904011619975257,4599.454545454546,0.006024530417060016,2000,40,UNSTABLE_SUBCOMPOSITION
5,S0184,Bioenergy-Gas-Other Fossil-Solar-Wind,17.36252163251597,4162.181818181818,0.007845296161435299,2000,41,UNSTABLE_SUBCOMPOSITION
5,S0174,Bioenergy-Coal-Other Fossil-Solar-Wind,17.03809206552812,3977.9999999999995,0.0074844785216437925,2000,42,UNSTABLE_SUBCOMPOSITION
5,S0163,Bioenergy-Coal-Gas-Other Fossil-Wind,16.99595398129906,6324.909090909091,0.01462422032231608,2000,43,UNSTABLE_SUBCOMPOSITION
5,S0158,Bioenergy-Coal-Gas-Hydro-Wind,16.13309377637057,5431.181818181818,0.0162527972303796,2000,44,UNSTABLE_SUBCOMPOSITION
5,S0194,Coal-Gas-Hydro-Other Fossil-Wind,15.978898504602897,6946.363636363635,0.013962180258930574,2000,45,UNSTABLE_SUBCOMPOSITION
5,S0180,Bioenergy-Gas-Hydro-Solar-Wind,15.880163333947573,3268.454545454546,0.009806525831068691,2000,46,UNSTABLE_SUBCOMPOSITION
5,S0170,Bioenergy-Coal-Hydro-Solar-Wind,15.56227685885322,3084.2727272727275,0.009332131567620515,2000,47,UNSTABLE_SUBCOMPOSITION
5,S0179,Bioenergy-Gas-Hydro-Other Fossil-Wind,13.973602495695461,4927.0,0.015251138114611141,2000,48,UNSTABLE_SUBCOMPOSITION
5,S0169,Bioenergy-Coal-Hydro-Other Fossil-Wind,13.655885117994687,4742.818181818183,0.014580336393097993,2000,49,UNSTABLE_SUBCOMPOSITION
5,S0162,Bioenergy-Coal-Gas-Other Fossil-Solar,13.432945948750021,2046.9705882352935,0.014754569087791419,2000,50,UNSTABLE_SUBCOMPOSITION
5,S0157,Bioenergy-Coal-Gas-Hydro-Solar,12.394883905841564,1757.8235294117642,0.015403851153839111,2000,51,UNSTABLE_SUBCOMPOSITION
5,S0188,Bioenergy-Hydro-Other Fossil-Solar-Wind,12.120806562126491,2580.090909090909,0.00861082277041267,2000,52,UNSTABLE_SUBCOMPOSITION
5,S0193,Coal-Gas-Hydro-Other Fossil-Solar,11.99632051149758,2248.0294117647054,0.013793760434420535,2000,53,UNSTABLE_SUBCOMPOSITION
5,S0178,Bioenergy-Gas-Hydro-Other Fossil-Solar,11.044992153258512,1594.705882352941,0.017120442952145095,2000,54,UNSTABLE_SUBCOMPOSITION
5,S0168,Bioenergy-Coal-Hydro-Other Fossil-Solar,10.792731947835279,1535.1176470588232,0.01601840869929284,2000,55,UNSTABLE_SUBCOMPOSITION
5,S0156,Bioenergy-Coal-Gas-Hydro-Other Fossil,5.470753943254772,48.65747853592409,0.7870912836151952,2020,56,MODERATE_SUBCOMPOSITION
6,S0236,Coal-Gas-Nuclear-Other Fossil-Solar-Wind,56.70878011841894,900876994881060.9,3.822847776455658e-05,2014,1,UNSTABLE_SUBCOMPOSITION
6,S0234,Coal-Gas-Hydro-Nuclear-Solar-Wind,55.474070246106976,862644911171334.9,3.856341513348682e-05,2014,2,UNSTABLE_SUBCOMPOSITION
6,S0219,Bioenergy-Coal-Gas-Nuclear-Solar-Wind,55.04916288205323,807992697982536.2,3.9757367116113075e-05,2014,3,UNSTABLE_SUBCOMPOSITION
6,S0238,Gas-Hydro-Nuclear-Other Fossil-Solar-Wind,52.94885568856838,643151535682024.4,3.966518134313498e-05,2014,4,UNSTABLE_SUBCOMPOSITION
6,S0237,Coal-Hydro-Nuclear-Other Fossil-Solar-Wind,52.53259221932841,553494805781392.06,3.995614174540504e-05,2014,5,UNSTABLE_SUBCOMPOSITION
6,S0230,Bioenergy-Gas-Nuclear-Other Fossil-Solar-Wind,52.111449451483296,588499322493225.9,4.090897343668659e-05,2014,6,UNSTABLE_SUBCOMPOSITION
6,S0225,Bioenergy-Coal-Nuclear-Other Fossil-Solar-Wind,51.66774441401197,498842592592593.5,4.122030223393818e-05,2014,7,UNSTABLE_SUBCOMPOSITION
6,S0218,Bioenergy-Coal-Gas-Nuclear-Other Fossil-Wind,51.241817500727166,900952273411624.0,3.793594556507831e-05,2014,8,UNSTABLE_SUBCOMPOSITION
6,S0228,Bioenergy-Gas-Hydro-Nuclear-Solar-Wind,50.71582732829553,550267238783499.75,4.131937446595646e-05,2014,9,UNSTABLE_SUBCOMPOSITION
6,S0233,Coal-Gas-Hydro-Nuclear-Other Fossil-Wind,50.53751944675752,955604486600422.2,3.681767131639117e-05,2014,10,UNSTABLE_SUBCOMPOSITION
6,S0213,Bioenergy-Coal-Gas-Hydro-Nuclear-Wind,50.362443788906006,862720189701897.9,3.828716130057696e-05,2014,11,UNSTABLE_SUBCOMPOSITION
6,S0223,Bioenergy-Coal-Hydro-Nuclear-Solar-Wind,50.27757486740215,460610508882867.56,4.1640551884865676e-05,2014,12,UNSTABLE_SUBCOMPOSITION
6,S0217,Bioenergy-Coal-Gas-Nuclear-Other Fossil-Solar,48.49760612124692,918398072869618.5,3.677806958849281e-05,2014,13,UNSTABLE_SUBCOMPOSITION
6,S0227,Bioenergy-Gas-Hydro-Nuclear-Other Fossil-Wind,47.84304173795768,643226814212587.5,3.937337245591197e-05,2014,14,UNSTABLE_SUBCOMPOSITION
6,S0212,Bioenergy-Coal-Gas-Hydro-Nuclear-Solar,47.47223087777578,880165989159892.2,3.707443742775175e-05,2014,15,UNSTABLE_SUBCOMPOSITION
6,S0232,Coal-Gas-Hydro-Nuclear-Other Fossil-Solar,47.44366643348037,973050286058416.9,3.573534752313109e-05,2014,16,UNSTABLE_SUBCOMPOSITION
6,S0222,Bioenergy-Coal-Hydro-Nuclear-Other Fossil-Wind,47.40493019155891,553570084311955.2,3.966587490556789e-05,2014,17,UNSTABLE_SUBCOMPOSITION
6,S0231,Bioenergy-Hydro-Nuclear-Other Fossil-Solar-Wind,46.6898569697441,241117133393557.1,4.285104185440209e-05,2014,18,UNSTABLE_SUBCOMPOSITION
6,S0226,Bioenergy-Gas-Hydro-Nuclear-Other Fossil-Solar,45.62749510023749,660672613670582.2,3.813529485295562e-05,2014,19,UNSTABLE_SUBCOMPOSITION
6,S0221,Bioenergy-Coal-Hydro-Nuclear-Other Fossil-Solar,45.24393119740333,571015883769949.8,3.840679844499308e-05,2014,20,UNSTABLE_SUBCOMPOSITION
6,S0211,Bioenergy-Coal-Gas-Hydro-Nuclear-Other Fossil,40.41813768382566,973125564588980.1,3.522989420553447e-05,2014,21,UNSTABLE_SUBCOMPOSITION
6,S0220,Bioenergy-Coal-Gas-Other Fossil-Solar-Wind,22.18848778917011,6327.999999999999,0.005680501766900207,2000,22,UNSTABLE_SUBCOMPOSITION
6,S0235,Coal-Gas-Hydro-Other Fossil-Solar-Wind,22.10165848458677,6949.454545454546,0.004944581353969592,2000,23,UNSTABLE_SUBCOMPOSITION
6,S0216,Bioenergy-Coal-Gas-Hydro-Solar-Wind,20.90757959112892,5434.272727272727,0.006419591634013068,2000,24,UNSTABLE_SUBCOMPOSITION
6,S0229,Bioenergy-Gas-Hydro-Other Fossil-Solar-Wind,18.45366614221448,4930.090909090909,0.0063741099099688244,2000,25,UNSTABLE_SUBCOMPOSITION
6,S0224,Bioenergy-Coal-Hydro-Other Fossil-Solar-Wind,18.14037586923188,4745.909090909091,0.0061192818908206515,2000,26,UNSTABLE_SUBCOMPOSITION
6,S0215,Bioenergy-Coal-Gas-Hydro-Other Fossil-Wind,17.126705795670297,7092.818181818182,0.013860909057207256,2000,27,UNSTABLE_SUBCOMPOSITION
6,S0214,Bioenergy-Coal-Gas-Hydro-Other Fossil-Solar,13.569297585507861,2295.411764705882,0.014348394418393145,2000,28,UNSTABLE_SUBCOMPOSITION
